class,E1,E2
1008.a,21.a,48.a
1050.a,15.a,70.a
1083.a,19.a,57.a
1083.b,19.a,57.b
1088.b,32.a,34.a
1104.b,24.a,46.a
1122.a,17.a,66.b
1125.a,15.a,75.c
1152.a,24.a,48.a
1170.a,30.a,39.a
1176.a,21.a,56.a
1176.b,14.a,84.b
1200.a,15.a,80.a
1210.a,11.a,110.b
1300.a,20.a,65.a
1320.a,24.a,55.a
1331.a,11.a,121.b
1344.a,21.a,64.a
1344.b,24.a,56.a
1350.a,15.a,90.b
1350.b,15.a,90.a
1350.c,30.a,45.a
1369.a,37.a,37.b
1386.a,21.a,66.b
1440.a,30.a,48.a
1444.a,38.a,38.b
1444.b,19.a,76.a
1460.a,20.a,73.a
1470.a,21.a,70.a
1536.b,24.a,64.a
1536.c,32.a,48.a
1560.a,39.a,40.a
1564.a,34.a,46.a
1568.a,14.a,112.b
1568.b,14.a,112.a
1573.a,11.a,143.a
1584.a,24.a,66.b
1600.a,20.a,80.a
1600.b,20.a,80.b
1632.a,34.a,48.a
1650.a,30.a,55.a
1680.a,24.a,70.a
1680.c,30.a,56.a
1728.b,36.a,48.a
1734.a,17.a,102.a
1734.b,17.a,102.c
1780.a,20.a,89.b
1800.a,15.a,120.a
1872.a,39.a,48.a
1920.a,40.a,48.a
1936.a,11.a,176.a
1936.b,11.a,176.c
1950.a,15.a,130.b
196.a,14.a,14.a
1988.a,14.a,142.b
2016.a,24.a,84.a
2016.b,24.a,84.b
2028.a,26.a,78.a
2058.a,42.a,49.a
2080.a,32.a,65.a
2156.a,14.a,154.b
2156.b,14.a,154.a
2156.c,14.a,154.c
2166.a,38.b,57.b
2166.b,19.a,114.c
2176.a,34.a,64.a
2178.a,33.a,66.b
2178.b,33.a,66.a
2208.a,46.a,48.a
2250.a,15.a,150.c
2280.a,40.a,57.c
2299.b,11.a,209.a
2304.b,48.a,48.a
2304.c,24.a,96.b
2304.d,24.a,96.a
2312.b,17.a,136.a
2312.c,17.a,136.b
2352.a,21.a,112.b
2352.b,42.a,56.b
2380.a,34.a,70.a
2400.a,20.a,120.b
2430.b,27.a,90.c
2484.a,36.a,69.a
2500.a,50.a,50.b
2520.a,15.a,168.a
2520.c,15.a,168.b
2548.a,14.a,182.b
2592.b,36.a,72.a
2601.b,17.a,153.d
2604.a,42.a,62.a
2610.a,15.a,174.c
2624.a,32.a,82.a
2640.a,48.a,55.a
2646.b,21.a,126.b
2646.c,14.a,189.c
2688.a,24.a,112.b
2700.a,30.a,90.b
2700.b,30.a,90.a
2704.b,26.b,104.a
2720.b,20.a,136.a
2720.c,17.a,160.b
2720.d,17.a,160.a
2730.a,39.a,70.a
2730.b,21.a,130.b
2772.a,42.a,66.b
2800.a,20.a,140.b
2808.a,39.a,72.a
2808.b,24.a,117.a
2842.a,14.a,203.c
2880.a,30.a,96.a
2880.b,30.a,96.b
2880.c,24.a,120.a
2880.d,15.a,192.c
2880.e,15.a,192.a
2888.a,19.a,152.a
2890.a,17.a,170.b
2890.b,34.a,85.a
2898.a,21.a,138.b
2900.a,20.a,145.a
2916.a,54.a,54.b
2916.b,27.a,108.a
294.a,14.a,21.a
2940.a,14.a,210.b
2940.b,42.a,70.a
3024.a,36.a,84.a
3024.b,36.a,84.b
3072.a,32.a,96.a
3072.b,32.a,96.b
3120.b,39.a,80.a
3136.b,14.a,224.b
3136.c,14.a,224.a
3136.d,56.a,56.b
3150.a,15.a,210.c
3150.b,15.a,210.a
3168.a,48.a,66.b
3174.a,46.a,69.a
3200.d,40.a,80.b
3200.e,20.a,160.b
3200.f,20.a,160.a
3240.a,36.a,90.a
3312.a,24.a,138.c
3312.b,24.a,138.b
336.a,14.a,24.a
3360.a,48.a,70.a
3360.b,30.a,112.b
3364.a,58.a,58.b
3388.a,11.a,308.a
3388.b,44.a,77.a
3456.c,36.a,96.b
3456.d,24.a,144.a
3456.e,36.a,96.a
3468.a,34.a,102.a
3468.b,34.a,102.b
3528.c,42.a,84.a
3528.d,42.a,84.b
3564.a,36.a,99.a
3570.a,17.a,210.a
3584.b,32.a,112.a
3584.c,32.a,112.c
360.a,15.a,24.a
3600.a,15.a,240.a
3600.b,30.a,120.a
3626.a,14.a,259.a
363.a,11.a,33.a
3630.a,55.a,66.b
3645.a,27.a,135.a
3750.a,50.b,75.a
3840.b,48.a,80.a
3872.b,44.a,88.a
3920.c,56.b,70.a
3960.a,15.a,264.b
400.a,20.a,20.a
4000.a,20.a,200.b
4032.a,24.a,168.a
4046.a,17.a,238.e
4046.b,17.a,238.c
4080.a,40.a,102.c
4096.a,32.a,128.a
4096.c,32.a,128.c
4096.d,32.a,128.d
4096.f,32.a,128.b
4116.a,49.a,84.a
4116.b,14.a,294.c
4116.c,49.a,84.b
4158.a,21.a,198.d
4200.a,40.a,105.a
4332.a,19.a,228.a
4332.b,57.a,76.a
4340.a,14.a,310.b
4352.c,32.a,136.a
4356.a,66.a,66.b
4400.a,20.a,220.b
4400.b,20.a,220.a
448.a,14.a,32.a
450.a,15.a,30.a
4500.a,30.a,150.c
4560.a,57.c,80.a
4608.a,24.a,192.d
4608.b,24.a,192.b
4624.a,17.a,272.c
4624.c,34.a,136.b
4624.e,17.a,272.a
4650.a,15.a,310.a
4704.a,21.a,224.b
4704.b,21.a,224.a
4704.c,42.a,112.a
4752.c,24.a,198.d
476.a,14.a,34.a
484.a,11.a,44.a
4900.a,35.a,140.a
4950.a,15.a,330.e
4961.a,11.a,451.a
4998.a,21.a,238.b
504.a,21.a,24.a
5040.a,24.a,210.a
5040.b,15.a,336.c
5040.c,24.a,210.c
5040.d,15.a,336.e
5200.a,65.a,80.b
5280.c,55.a,96.b
5280.d,55.a,96.a
5304.a,17.a,312.f
5324.a,44.a,121.b
5376.c,48.a,112.b
5382.a,39.a,138.c
5390.a,14.a,385.a
5390.b,14.a,385.b
5390.c,70.a,77.c
5408.a,26.b,208.b
5472.b,24.a,228.b
5476.a,37.b,148.a
5476.b,37.a,148.a
5544.a,33.a,168.b
5547.b,43.a,129.a
5547.c,43.a,129.b
5572.b,14.a,398.a
5616.a,24.a,234.a
5616.b,48.a,117.a
5616.c,39.a,144.b
5618.a,53.a,106.a
5687.a,11.a,517.a
576.b,24.a,24.a
5760.a,24.a,240.a
5776.a,19.a,304.e
5776.b,19.a,304.a
5776.c,38.a,152.b
5776.d,38.b,152.b
578.a,17.a,34.a
5780.a,34.a,170.c
5780.b,34.a,170.b
5832.a,27.a,216.a
5840.a,73.a,80.b
588.a,14.a,42.a
5922.a,42.a,141.c
600.a,20.a,30.a
600.b,15.a,40.a
6000.a,20.a,300.a
6048.a,36.a,168.a
6052.a,34.a,178.a
6075.b,15.a,405.f
6075.d,45.a,135.a
6084.a,39.a,156.a
6125.a,35.a,175.a
6174.a,21.a,294.c
6272.a,14.a,448.d
6272.b,14.a,448.e
6272.c,56.a,112.a
630.a,15.a,42.a
6336.b,33.a,192.a
6336.c,33.a,192.c
6348.b,46.a,138.a
6358.a,34.a,187.a
640.a,20.a,32.a
6400.b,20.a,320.f
6400.c,20.a,320.d
6400.d,20.a,320.a
6400.e,20.a,320.c
6400.h,80.a,80.b
6400.i,80.b,80.b
6400.j,40.a,160.a
6400.k,40.a,160.b
644.a,14.a,46.a
6498.a,57.c,114.a
6498.b,57.c,114.c
6534.a,66.b,99.a
6534.b,66.a,99.a
6624.a,48.a,138.c
6624.b,48.a,138.b
672.a,14.a,48.a
6728.b,58.a,116.b
676.a,26.a,26.b
676.b,26.a,26.a
6768.b,24.a,282.a
6786.a,39.a,174.c
6845.a,37.a,185.b
6845.c,37.b,185.a
686.a,14.a,49.a
6860.b,14.a,490.f
6912.a,36.a,192.d
6912.c,36.a,192.b
6912.e,48.a,144.a
6912.f,24.a,288.a
7120.a,80.b,89.b
7168.a,32.a,224.b
7168.c,32.a,224.a
720.a,15.a,48.a
720.b,24.a,30.a
7200.a,15.a,480.e
7200.b,15.a,480.b
7200.c,30.a,240.a
7220.a,38.b,190.a
7220.b,38.a,190.c
7232.b,32.a,226.a
726.a,11.a,66.c
7396.a,43.a,172.a
7436.a,26.a,286.c
7436.b,26.b,286.b
7436.c,26.a,286.b
7440.e,24.a,310.b
7442.a,61.a,122.a
7488.b,24.a,312.e
7488.e,24.a,312.d
7497.a,21.a,357.d
7514.a,17.a,442.d
7546.a,49.a,154.b
7590.a,55.a,138.c
7600.a,20.a,380.a
7616.b,32.a,238.c
7650.a,15.a,510.d
7650.b,15.a,510.g
7668.a,36.a,213.a
7680.d,40.a,192.a
7680.e,40.a,192.c
7803.a,51.a,153.a
7803.b,17.a,459.h
7830.a,45.a,174.c
7830.b,15.a,522.i
784.a,14.a,56.a
784.b,14.a,56.b
7840.b,70.a,112.a
7920.a,15.a,528.b
7920.b,66.b,120.b
7942.a,38.a,209.a
7952.a,56.b,142.b
800.a,20.a,40.a
8000.a,40.a,200.b
8019.a,27.a,297.d
8036.a,14.a,574.c
8036.b,14.a,574.j
810.a,27.a,30.a
8112.a,52.a,156.a
816.b,24.a,34.a
8192.c,64.a,128.a
8192.d,64.a,128.c
8281.a,91.a,91.b
8303.a,19.a,437.b
8370.b,15.a,558.c
8372.a,14.a,598.b
8400.a,80.a,105.a
8400.b,40.a,210.a
8424.a,36.a,234.a
8450.b,65.a,130.b
8450.c,65.a,130.a
847.a,11.a,77.a
847.b,11.a,77.c
847.d,11.a,77.b
8470.a,55.a,154.b
8550.a,15.a,570.c
8550.b,15.a,570.m
8550.c,30.a,285.b
8575.b,35.a,245.a
8580.a,66.b,130.b
864.a,24.a,36.a
8640.a,90.b,96.a
8640.b,90.b,96.b
8664.a,57.a,152.a
8664.b,19.a,456.a
8664.c,38.b,228.b
8670.a,85.a,102.a
8670.b,85.a,102.b
8704.b,32.a,272.a
8730.a,15.a,582.d
8742.a,62.a,141.c
8788.a,26.a,338.d
8788.b,26.b,338.d
880.a,20.a,44.a
8800.a,40.a,220.b
8800.c,20.a,440.a
882.a,21.a,42.a
8850.a,15.a,590.c
8880.a,24.a,370.b
8960.a,14.a,640.b
8960.b,14.a,640.h
930.a,15.a,62.a
936.a,24.a,39.a
960.a,24.a,40.a
968.a,11.a,88.a
980.a,14.a,70.a
990.a,15.a,66.b
