type,start,endpoint,delta_bits,delta_frac
C1,15.a,2.2.5.1-45.1-a1,0.0000,0.0000
C3,15.a,2.2.5.1-45.1-a,6.0000,0.0000
C1,75.b,2.2.5.1-45.1-a1,0.0000,0.0000
C3,75.b,2.2.5.1-45.1-a,6.0000,0.0000
C1,100.a,2.2.5.1-80.1-a1,0.0000,0.0000
C3,100.a,2.2.5.1-80.1-a,6.0000,0.0000
C1,20.a,2.2.5.1-80.1-a1,0.0000,0.0000
C3,20.a,2.2.5.1-80.1-a,6.0000,0.0000
C1,50.a,2.2.5.1-100.1-b1,0.0000,0.0000
C3,50.a,2.2.5.1-100.1-b,6.0000,0.0000
C1,50.b,2.2.5.1-100.1-b1,0.0000,0.0000
C3,50.b,2.2.5.1-100.1-b,6.0000,0.0000
C1,11.a,2.2.5.1-121.1-a1,0.0000,0.0000
C3,11.a,2.2.5.1-121.1-a,7.7957,0.0000
C1,275.b,2.2.5.1-121.1-a1,0.0000,0.0000
C3,275.b,2.2.5.1-121.1-a,7.7957,0.0000
C1,150.b,2.2.5.1-180.1-a1,0.0000,0.0000
C3,150.b,2.2.5.1-180.1-a,12.0000,0.0000
C1,30.a,2.2.5.1-180.1-a1,0.0000,0.0000
C3,30.a,2.2.5.1-180.1-a,12.0000,0.0000
C1,14.a,2.2.5.1-196.1-a1,0.0000,0.0000
C3,14.a,2.2.5.1-196.1-a,12.0000,0.0000
C1,350.f,2.2.5.1-196.1-a1,0.0000,0.0000
C3,350.f,2.2.5.1-196.1-a,12.0000,0.0000
C1,75.a,2.2.5.1-225.1-c1,0.0000,0.0000
C3,75.a,2.2.5.1-225.1-c,6.0000,0.0000
C1,75.c,2.2.5.1-225.1-c1,0.0000,0.0000
C3,75.c,2.2.5.1-225.1-c,6.0000,0.0000
C1,175.b,2.2.5.1-245.1-a1,0.0000,0.0000
C3,175.b,2.2.5.1-245.1-a,6.0000,0.0000
C1,35.a,2.2.5.1-245.1-a1,0.0000,0.0000
C3,35.a,2.2.5.1-245.1-a,6.0000,0.0000
C1,17.a,2.2.5.1-289.1-a1,0.0000,0.0000
C3,17.a,2.2.5.1-289.1-a,0.0000,0.0000
C1,425.d,2.2.5.1-289.1-a1,0.0000,0.0000
C3,425.d,2.2.5.1-289.1-a,0.0000,0.0000
C1,200.c,2.2.5.1-320.1-a1,0.0000,0.0000
C3,200.c,2.2.5.1-320.1-a,6.0000,0.0000
C1,40.a,2.2.5.1-320.1-a1,0.0000,0.0000
C3,40.a,2.2.5.1-320.1-a,6.0000,0.0000
C1,19.a,2.2.5.1-361.1-a1,0.0000,0.0000
C3,19.a,2.2.5.1-361.1-a,7.8056,0.0000
C1,475.b,2.2.5.1-361.1-a1,0.0000,0.0000
C3,475.b,2.2.5.1-361.1-a,7.8056,0.0000
C1,45.a,2.2.5.1-405.1-a1,0.0000,0.0000
C3,45.a,2.2.5.1-405.1-a,6.0000,0.0000
C1,225.b,2.2.5.1-405.1-a1,0.0000,0.0000
C3,225.b,2.2.5.1-405.1-a,6.0000,0.0000
C1,21.a,2.2.5.1-441.1-d1,0.0000,0.0000
C3,21.a,2.2.5.1-441.1-d,12.0000,0.0000
C1,525.d,2.2.5.1-441.1-d1,0.0000,0.0000
C3,525.d,2.2.5.1-441.1-d,12.0000,0.0000
C1,600.h,2.2.5.1-576.1-e1,0.0000,0.0000
C3,600.h,2.2.5.1-576.1-e,12.0000,0.0000
C1,24.a,2.2.5.1-576.1-e1,0.0000,0.0000
C3,24.a,2.2.5.1-576.1-e,12.0000,0.0000
C1,275.a,2.2.5.1-605.1-c1,0.0000,0.0000
C3,275.a,2.2.5.1-605.1-c,6.4915,0.0000
C1,55.a,2.2.5.1-605.1-c1,0.0000,0.0000
C3,55.a,2.2.5.1-605.1-c,6.4915,0.0000
C1,650.g,2.2.5.1-676.1-a1,0.0000,0.0000
C3,650.g,2.2.5.1-676.1-a,6.0000,0.0000
C1,26.b,2.2.5.1-676.1-a1,0.0000,0.0000
C3,26.b,2.2.5.1-676.1-a,6.0000,0.0000
C1,26.a,2.2.5.1-676.1-d1,0.0000,0.0000
C3,26.a,2.2.5.1-676.1-d,6.0000,0.0000
C1,650.j,2.2.5.1-676.1-d1,0.0000,0.0000
C3,650.j,2.2.5.1-676.1-d,6.0000,0.0000
C1,675.e,2.2.5.1-729.1-b1,0.0000,0.0000
C3,675.e,2.2.5.1-729.1-b,6.0000,0.0000
C1,27.a,2.2.5.1-729.1-b1,0.0000,0.0000
C3,27.a,2.2.5.1-729.1-b,6.0000,0.0000
C1,65.a,2.2.5.1-845.1-a1,0.0000,0.0000
C3,65.a,2.2.5.1-845.1-a,0.0000,0.0000
C1,325.d,2.2.5.1-845.1-a1,0.0000,0.0000
C3,325.d,2.2.5.1-845.1-a,0.0000,0.0000
C1,150.a,2.2.5.1-900.1-a1,0.0000,0.0000
C3,150.a,2.2.5.1-900.1-a,12.0000,0.0000
C1,150.c,2.2.5.1-900.1-a1,0.0000,0.0000
C3,150.c,2.2.5.1-900.1-a,12.0000,0.0000
C1,64.a,2.2.8.1-32.1-a1,0.0000,0.0000
C3,64.a,2.2.8.1-32.1-a,0.0000,0.0000
C1,32.a,2.2.8.1-32.1-a1,0.0000,0.0000
C3,32.a,2.2.8.1-32.1-a,0.0000,0.0000
C1,192.d,2.2.8.1-72.1-a1,0.0000,0.0000
C3,192.d,2.2.8.1-72.1-a,6.0000,0.0000
C1,24.a,2.2.8.1-72.1-a1,0.0000,0.0000
C3,24.a,2.2.8.1-72.1-a,6.0000,0.0000
C1,14.a,2.2.8.1-98.1-a1,0.0000,0.0000
C3,14.a,2.2.8.1-98.1-a,5.8258,0.0000
C1,448.g,2.2.8.1-98.1-a1,0.0000,0.0000
C3,448.g,2.2.8.1-98.1-a,5.8258,0.0000
C1,320.f,2.2.8.1-100.1-a1,0.0000,0.0000
C3,320.f,2.2.8.1-100.1-a,6.0000,0.0000
C1,20.a,2.2.8.1-100.1-a1,0.0000,0.0000
C3,20.a,2.2.8.1-100.1-a,6.0000,0.0000
C1,11.a,2.2.8.1-121.1-a1,0.0000,0.0000
C3,11.a,2.2.8.1-121.1-a,0.0000,0.0000
C1,704.h,2.2.8.1-121.1-a1,0.0000,0.0000
C3,704.h,2.2.8.1-121.1-a,0.0000,0.0000
C1,192.b,2.2.8.1-144.1-b1,0.0000,0.0000
C3,192.b,2.2.8.1-144.1-b,6.0000,0.0000
C1,48.a,2.2.8.1-144.1-b1,0.0000,0.0000
C3,48.a,2.2.8.1-144.1-b,6.0000,0.0000
C1,320.c,2.2.8.1-200.1-a1,0.0000,0.0000
C3,320.c,2.2.8.1-200.1-a,6.0000,0.0000
C1,40.a,2.2.8.1-200.1-a1,0.0000,0.0000
C3,40.a,2.2.8.1-200.1-a,6.0000,0.0000
C1,15.a,2.2.8.1-225.1-b1,0.0000,0.0000
C3,15.a,2.2.8.1-225.1-b,12.0000,0.0000
C1,960.l,2.2.8.1-225.1-b1,0.0000,0.0000
C1,128.b,2.2.8.1-256.1-b1,0.0000,0.0000
C3,128.b,2.2.8.1-256.1-b,0.0000,0.0000
C1,128.c,2.2.8.1-256.1-b1,0.0000,0.0000
C3,128.c,2.2.8.1-256.1-b,0.0000,0.0000
C1,128.a,2.2.8.1-256.1-d1,0.0000,0.0000
C3,128.a,2.2.8.1-256.1-d,0.0000,0.0000
C1,128.d,2.2.8.1-256.1-d1,0.0000,0.0000
C3,128.d,2.2.8.1-256.1-d,0.0000,0.0000
C1,192.a,2.2.8.1-288.1-b1,0.0000,0.0000
C3,192.a,2.2.8.1-288.1-b,6.0000,0.0000
C1,96.b,2.2.8.1-288.1-b1,0.0000,0.0000
C3,96.b,2.2.8.1-288.1-b,6.0000,0.0000
C1,192.c,2.2.8.1-288.1-c1,0.0000,0.0000
C3,192.c,2.2.8.1-288.1-c,6.0000,0.0000
C1,96.a,2.2.8.1-288.1-c1,0.0000,0.0000
C3,96.a,2.2.8.1-288.1-c,6.0000,0.0000
C1,17.a,2.2.8.1-289.1-a1,0.0000,0.0000
C3,17.a,2.2.8.1-289.1-a,8.5577,0.0000
C1,36.a,2.2.8.1-324.1-a1,0.0000,0.0000
C3,36.a,2.2.8.1-324.1-a,6.0000,0.0000
C1,576.e,2.2.8.1-324.1-a1,0.0000,0.0000
C3,576.e,2.2.8.1-324.1-a,6.0000,0.0000
C1,26.b,2.2.8.1-338.1-a1,0.0000,0.0000
C3,26.b,2.2.8.1-338.1-a,0.0000,0.0000
C1,832.j,2.2.8.1-338.1-a1,0.0000,0.0000
C3,832.j,2.2.8.1-338.1-a,0.0000,0.0000
C1,26.a,2.2.8.1-338.1-b1,0.0000,0.0000
C3,26.a,2.2.8.1-338.1-b,0.0000,0.0000
C1,832.d,2.2.8.1-338.1-b1,0.0000,0.0000
C3,832.d,2.2.8.1-338.1-b,0.0000,0.0000
C1,19.a,2.2.8.1-361.1-a1,0.0000,0.0000
C3,19.a,2.2.8.1-361.1-a,0.0000,0.0000
C1,448.d,2.2.8.1-392.1-b1,0.0000,0.0000
C3,448.d,2.2.8.1-392.1-b,5.4157,0.0000
C1,56.a,2.2.8.1-392.1-b1,0.0000,0.0000
C3,56.a,2.2.8.1-392.1-b,5.4157,0.0000
C1,448.c,2.2.8.1-392.1-c1,0.0000,0.0000
C3,448.c,2.2.8.1-392.1-c,5.8258,0.0000
C1,56.b,2.2.8.1-392.1-c1,0.0000,0.0000
C3,56.b,2.2.8.1-392.1-c,5.8258,0.0000
C1,320.a,2.2.8.1-400.1-a1,0.0000,0.0000
C3,320.a,2.2.8.1-400.1-a,6.0000,0.0000
C1,80.b,2.2.8.1-400.1-a1,0.0000,0.0000
C3,80.b,2.2.8.1-400.1-a,6.0000,0.0000
C1,80.a,2.2.8.1-400.1-b1,0.0000,0.0000
C3,80.a,2.2.8.1-400.1-b,6.0000,0.0000
C1,320.d,2.2.8.1-400.1-b1,0.0000,0.0000
C3,320.d,2.2.8.1-400.1-b,6.0000,0.0000
C1,21.a,2.2.8.1-441.1-a1,0.0000,0.0000
C3,21.a,2.2.8.1-441.1-a,0.5843,0.0000
C1,960.e,2.2.8.1-450.1-a1,0.0000,0.0000
C1,30.a,2.2.8.1-450.1-a1,0.0000,0.0000
C3,30.a,2.2.8.1-450.1-a,12.0000,0.0000
C1,44.a,2.2.8.1-484.1-a1,0.0000,0.0000
C3,44.a,2.2.8.1-484.1-a,0.0000,0.0000
C1,704.f,2.2.8.1-484.1-a1,0.0000,0.0000
C3,704.f,2.2.8.1-484.1-a,0.0000,0.0000
C1,34.a,2.2.8.1-578.1-d1,0.0000,0.0000
C3,34.a,2.2.8.1-578.1-d,8.0182,0.0000
C1,72.a,2.2.8.1-648.1-a1,0.0000,0.0000
C3,72.a,2.2.8.1-648.1-a,6.0000,0.0000
C1,576.d,2.2.8.1-648.1-a1,0.0000,0.0000
C3,576.d,2.2.8.1-648.1-a,6.0000,0.0000
C1,52.a,2.2.8.1-676.1-b1,0.0000,0.0000
C3,52.a,2.2.8.1-676.1-b,0.0000,0.0000
C1,832.e,2.2.8.1-676.1-b1,0.0000,0.0000
C3,832.e,2.2.8.1-676.1-b,0.0000,0.0000
C1,38.b,2.2.8.1-722.1-a1,0.0000,0.0000
C3,38.b,2.2.8.1-722.1-a,0.0000,0.0000
C1,38.a,2.2.8.1-722.1-b1,0.0000,0.0000
C3,38.a,2.2.8.1-722.1-b,0.0000,0.0000
C1,27.a,2.2.8.1-729.1-d1,0.0000,0.0000
C3,27.a,2.2.8.1-729.1-d,6.0000,0.0000
C1,448.a,2.2.8.1-784.1-a1,0.0000,0.0000
C3,448.a,2.2.8.1-784.1-a,5.4157,0.0000
C1,112.c,2.2.8.1-784.1-a1,0.0000,0.0000
C3,112.c,2.2.8.1-784.1-a,5.4157,0.0000
C1,112.a,2.2.8.1-784.1-c1,0.0000,0.0000
C3,112.a,2.2.8.1-784.1-c,5.4157,0.0000
C1,448.h,2.2.8.1-784.1-c1,0.0000,0.0000
C3,448.h,2.2.8.1-784.1-c,5.4157,0.0000
C1,448.e,2.2.8.1-784.1-d1,0.0000,0.0000
C3,448.e,2.2.8.1-784.1-d,5.8258,0.0000
C1,112.b,2.2.8.1-784.1-d1,0.0000,0.0000
C3,112.b,2.2.8.1-784.1-d,5.8258,0.0000
C1,160.b,2.2.8.1-800.1-a1,0.0000,0.0000
C3,160.b,2.2.8.1-800.1-a,6.0000,0.0000
C1,320.b,2.2.8.1-800.1-a1,0.0000,0.0000
C3,320.b,2.2.8.1-800.1-a,6.0000,0.0000
C1,160.a,2.2.8.1-800.1-b1,0.0000,0.0000
C3,160.a,2.2.8.1-800.1-b,6.0000,0.0000
C1,320.e,2.2.8.1-800.1-b1,0.0000,0.0000
C3,320.e,2.2.8.1-800.1-b,6.0000,0.0000
C1,42.a,2.2.8.1-882.1-a1,0.0000,0.0000
C3,42.a,2.2.8.1-882.1-a,0.5843,0.0000
C2,11.a,11.2.a.a,0.0000,0.0000
C2,14.a,14.2.a.a,0.0000,0.0000
C2,15.a,15.2.a.a,0.0000,0.0000
C2,17.a,17.2.a.a,0.0000,0.0000
C2,19.a,19.2.a.a,0.0000,0.0000
C2,20.a,20.2.a.a,0.0000,0.0000
C2,21.a,21.2.a.a,0.0000,0.0000
C2,24.a,24.2.a.a,0.0000,0.0000
C2,26.a,26.2.a.a,0.0000,0.0000
C2,26.b,26.2.a.b,0.0000,0.0000
C2,27.a,27.2.a.a,0.0000,0.0000
C2,30.a,30.2.a.a,0.0000,0.0000
C2,32.a,32.2.a.a,0.0000,0.0000
C2,33.a,33.2.a.a,0.0000,0.0000
C2,34.a,34.2.a.a,0.0000,0.0000
C2,35.a,35.2.a.a,0.0000,0.0000
C2,36.a,36.2.a.a,0.0000,0.0000
C2,37.a,37.2.a.a,0.0000,0.0000
C2,37.b,37.2.a.b,0.0000,0.0000
C2,38.a,38.2.a.a,0.0000,0.0000
C2,38.b,38.2.a.b,0.0000,0.0000
C2,39.a,39.2.a.a,0.0000,0.0000
C2,40.a,40.2.a.a,0.0000,0.0000
C2,42.a,42.2.a.a,0.0000,0.0000
C2,43.a,43.2.a.a,0.0000,0.0000
C2,44.a,44.2.a.a,0.0000,0.0000
C2,45.a,45.2.a.a,0.0000,0.0000
C2,46.a,46.2.a.a,0.0000,0.0000
C2,48.a,48.2.a.a,0.0000,0.0000
C2,49.a,49.2.a.a,0.0000,0.0000
C2,50.a,50.2.a.a,0.0000,0.0000
C2,50.b,50.2.a.b,0.0000,0.0000
C2,51.a,51.2.a.a,0.0000,0.0000
C2,52.a,52.2.a.a,0.0000,0.0000
C2,53.a,53.2.a.a,0.0000,0.0000
C2,54.a,54.2.a.a,0.0000,0.0000
C2,54.b,54.2.a.b,0.0000,0.0000
C2,55.a,55.2.a.a,0.0000,0.0000
C2,56.a,56.2.a.a,0.0000,0.0000
C2,56.b,56.2.a.b,0.0000,0.0000
C2,57.a,57.2.a.a,0.0000,0.0000
C2,57.b,57.2.a.b,0.0000,0.0000
C2,57.c,57.2.a.c,0.0000,0.0000
C2,58.a,58.2.a.a,0.0000,0.0000
C2,58.b,58.2.a.b,0.0000,0.0000
C2,61.a,61.2.a.a,0.0000,0.0000
C2,62.a,62.2.a.a,0.0000,0.0000
C2,63.a,63.2.a.a,0.0000,0.0000
C2,64.a,64.2.a.a,0.0000,0.0000
C2,65.a,65.2.a.a,0.0000,0.0000
C2,66.a,66.2.a.a,0.0000,0.0000
C2,66.b,66.2.a.b,0.0000,0.0000
C2,66.c,66.2.a.c,0.0000,0.0000
C2,67.a,67.2.a.a,0.0000,0.0000
C2,69.a,69.2.a.a,0.0000,0.0000
C2,70.a,70.2.a.a,0.0000,0.0000
C2,72.a,72.2.a.a,0.0000,0.0000
C2,73.a,73.2.a.a,0.0000,0.0000
C2,75.a,75.2.a.a,0.0000,0.0000
C2,75.b,75.2.a.b,0.0000,0.0000
C2,75.c,75.2.a.c,0.0000,0.0000
C2,76.a,76.2.a.a,0.0000,0.0000
C2,77.a,77.2.a.a,0.0000,0.0000
C2,77.b,77.2.a.b,0.0000,0.0000
C2,77.c,77.2.a.c,0.0000,0.0000
C2,78.a,78.2.a.a,0.0000,0.0000
C2,79.a,79.2.a.a,0.0000,0.0000
C2,80.a,80.2.a.a,0.0000,0.0000
C2,80.b,80.2.a.b,0.0000,0.0000
C2,82.a,82.2.a.a,0.0000,0.0000
C2,83.a,83.2.a.a,0.0000,0.0000
C2,84.a,84.2.a.a,0.0000,0.0000
C2,84.b,84.2.a.b,0.0000,0.0000
C2,85.a,85.2.a.a,0.0000,0.0000
C2,88.a,88.2.a.a,0.0000,0.0000
C2,89.a,89.2.a.a,0.0000,0.0000
C2,89.b,89.2.a.b,0.0000,0.0000
C2,90.a,90.2.a.a,0.0000,0.0000
C2,90.b,90.2.a.b,0.0000,0.0000
C2,90.c,90.2.a.c,0.0000,0.0000
C2,91.a,91.2.a.a,0.0000,0.0000
C2,91.b,91.2.a.b,0.0000,0.0000
C2,92.a,92.2.a.a,0.0000,0.0000
C2,92.b,92.2.a.b,0.0000,0.0000
C2,94.a,94.2.a.a,0.0000,0.0000
C2,96.a,96.2.a.a,0.0000,0.0000
C2,96.b,96.2.a.b,0.0000,0.0000
C2,98.a,98.2.a.a,0.0000,0.0000
C2,99.a,99.2.a.a,0.0000,0.0000
C2,99.b,99.2.a.b,0.0000,0.0000
C2,99.c,99.2.a.c,0.0000,0.0000
C2,99.d,99.2.a.d,0.0000,0.0000
C2,100.a,100.2.a.a,0.0000,0.0000
C2,101.a,101.2.a.a,0.0000,0.0000
C2,102.a,102.2.a.a,0.0000,0.0000
C2,102.b,102.2.a.b,0.0000,0.0000
C2,102.c,102.2.a.c,0.0000,0.0000
C2,104.a,104.2.a.a,0.0000,0.0000
C2,105.a,105.2.a.a,0.0000,0.0000
C2,106.a,106.2.a.a,0.0000,0.0000
C2,106.b,106.2.a.b,0.0000,0.0000
C2,106.c,106.2.a.c,0.0000,0.0000
C2,106.d,106.2.a.d,0.0000,0.0000
C2,108.a,108.2.a.a,0.0000,0.0000
C2,109.a,109.2.a.a,0.0000,0.0000
C2,110.a,110.2.a.a,0.0000,0.0000
C2,110.b,110.2.a.b,0.0000,0.0000
C2,110.c,110.2.a.c,0.0000,0.0000
C2,112.a,112.2.a.a,0.0000,0.0000
C2,112.b,112.2.a.b,0.0000,0.0000
C2,112.c,112.2.a.c,0.0000,0.0000
C2,113.a,113.2.a.a,0.0000,0.0000
C2,114.a,114.2.a.a,0.0000,0.0000
C2,114.b,114.2.a.b,0.0000,0.0000
C2,114.c,114.2.a.c,0.0000,0.0000
C2,115.a,115.2.a.a,0.0000,0.0000
C2,116.a,116.2.a.a,0.0000,0.0000
C2,116.b,116.2.a.b,0.0000,0.0000
C2,116.c,116.2.a.c,0.0000,0.0000
C2,117.a,117.2.a.a,0.0000,0.0000
C2,118.a,118.2.a.a,0.0000,0.0000
C2,118.b,118.2.a.b,0.0000,0.0000
C2,118.c,118.2.a.c,0.0000,0.0000
C2,118.d,118.2.a.d,0.0000,0.0000
C2,120.a,120.2.a.a,0.0000,0.0000
C2,120.b,120.2.a.b,0.0000,0.0000
C2,121.a,121.2.a.a,0.0000,0.0000
C2,121.b,121.2.a.b,0.0000,0.0000
C2,121.c,121.2.a.c,0.0000,0.0000
C2,121.d,121.2.a.d,0.0000,0.0000
C2,122.a,122.2.a.a,0.0000,0.0000
C2,123.a,123.2.a.a,0.0000,0.0000
C2,123.b,123.2.a.b,0.0000,0.0000
C2,124.a,124.2.a.a,0.0000,0.0000
C2,124.b,124.2.a.b,0.0000,0.0000
C2,126.a,126.2.a.a,0.0000,0.0000
C2,126.b,126.2.a.b,0.0000,0.0000
C2,128.a,128.2.a.a,0.0000,0.0000
C2,128.b,128.2.a.b,0.0000,0.0000
C2,128.c,128.2.a.c,0.0000,0.0000
C2,128.d,128.2.a.d,0.0000,0.0000
C2,129.a,129.2.a.a,0.0000,0.0000
C2,129.b,129.2.a.b,0.0000,0.0000
C2,130.a,130.2.a.a,0.0000,0.0000
C2,130.b,130.2.a.b,0.0000,0.0000
C2,130.c,130.2.a.c,0.0000,0.0000
C2,131.a,131.2.a.a,0.0000,0.0000
C2,132.a,132.2.a.a,0.0000,0.0000
C2,132.b,132.2.a.b,0.0000,0.0000
C2,135.a,135.2.a.a,0.0000,0.0000
C2,135.b,135.2.a.b,0.0000,0.0000
C2,136.a,136.2.a.a,0.0000,0.0000
C2,136.b,136.2.a.b,0.0000,0.0000
C2,138.a,138.2.a.a,0.0000,0.0000
C2,138.b,138.2.a.b,0.0000,0.0000
C2,138.c,138.2.a.c,0.0000,0.0000
C2,139.a,139.2.a.a,0.0000,0.0000
C2,140.a,140.2.a.a,0.0000,0.0000
C2,140.b,140.2.a.b,0.0000,0.0000
C2,141.a,141.2.a.a,0.0000,0.0000
C2,141.b,141.2.a.b,0.0000,0.0000
C2,141.c,141.2.a.c,0.0000,0.0000
C2,141.d,141.2.a.d,0.0000,0.0000
C2,141.e,141.2.a.e,0.0000,0.0000
C2,142.a,142.2.a.a,0.0000,0.0000
C2,142.b,142.2.a.b,0.0000,0.0000
C2,142.c,142.2.a.c,0.0000,0.0000
C2,142.d,142.2.a.d,0.0000,0.0000
C2,142.e,142.2.a.e,0.0000,0.0000
C2,143.a,143.2.a.a,0.0000,0.0000
C2,144.a,144.2.a.a,0.0000,0.0000
C2,144.b,144.2.a.b,0.0000,0.0000
C2,145.a,145.2.a.a,0.0000,0.0000
C2,147.a,147.2.a.a,0.0000,0.0000
C2,147.b,147.2.a.b,0.0000,0.0000
C2,147.c,147.2.a.c,0.0000,0.0000
C2,148.a,148.2.a.a,0.0000,0.0000
C2,150.a,150.2.a.a,0.0000,0.0000
C2,150.b,150.2.a.b,0.0000,0.0000
C2,150.c,150.2.a.c,0.0000,0.0000
C2,152.a,152.2.a.a,0.0000,0.0000
C2,152.b,152.2.a.b,0.0000,0.0000
C2,153.a,153.2.a.a,0.0000,0.0000
C2,153.b,153.2.a.b,0.0000,0.0000
C2,153.c,153.2.a.c,0.0000,0.0000
C2,153.d,153.2.a.d,0.0000,0.0000
C2,154.a,154.2.a.a,0.0000,0.0000
C2,154.b,154.2.a.b,0.0000,0.0000
C2,154.c,154.2.a.c,0.0000,0.0000
C2,155.a,155.2.a.a,0.0000,0.0000
C2,155.b,155.2.a.b,0.0000,0.0000
C2,155.c,155.2.a.c,0.0000,0.0000
C2,156.a,156.2.a.a,0.0000,0.0000
C2,156.b,156.2.a.b,0.0000,0.0000
C2,158.a,158.2.a.a,0.0000,0.0000
C2,158.b,158.2.a.b,0.0000,0.0000
C2,158.c,158.2.a.c,0.0000,0.0000
C2,158.d,158.2.a.d,0.0000,0.0000
C2,158.e,158.2.a.e,0.0000,0.0000
C2,160.a,160.2.a.a,0.0000,0.0000
C2,160.b,160.2.a.b,0.0000,0.0000
C2,161.a,161.2.a.a,0.0000,0.0000
C2,162.a,162.2.a.a,0.0000,0.0000
C2,162.b,162.2.a.b,0.0000,0.0000
C2,162.c,162.2.a.c,0.0000,0.0000
C2,162.d,162.2.a.d,0.0000,0.0000
C2,163.a,163.2.a.a,0.0000,0.0000
C2,166.a,166.2.a.a,0.0000,0.0000
C2,168.a,168.2.a.a,0.0000,0.0000
C2,168.b,168.2.a.b,0.0000,0.0000
C2,170.a,170.2.a.a,0.0000,0.0000
C2,170.b,170.2.a.b,0.0000,0.0000
C2,170.c,170.2.a.c,0.0000,0.0000
C2,170.d,170.2.a.d,0.0000,0.0000
C2,170.e,170.2.a.e,0.0000,0.0000
C2,171.a,171.2.a.a,0.0000,0.0000
C2,171.b,171.2.a.b,0.0000,0.0000
C2,171.c,171.2.a.c,0.0000,0.0000
C2,171.d,171.2.a.d,0.0000,0.0000
C2,172.a,172.2.a.a,0.0000,0.0000
C2,174.a,174.2.a.a,0.0000,0.0000
C2,174.b,174.2.a.b,0.0000,0.0000
C2,174.c,174.2.a.c,0.0000,0.0000
C2,174.d,174.2.a.d,0.0000,0.0000
C2,174.e,174.2.a.e,0.0000,0.0000
C2,175.a,175.2.a.a,0.0000,0.0000
C2,175.b,175.2.a.b,0.0000,0.0000
C2,175.c,175.2.a.c,0.0000,0.0000
C2,176.a,176.2.a.a,0.0000,0.0000
C2,176.b,176.2.a.b,0.0000,0.0000
C2,176.c,176.2.a.c,0.0000,0.0000
C2,178.a,178.2.a.a,0.0000,0.0000
C2,178.b,178.2.a.b,0.0000,0.0000
C2,179.a,179.2.a.a,0.0000,0.0000
C2,180.a,180.2.a.a,0.0000,0.0000
C2,182.a,182.2.a.a,0.0000,0.0000
C2,182.b,182.2.a.b,0.0000,0.0000
C2,182.c,182.2.a.c,0.0000,0.0000
C2,182.d,182.2.a.d,0.0000,0.0000
C2,182.e,182.2.a.e,0.0000,0.0000
C2,184.a,184.2.a.a,0.0000,0.0000
C2,184.b,184.2.a.b,0.0000,0.0000
C2,184.c,184.2.a.c,0.0000,0.0000
C2,184.d,184.2.a.d,0.0000,0.0000
C2,185.a,185.2.a.a,0.0000,0.0000
C2,185.b,185.2.a.b,0.0000,0.0000
C2,185.c,185.2.a.c,0.0000,0.0000
C2,186.a,186.2.a.a,0.0000,0.0000
C2,186.b,186.2.a.b,0.0000,0.0000
C2,186.c,186.2.a.c,0.0000,0.0000
C2,187.a,187.2.a.a,0.0000,0.0000
C2,187.b,187.2.a.b,0.0000,0.0000
C2,189.a,189.2.a.a,0.0000,0.0000
C2,189.b,189.2.a.b,0.0000,0.0000
C2,189.c,189.2.a.c,0.0000,0.0000
C2,189.d,189.2.a.d,0.0000,0.0000
C2,190.a,190.2.a.a,0.0000,0.0000
C2,190.b,190.2.a.b,0.0000,0.0000
C2,190.c,190.2.a.c,0.0000,0.0000
C2,192.a,192.2.a.a,0.0000,0.0000
C2,192.b,192.2.a.b,0.0000,0.0000
C2,192.c,192.2.a.c,0.0000,0.0000
C2,192.d,192.2.a.d,0.0000,0.0000
C2,194.a,194.2.a.a,0.0000,0.0000
C2,195.a,195.2.a.a,0.0000,0.0000
C2,195.b,195.2.a.b,0.0000,0.0000
C2,195.c,195.2.a.c,0.0000,0.0000
C2,195.d,195.2.a.d,0.0000,0.0000
C2,196.a,196.2.a.a,0.0000,0.0000
C2,196.b,196.2.a.b,0.0000,0.0000
C2,197.a,197.2.a.a,0.0000,0.0000
C2,198.a,198.2.a.a,0.0000,0.0000
C2,198.b,198.2.a.b,0.0000,0.0000
C2,198.c,198.2.a.c,0.0000,0.0000
C2,198.d,198.2.a.d,0.0000,0.0000
C2,198.e,198.2.a.e,0.0000,0.0000
C2,200.a,200.2.a.a,0.0000,0.0000
C2,200.b,200.2.a.b,0.0000,0.0000
C2,200.c,200.2.a.c,0.0000,0.0000
C2,200.d,200.2.a.d,0.0000,0.0000
C2,200.e,200.2.a.e,0.0000,0.0000
C2,201.a,201.2.a.a,0.0000,0.0000
C2,201.b,201.2.a.b,0.0000,0.0000
C2,201.c,201.2.a.c,0.0000,0.0000
C2,202.a,202.2.a.a,0.0000,0.0000
C2,203.a,203.2.a.a,0.0000,0.0000
C2,203.b,203.2.a.b,0.0000,0.0000
C2,203.c,203.2.a.c,0.0000,0.0000
C2,204.a,204.2.a.a,0.0000,0.0000
C2,204.b,204.2.a.b,0.0000,0.0000
C2,205.a,205.2.a.a,0.0000,0.0000
C2,205.b,205.2.a.b,0.0000,0.0000
C2,205.c,205.2.a.c,0.0000,0.0000
C2,206.a,206.2.a.a,0.0000,0.0000
C2,207.a,207.2.a.a,0.0000,0.0000
C2,208.a,208.2.a.a,0.0000,0.0000
C2,208.b,208.2.a.b,0.0000,0.0000
C2,208.c,208.2.a.c,0.0000,0.0000
C2,208.d,208.2.a.d,0.0000,0.0000
C2,209.a,209.2.a.a,0.0000,0.0000
C2,210.a,210.2.a.a,0.0000,0.0000
C2,210.b,210.2.a.b,0.0000,0.0000
C2,210.c,210.2.a.c,0.0000,0.0000
C2,210.d,210.2.a.d,0.0000,0.0000
C2,210.e,210.2.a.e,0.0000,0.0000
C2,212.a,212.2.a.a,0.0000,0.0000
C2,212.b,212.2.a.b,0.0000,0.0000
C2,213.a,213.2.a.a,0.0000,0.0000
C2,214.a,214.2.a.a,0.0000,0.0000
C2,214.b,214.2.a.b,0.0000,0.0000
C2,214.c,214.2.a.c,0.0000,0.0000
C2,214.d,214.2.a.d,0.0000,0.0000
C2,215.a,215.2.a.a,0.0000,0.0000
C2,216.a,216.2.a.a,0.0000,0.0000
C2,216.b,216.2.a.b,0.0000,0.0000
C2,216.c,216.2.a.c,0.0000,0.0000
C2,216.d,216.2.a.d,0.0000,0.0000
C2,218.a,218.2.a.a,0.0000,0.0000
C2,219.a,219.2.a.a,0.0000,0.0000
C2,219.b,219.2.a.b,0.0000,0.0000
C2,219.c,219.2.a.c,0.0000,0.0000
C2,220.a,220.2.a.a,0.0000,0.0000
C2,220.b,220.2.a.b,0.0000,0.0000
C2,221.a,221.2.a.a,0.0000,0.0000
C2,221.b,221.2.a.b,0.0000,0.0000
C2,222.a,222.2.a.a,0.0000,0.0000
C2,222.b,222.2.a.b,0.0000,0.0000
C2,222.c,222.2.a.c,0.0000,0.0000
C2,222.d,222.2.a.d,0.0000,0.0000
C2,222.e,222.2.a.e,0.0000,0.0000
C2,224.a,224.2.a.a,0.0000,0.0000
C2,224.b,224.2.a.b,0.0000,0.0000
C2,225.a,225.2.a.a,0.0000,0.0000
C2,225.b,225.2.a.b,0.0000,0.0000
C2,225.c,225.2.a.c,0.0000,0.0000
C2,225.d,225.2.a.d,0.0000,0.0000
C2,225.e,225.2.a.e,0.0000,0.0000
C2,226.a,226.2.a.a,0.0000,0.0000
C2,228.a,228.2.a.a,0.0000,0.0000
C2,228.b,228.2.a.b,0.0000,0.0000
C2,229.a,229.2.a.a,0.0000,0.0000
C2,231.a,231.2.a.a,0.0000,0.0000
C2,232.a,232.2.a.a,0.0000,0.0000
C2,232.b,232.2.a.b,0.0000,0.0000
C2,233.a,233.2.a.a,0.0000,0.0000
C2,234.a,234.2.a.a,0.0000,0.0000
C2,234.b,234.2.a.b,0.0000,0.0000
C2,234.c,234.2.a.c,0.0000,0.0000
C2,234.d,234.2.a.d,0.0000,0.0000
C2,234.e,234.2.a.e,0.0000,0.0000
C2,235.a,235.2.a.a,0.0000,0.0000
C2,235.b,235.2.a.b,0.0000,0.0000
C2,235.c,235.2.a.c,0.0000,0.0000
C2,236.a,236.2.a.a,0.0000,0.0000
C2,236.b,236.2.a.b,0.0000,0.0000
C2,238.a,238.2.a.a,0.0000,0.0000
C2,238.b,238.2.a.b,0.0000,0.0000
C2,238.c,238.2.a.c,0.0000,0.0000
C2,238.d,238.2.a.d,0.0000,0.0000
C2,238.e,238.2.a.e,0.0000,0.0000
C2,240.a,240.2.a.a,0.0000,0.0000
C2,240.b,240.2.a.b,0.0000,0.0000
C2,240.c,240.2.a.c,0.0000,0.0000
C2,240.d,240.2.a.d,0.0000,0.0000
C2,242.a,242.2.a.a,0.0000,0.0000
C2,242.b,242.2.a.b,0.0000,0.0000
C2,243.a,243.2.a.a,0.0000,0.0000
C2,243.b,243.2.a.b,0.0000,0.0000
C2,244.a,244.2.a.a,0.0000,0.0000
C2,245.a,245.2.a.a,0.0000,0.0000
C2,245.b,245.2.a.b,0.0000,0.0000
C2,245.c,245.2.a.c,0.0000,0.0000
C2,246.a,246.2.a.a,0.0000,0.0000
C2,246.b,246.2.a.b,0.0000,0.0000
C2,246.c,246.2.a.c,0.0000,0.0000
C2,246.d,246.2.a.d,0.0000,0.0000
C2,246.e,246.2.a.e,0.0000,0.0000
C2,246.f,246.2.a.f,0.0000,0.0000
C2,246.g,246.2.a.g,0.0000,0.0000
C2,248.a,248.2.a.a,0.0000,0.0000
C2,248.b,248.2.a.b,0.0000,0.0000
C2,248.c,248.2.a.c,0.0000,0.0000
C2,249.a,249.2.a.a,0.0000,0.0000
C2,249.b,249.2.a.b,0.0000,0.0000
C2,252.a,252.2.a.a,0.0000,0.0000
C2,252.b,252.2.a.b,0.0000,0.0000
C2,254.a,254.2.a.a,0.0000,0.0000
C2,254.b,254.2.a.b,0.0000,0.0000
C2,254.c,254.2.a.c,0.0000,0.0000
C2,254.d,254.2.a.d,0.0000,0.0000
C2,256.a,256.2.a.a,0.0000,0.0000
C2,256.b,256.2.a.b,0.0000,0.0000
C2,256.c,256.2.a.c,0.0000,0.0000
C2,256.d,256.2.a.d,0.0000,0.0000
C2,258.a,258.2.a.a,0.0000,0.0000
C2,258.b,258.2.a.b,0.0000,0.0000
C2,258.c,258.2.a.c,0.0000,0.0000
C2,258.d,258.2.a.d,0.0000,0.0000
C2,258.e,258.2.a.e,0.0000,0.0000
C2,258.f,258.2.a.f,0.0000,0.0000
C2,258.g,258.2.a.g,0.0000,0.0000
C2,259.a,259.2.a.a,0.0000,0.0000
C2,260.a,260.2.a.a,0.0000,0.0000
C2,262.a,262.2.a.a,0.0000,0.0000
C2,262.b,262.2.a.b,0.0000,0.0000
C2,264.a,264.2.a.a,0.0000,0.0000
C2,264.b,264.2.a.b,0.0000,0.0000
C2,264.c,264.2.a.c,0.0000,0.0000
C2,264.d,264.2.a.d,0.0000,0.0000
C2,265.a,265.2.a.a,0.0000,0.0000
C2,267.a,267.2.a.a,0.0000,0.0000
C2,267.b,267.2.a.b,0.0000,0.0000
C2,268.a,268.2.a.a,0.0000,0.0000
C2,269.a,269.2.a.a,0.0000,0.0000
C2,270.a,270.2.a.a,0.0000,0.0000
C2,270.b,270.2.a.b,0.0000,0.0000
C2,270.c,270.2.a.c,0.0000,0.0000
C2,270.d,270.2.a.d,0.0000,0.0000
C2,272.a,272.2.a.a,0.0000,0.0000
C2,272.b,272.2.a.b,0.0000,0.0000
C2,272.c,272.2.a.c,0.0000,0.0000
C2,272.d,272.2.a.d,0.0000,0.0000
C2,273.a,273.2.a.a,0.0000,0.0000
C2,273.b,273.2.a.b,0.0000,0.0000
C2,274.a,274.2.a.a,0.0000,0.0000
C2,274.b,274.2.a.b,0.0000,0.0000
C2,274.c,274.2.a.c,0.0000,0.0000
C2,275.a,275.2.a.a,0.0000,0.0000
C2,275.b,275.2.a.b,0.0000,0.0000
C2,277.a,277.2.a.a,0.0000,0.0000
C2,278.a,278.2.a.a,0.0000,0.0000
C2,278.b,278.2.a.b,0.0000,0.0000
C2,280.a,280.2.a.a,0.0000,0.0000
C2,280.b,280.2.a.b,0.0000,0.0000
C2,282.a,282.2.a.a,0.0000,0.0000
C2,282.b,282.2.a.b,0.0000,0.0000
C2,285.a,285.2.a.a,0.0000,0.0000
C2,285.b,285.2.a.b,0.0000,0.0000
C2,285.c,285.2.a.c,0.0000,0.0000
C2,286.a,286.2.a.a,0.0000,0.0000
C2,286.b,286.2.a.b,0.0000,0.0000
C2,286.c,286.2.a.c,0.0000,0.0000
C2,286.d,286.2.a.d,0.0000,0.0000
C2,286.e,286.2.a.e,0.0000,0.0000
C2,286.f,286.2.a.f,0.0000,0.0000
C2,288.a,288.2.a.a,0.0000,0.0000
C2,288.b,288.2.a.b,0.0000,0.0000
C2,288.c,288.2.a.c,0.0000,0.0000
C2,288.d,288.2.a.d,0.0000,0.0000
C2,288.e,288.2.a.e,0.0000,0.0000
C2,289.a,289.2.a.a,0.0000,0.0000
C2,290.a,290.2.a.a,0.0000,0.0000
C2,291.a,291.2.a.a,0.0000,0.0000
C2,291.b,291.2.a.b,0.0000,0.0000
C2,291.c,291.2.a.c,0.0000,0.0000
C2,291.d,291.2.a.d,0.0000,0.0000
C2,294.a,294.2.a.a,0.0000,0.0000
C2,294.b,294.2.a.b,0.0000,0.0000
C2,294.c,294.2.a.c,0.0000,0.0000
C2,294.d,294.2.a.d,0.0000,0.0000
C2,294.e,294.2.a.e,0.0000,0.0000
C2,294.f,294.2.a.f,0.0000,0.0000
C2,294.g,294.2.a.g,0.0000,0.0000
C2,296.a,296.2.a.a,0.0000,0.0000
C2,296.b,296.2.a.b,0.0000,0.0000
C2,297.a,297.2.a.a,0.0000,0.0000
C2,297.b,297.2.a.b,0.0000,0.0000
C2,297.c,297.2.a.c,0.0000,0.0000
C2,297.d,297.2.a.d,0.0000,0.0000
C2,298.a,298.2.a.a,0.0000,0.0000
C2,298.b,298.2.a.b,0.0000,0.0000
C2,300.a,300.2.a.a,0.0000,0.0000
C2,300.b,300.2.a.b,0.0000,0.0000
C2,300.c,300.2.a.c,0.0000,0.0000
C2,300.d,300.2.a.d,0.0000,0.0000
C2,302.a,302.2.a.a,0.0000,0.0000
C2,302.b,302.2.a.b,0.0000,0.0000
C2,302.c,302.2.a.c,0.0000,0.0000
C2,303.a,303.2.a.a,0.0000,0.0000
C2,303.b,303.2.a.b,0.0000,0.0000
C2,304.a,304.2.a.a,0.0000,0.0000
C2,304.b,304.2.a.b,0.0000,0.0000
C2,304.c,304.2.a.c,0.0000,0.0000
C2,304.d,304.2.a.d,0.0000,0.0000
C2,304.e,304.2.a.e,0.0000,0.0000
C2,304.f,304.2.a.f,0.0000,0.0000
C2,306.a,306.2.a.a,0.0000,0.0000
C2,306.b,306.2.a.b,0.0000,0.0000
C2,306.c,306.2.a.c,0.0000,0.0000
C2,306.d,306.2.a.d,0.0000,0.0000
C2,307.a,307.2.a.a,0.0000,0.0000
C2,307.b,307.2.a.b,0.0000,0.0000
C2,307.c,307.2.a.c,0.0000,0.0000
C2,307.d,307.2.a.d,0.0000,0.0000
C2,308.a,308.2.a.a,0.0000,0.0000
C2,309.a,309.2.a.a,0.0000,0.0000
C2,310.a,310.2.a.a,0.0000,0.0000
C2,310.b,310.2.a.b,0.0000,0.0000
C2,312.a,312.2.a.a,0.0000,0.0000
C2,312.b,312.2.a.b,0.0000,0.0000
C2,312.c,312.2.a.c,0.0000,0.0000
C2,312.d,312.2.a.d,0.0000,0.0000
C2,312.e,312.2.a.e,0.0000,0.0000
C2,312.f,312.2.a.f,0.0000,0.0000
C2,314.a,314.2.a.a,0.0000,0.0000
C2,315.a,315.2.a.a,0.0000,0.0000
C2,315.b,315.2.a.b,0.0000,0.0000
C2,316.a,316.2.a.a,0.0000,0.0000
C2,316.b,316.2.a.b,0.0000,0.0000
C2,318.a,318.2.a.a,0.0000,0.0000
C2,318.b,318.2.a.b,0.0000,0.0000
C2,318.c,318.2.a.c,0.0000,0.0000
C2,318.d,318.2.a.d,0.0000,0.0000
C2,318.e,318.2.a.e,0.0000,0.0000
C2,319.a,319.2.a.a,0.0000,0.0000
C2,320.a,320.2.a.a,0.0000,0.0000
C2,320.b,320.2.a.b,0.0000,0.0000
C2,320.c,320.2.a.c,0.0000,0.0000
C2,320.d,320.2.a.d,0.0000,0.0000
C2,320.e,320.2.a.e,0.0000,0.0000
C2,320.f,320.2.a.f,0.0000,0.0000
C2,322.a,322.2.a.a,0.0000,0.0000
C2,322.b,322.2.a.b,0.0000,0.0000
C2,322.c,322.2.a.c,0.0000,0.0000
C2,322.d,322.2.a.d,0.0000,0.0000
C2,323.a,323.2.a.a,0.0000,0.0000
C2,324.a,324.2.a.a,0.0000,0.0000
C2,324.b,324.2.a.b,0.0000,0.0000
C2,324.c,324.2.a.c,0.0000,0.0000
C2,324.d,324.2.a.d,0.0000,0.0000
C2,325.a,325.2.a.a,0.0000,0.0000
C2,325.b,325.2.a.b,0.0000,0.0000
C2,325.c,325.2.a.c,0.0000,0.0000
C2,325.d,325.2.a.d,0.0000,0.0000
C2,325.e,325.2.a.e,0.0000,0.0000
C2,326.a,326.2.a.a,0.0000,0.0000
C2,326.b,326.2.a.b,0.0000,0.0000
C2,326.c,326.2.a.c,0.0000,0.0000
C2,327.a,327.2.a.a,0.0000,0.0000
C2,328.a,328.2.a.a,0.0000,0.0000
C2,328.b,328.2.a.b,0.0000,0.0000
C2,329.a,329.2.a.a,0.0000,0.0000
C2,330.a,330.2.a.a,0.0000,0.0000
C2,330.b,330.2.a.b,0.0000,0.0000
C2,330.c,330.2.a.c,0.0000,0.0000
C2,330.d,330.2.a.d,0.0000,0.0000
C2,330.e,330.2.a.e,0.0000,0.0000
C2,331.a,331.2.a.a,0.0000,0.0000
C2,333.a,333.2.a.a,0.0000,0.0000
C2,333.b,333.2.a.b,0.0000,0.0000
C2,333.c,333.2.a.c,0.0000,0.0000
C2,333.d,333.2.a.d,0.0000,0.0000
C2,334.a,334.2.a.a,0.0000,0.0000
C2,335.a,335.2.a.a,0.0000,0.0000
C2,336.a,336.2.a.a,0.0000,0.0000
C2,336.b,336.2.a.b,0.0000,0.0000
C2,336.c,336.2.a.c,0.0000,0.0000
C2,336.d,336.2.a.d,0.0000,0.0000
C2,336.e,336.2.a.e,0.0000,0.0000
C2,336.f,336.2.a.f,0.0000,0.0000
C2,338.a,338.2.a.a,0.0000,0.0000
C2,338.b,338.2.a.b,0.0000,0.0000
C2,338.c,338.2.a.c,0.0000,0.0000
C2,338.d,338.2.a.d,0.0000,0.0000
C2,338.e,338.2.a.e,0.0000,0.0000
C2,338.f,338.2.a.f,0.0000,0.0000
C2,339.a,339.2.a.a,0.0000,0.0000
C2,339.b,339.2.a.b,0.0000,0.0000
C2,339.c,339.2.a.c,0.0000,0.0000
C2,340.a,340.2.a.a,0.0000,0.0000
C2,342.a,342.2.a.a,0.0000,0.0000
C2,342.b,342.2.a.b,0.0000,0.0000
C2,342.c,342.2.a.c,0.0000,0.0000
C2,342.d,342.2.a.d,0.0000,0.0000
C2,342.e,342.2.a.e,0.0000,0.0000
C2,342.f,342.2.a.f,0.0000,0.0000
C2,342.g,342.2.a.g,0.0000,0.0000
C2,344.a,344.2.a.a,0.0000,0.0000
C2,345.a,345.2.a.a,0.0000,0.0000
C2,345.b,345.2.a.b,0.0000,0.0000
C2,345.c,345.2.a.c,0.0000,0.0000
C2,345.d,345.2.a.d,0.0000,0.0000
C2,345.e,345.2.a.e,0.0000,0.0000
C2,345.f,345.2.a.f,0.0000,0.0000
C2,346.a,346.2.a.a,0.0000,0.0000
C2,346.b,346.2.a.b,0.0000,0.0000
C2,347.a,347.2.a.a,0.0000,0.0000
C2,348.a,348.2.a.a,0.0000,0.0000
C2,348.b,348.2.a.b,0.0000,0.0000
C2,348.c,348.2.a.c,0.0000,0.0000
C2,348.d,348.2.a.d,0.0000,0.0000
C2,350.a,350.2.a.a,0.0000,0.0000
C2,350.b,350.2.a.b,0.0000,0.0000
C2,350.c,350.2.a.c,0.0000,0.0000
C2,350.d,350.2.a.d,0.0000,0.0000
C2,350.e,350.2.a.e,0.0000,0.0000
C2,350.f,350.2.a.f,0.0000,0.0000
C2,352.a,352.2.a.a,0.0000,0.0000
C2,352.b,352.2.a.b,0.0000,0.0000
C2,352.c,352.2.a.c,0.0000,0.0000
C2,352.d,352.2.a.d,0.0000,0.0000
C2,352.e,352.2.a.e,0.0000,0.0000
C2,352.f,352.2.a.f,0.0000,0.0000
C2,353.a,353.2.a.a,0.0000,0.0000
C2,354.a,354.2.a.a,0.0000,0.0000
C2,354.b,354.2.a.b,0.0000,0.0000
C2,354.c,354.2.a.c,0.0000,0.0000
C2,354.d,354.2.a.d,0.0000,0.0000
C2,354.e,354.2.a.e,0.0000,0.0000
C2,354.f,354.2.a.f,0.0000,0.0000
C2,355.a,355.2.a.a,0.0000,0.0000
C2,356.a,356.2.a.a,0.0000,0.0000
C2,357.a,357.2.a.a,0.0000,0.0000
C2,357.b,357.2.a.b,0.0000,0.0000
C2,357.c,357.2.a.c,0.0000,0.0000
C2,357.d,357.2.a.d,0.0000,0.0000
C2,358.a,358.2.a.a,0.0000,0.0000
C2,358.b,358.2.a.b,0.0000,0.0000
C2,359.a,359.2.a.a,0.0000,0.0000
C2,359.b,359.2.a.b,0.0000,0.0000
C2,360.a,360.2.a.a,0.0000,0.0000
C2,360.b,360.2.a.b,0.0000,0.0000
C2,360.c,360.2.a.c,0.0000,0.0000
C2,360.d,360.2.a.d,0.0000,0.0000
C2,360.e,360.2.a.e,0.0000,0.0000
C2,361.a,361.2.a.a,0.0000,0.0000
C2,361.b,361.2.a.b,0.0000,0.0000
C2,362.a,362.2.a.a,0.0000,0.0000
C2,362.b,362.2.a.b,0.0000,0.0000
C2,363.a,363.2.a.a,0.0000,0.0000
C2,363.b,363.2.a.b,0.0000,0.0000
C2,363.c,363.2.a.c,0.0000,0.0000
C2,364.a,364.2.a.a,0.0000,0.0000
C2,364.b,364.2.a.b,0.0000,0.0000
C2,366.a,366.2.a.a,0.0000,0.0000
C2,366.b,366.2.a.b,0.0000,0.0000
C2,366.c,366.2.a.c,0.0000,0.0000
C2,366.d,366.2.a.d,0.0000,0.0000
C2,366.e,366.2.a.e,0.0000,0.0000
C2,366.f,366.2.a.f,0.0000,0.0000
C2,366.g,366.2.a.g,0.0000,0.0000
C2,368.a,368.2.a.a,0.0000,0.0000
C2,368.b,368.2.a.b,0.0000,0.0000
C2,368.c,368.2.a.c,0.0000,0.0000
C2,368.d,368.2.a.d,0.0000,0.0000
C2,368.e,368.2.a.e,0.0000,0.0000
C2,368.f,368.2.a.f,0.0000,0.0000
C2,368.g,368.2.a.g,0.0000,0.0000
C2,369.a,369.2.a.a,0.0000,0.0000
C2,369.b,369.2.a.b,0.0000,0.0000
C2,370.a,370.2.a.a,0.0000,0.0000
C2,370.b,370.2.a.b,0.0000,0.0000
C2,370.c,370.2.a.c,0.0000,0.0000
C2,370.d,370.2.a.d,0.0000,0.0000
C2,371.a,371.2.a.a,0.0000,0.0000
C2,371.b,371.2.a.b,0.0000,0.0000
C2,372.a,372.2.a.a,0.0000,0.0000
C2,372.b,372.2.a.b,0.0000,0.0000
C2,372.c,372.2.a.c,0.0000,0.0000
C2,372.d,372.2.a.d,0.0000,0.0000
C2,373.a,373.2.a.a,0.0000,0.0000
C2,374.a,374.2.a.a,0.0000,0.0000
C2,377.a,377.2.a.a,0.0000,0.0000
C2,378.a,378.2.a.a,0.0000,0.0000
C2,378.b,378.2.a.b,0.0000,0.0000
C2,378.c,378.2.a.c,0.0000,0.0000
C2,378.d,378.2.a.d,0.0000,0.0000
C2,378.e,378.2.a.e,0.0000,0.0000
C2,378.f,378.2.a.f,0.0000,0.0000
C2,378.g,378.2.a.g,0.0000,0.0000
C2,378.h,378.2.a.h,0.0000,0.0000
C2,380.a,380.2.a.a,0.0000,0.0000
C2,380.b,380.2.a.b,0.0000,0.0000
C2,381.a,381.2.a.a,0.0000,0.0000
C2,381.b,381.2.a.b,0.0000,0.0000
C2,384.a,384.2.a.a,0.0000,0.0000
C2,384.b,384.2.a.b,0.0000,0.0000
C2,384.c,384.2.a.c,0.0000,0.0000
C2,384.d,384.2.a.d,0.0000,0.0000
C2,384.e,384.2.a.e,0.0000,0.0000
C2,384.f,384.2.a.f,0.0000,0.0000
C2,384.g,384.2.a.g,0.0000,0.0000
C2,384.h,384.2.a.h,0.0000,0.0000
C2,385.a,385.2.a.a,0.0000,0.0000
C2,385.b,385.2.a.b,0.0000,0.0000
C2,387.a,387.2.a.a,0.0000,0.0000
C2,387.b,387.2.a.b,0.0000,0.0000
C2,387.c,387.2.a.c,0.0000,0.0000
C2,387.d,387.2.a.d,0.0000,0.0000
C2,387.e,387.2.a.e,0.0000,0.0000
C2,389.a,389.2.a.a,0.0000,0.0000
C2,390.a,390.2.a.a,0.0000,0.0000
C2,390.b,390.2.a.b,0.0000,0.0000
C2,390.c,390.2.a.c,0.0000,0.0000
C2,390.d,390.2.a.d,0.0000,0.0000
C2,390.e,390.2.a.e,0.0000,0.0000
C2,390.f,390.2.a.f,0.0000,0.0000
C2,390.g,390.2.a.g,0.0000,0.0000
C2,392.a,392.2.a.a,0.0000,0.0000
C2,392.b,392.2.a.b,0.0000,0.0000
C2,392.c,392.2.a.c,0.0000,0.0000
C2,392.d,392.2.a.d,0.0000,0.0000
C2,392.e,392.2.a.e,0.0000,0.0000
C2,392.f,392.2.a.f,0.0000,0.0000
C2,395.a,395.2.a.a,0.0000,0.0000
C2,395.b,395.2.a.b,0.0000,0.0000
C2,395.c,395.2.a.c,0.0000,0.0000
C2,396.a,396.2.a.a,0.0000,0.0000
C2,396.b,396.2.a.b,0.0000,0.0000
C2,396.c,396.2.a.c,0.0000,0.0000
C2,398.a,398.2.a.a,0.0000,0.0000
C2,399.a,399.2.a.a,0.0000,0.0000
C2,399.b,399.2.a.b,0.0000,0.0000
C2,399.c,399.2.a.c,0.0000,0.0000
C2,400.a,400.2.a.a,0.0000,0.0000
C2,400.b,400.2.a.b,0.0000,0.0000
C2,400.c,400.2.a.c,0.0000,0.0000
C2,400.d,400.2.a.d,0.0000,0.0000
C2,400.e,400.2.a.e,0.0000,0.0000
C2,400.f,400.2.a.f,0.0000,0.0000
C2,400.g,400.2.a.g,0.0000,0.0000
C2,400.h,400.2.a.h,0.0000,0.0000
C2,402.a,402.2.a.a,0.0000,0.0000
C2,402.b,402.2.a.b,0.0000,0.0000
C2,402.c,402.2.a.c,0.0000,0.0000
C2,402.d,402.2.a.d,0.0000,0.0000
C2,404.a,404.2.a.a,0.0000,0.0000
C2,404.b,404.2.a.b,0.0000,0.0000
C2,405.a,405.2.a.a,0.0000,0.0000
C2,405.b,405.2.a.b,0.0000,0.0000
C2,405.c,405.2.a.c,0.0000,0.0000
C2,405.d,405.2.a.d,0.0000,0.0000
C2,405.e,405.2.a.e,0.0000,0.0000
C2,405.f,405.2.a.f,0.0000,0.0000
C2,406.a,406.2.a.a,0.0000,0.0000
C2,406.b,406.2.a.b,0.0000,0.0000
C2,406.c,406.2.a.c,0.0000,0.0000
C2,406.d,406.2.a.d,0.0000,0.0000
C2,408.a,408.2.a.a,0.0000,0.0000
C2,408.b,408.2.a.b,0.0000,0.0000
C2,408.c,408.2.a.c,0.0000,0.0000
C2,408.d,408.2.a.d,0.0000,0.0000
C2,410.a,410.2.a.a,0.0000,0.0000
C2,410.b,410.2.a.b,0.0000,0.0000
C2,410.c,410.2.a.c,0.0000,0.0000
C2,410.d,410.2.a.d,0.0000,0.0000
C2,414.a,414.2.a.a,0.0000,0.0000
C2,414.b,414.2.a.b,0.0000,0.0000
C2,414.c,414.2.a.c,0.0000,0.0000
C2,414.d,414.2.a.d,0.0000,0.0000
C2,415.a,415.2.a.a,0.0000,0.0000
C2,416.a,416.2.a.a,0.0000,0.0000
C2,416.b,416.2.a.b,0.0000,0.0000
C2,417.a,417.2.a.a,0.0000,0.0000
C2,418.a,418.2.a.a,0.0000,0.0000
C2,418.b,418.2.a.b,0.0000,0.0000
C2,418.c,418.2.a.c,0.0000,0.0000
C2,420.a,420.2.a.a,0.0000,0.0000
C2,420.b,420.2.a.b,0.0000,0.0000
C2,420.c,420.2.a.c,0.0000,0.0000
C2,420.d,420.2.a.d,0.0000,0.0000
C2,422.a,422.2.a.a,0.0000,0.0000
C2,423.a,423.2.a.a,0.0000,0.0000
C2,423.b,423.2.a.b,0.0000,0.0000
C2,423.c,423.2.a.c,0.0000,0.0000
C2,423.d,423.2.a.d,0.0000,0.0000
C2,423.e,423.2.a.e,0.0000,0.0000
C2,423.f,423.2.a.f,0.0000,0.0000
C2,423.g,423.2.a.g,0.0000,0.0000
C2,425.a,425.2.a.a,0.0000,0.0000
C2,425.b,425.2.a.b,0.0000,0.0000
C2,425.c,425.2.a.c,0.0000,0.0000
C2,425.d,425.2.a.d,0.0000,0.0000
C2,426.a,426.2.a.a,0.0000,0.0000
C2,426.b,426.2.a.b,0.0000,0.0000
C2,426.c,426.2.a.c,0.0000,0.0000
C2,427.a,427.2.a.a,0.0000,0.0000
C2,427.b,427.2.a.b,0.0000,0.0000
C2,427.c,427.2.a.c,0.0000,0.0000
C2,428.a,428.2.a.a,0.0000,0.0000
C2,428.b,428.2.a.b,0.0000,0.0000
C2,429.a,429.2.a.a,0.0000,0.0000
C2,429.b,429.2.a.b,0.0000,0.0000
C2,430.a,430.2.a.a,0.0000,0.0000
C2,430.b,430.2.a.b,0.0000,0.0000
C2,430.c,430.2.a.c,0.0000,0.0000
C2,430.d,430.2.a.d,0.0000,0.0000
C2,431.a,431.2.a.a,0.0000,0.0000
C2,431.b,431.2.a.b,0.0000,0.0000
C2,432.a,432.2.a.a,0.0000,0.0000
C2,432.b,432.2.a.b,0.0000,0.0000
C2,432.c,432.2.a.c,0.0000,0.0000
C2,432.d,432.2.a.d,0.0000,0.0000
C2,432.e,432.2.a.e,0.0000,0.0000
C2,432.f,432.2.a.f,0.0000,0.0000
C2,432.g,432.2.a.g,0.0000,0.0000
C2,432.h,432.2.a.h,0.0000,0.0000
C2,433.a,433.2.a.a,0.0000,0.0000
C2,434.a,434.2.a.a,0.0000,0.0000
C2,434.b,434.2.a.b,0.0000,0.0000
C2,434.c,434.2.a.c,0.0000,0.0000
C2,434.d,434.2.a.d,0.0000,0.0000
C2,434.e,434.2.a.e,0.0000,0.0000
C2,435.a,435.2.a.a,0.0000,0.0000
C2,435.b,435.2.a.b,0.0000,0.0000
C2,435.c,435.2.a.c,0.0000,0.0000
C2,435.d,435.2.a.d,0.0000,0.0000
C2,437.a,437.2.a.a,0.0000,0.0000
C2,437.b,437.2.a.b,0.0000,0.0000
C2,438.a,438.2.a.a,0.0000,0.0000
C2,438.b,438.2.a.b,0.0000,0.0000
C2,438.c,438.2.a.c,0.0000,0.0000
C2,438.d,438.2.a.d,0.0000,0.0000
C2,438.e,438.2.a.e,0.0000,0.0000
C2,438.f,438.2.a.f,0.0000,0.0000
C2,438.g,438.2.a.g,0.0000,0.0000
C2,440.a,440.2.a.a,0.0000,0.0000
C2,440.b,440.2.a.b,0.0000,0.0000
C2,440.c,440.2.a.c,0.0000,0.0000
C2,440.d,440.2.a.d,0.0000,0.0000
C2,441.a,441.2.a.a,0.0000,0.0000
C2,441.b,441.2.a.b,0.0000,0.0000
C2,441.c,441.2.a.c,0.0000,0.0000
C2,441.d,441.2.a.d,0.0000,0.0000
C2,441.e,441.2.a.e,0.0000,0.0000
C2,441.f,441.2.a.f,0.0000,0.0000
C2,442.a,442.2.a.a,0.0000,0.0000
C2,442.b,442.2.a.b,0.0000,0.0000
C2,442.c,442.2.a.c,0.0000,0.0000
C2,442.d,442.2.a.d,0.0000,0.0000
C2,442.e,442.2.a.e,0.0000,0.0000
C2,443.a,443.2.a.a,0.0000,0.0000
C2,443.b,443.2.a.b,0.0000,0.0000
C2,443.c,443.2.a.c,0.0000,0.0000
C2,444.a,444.2.a.a,0.0000,0.0000
C2,444.b,444.2.a.b,0.0000,0.0000
C2,446.a,446.2.a.a,0.0000,0.0000
C2,446.b,446.2.a.b,0.0000,0.0000
C2,446.c,446.2.a.c,0.0000,0.0000
C2,446.d,446.2.a.d,0.0000,0.0000
C2,448.a,448.2.a.a,0.0000,0.0000
C2,448.b,448.2.a.b,0.0000,0.0000
C2,448.c,448.2.a.c,0.0000,0.0000
C2,448.d,448.2.a.d,0.0000,0.0000
C2,448.e,448.2.a.e,0.0000,0.0000
C2,448.f,448.2.a.f,0.0000,0.0000
C2,448.g,448.2.a.g,0.0000,0.0000
C2,448.h,448.2.a.h,0.0000,0.0000
C2,450.a,450.2.a.a,0.0000,0.0000
C2,450.b,450.2.a.b,0.0000,0.0000
C2,450.c,450.2.a.c,0.0000,0.0000
C2,450.d,450.2.a.d,0.0000,0.0000
C2,450.e,450.2.a.e,0.0000,0.0000
C2,450.f,450.2.a.f,0.0000,0.0000
C2,450.g,450.2.a.g,0.0000,0.0000
C2,451.a,451.2.a.a,0.0000,0.0000
C2,455.a,455.2.a.a,0.0000,0.0000
C2,455.b,455.2.a.b,0.0000,0.0000
C2,456.a,456.2.a.a,0.0000,0.0000
C2,456.b,456.2.a.b,0.0000,0.0000
C2,456.c,456.2.a.c,0.0000,0.0000
C2,456.d,456.2.a.d,0.0000,0.0000
C2,458.a,458.2.a.a,0.0000,0.0000
C2,458.b,458.2.a.b,0.0000,0.0000
C2,459.a,459.2.a.a,0.0000,0.0000
C2,459.b,459.2.a.b,0.0000,0.0000
C2,459.c,459.2.a.c,0.0000,0.0000
C2,459.d,459.2.a.d,0.0000,0.0000
C2,459.e,459.2.a.e,0.0000,0.0000
C2,459.f,459.2.a.f,0.0000,0.0000
C2,459.g,459.2.a.g,0.0000,0.0000
C2,459.h,459.2.a.h,0.0000,0.0000
C2,460.a,460.2.a.a,0.0000,0.0000
C2,460.b,460.2.a.b,0.0000,0.0000
C2,460.c,460.2.a.c,0.0000,0.0000
C2,460.d,460.2.a.d,0.0000,0.0000
C2,462.a,462.2.a.a,0.0000,0.0000
C2,462.b,462.2.a.b,0.0000,0.0000
C2,462.c,462.2.a.c,0.0000,0.0000
C2,462.d,462.2.a.d,0.0000,0.0000
C2,462.e,462.2.a.e,0.0000,0.0000
C2,462.f,462.2.a.f,0.0000,0.0000
C2,462.g,462.2.a.g,0.0000,0.0000
C2,464.a,464.2.a.a,0.0000,0.0000
C2,464.b,464.2.a.b,0.0000,0.0000
C2,464.c,464.2.a.c,0.0000,0.0000
C2,464.d,464.2.a.d,0.0000,0.0000
C2,464.e,464.2.a.e,0.0000,0.0000
C2,464.f,464.2.a.f,0.0000,0.0000
C2,464.g,464.2.a.g,0.0000,0.0000
C2,465.a,465.2.a.a,0.0000,0.0000
C2,465.b,465.2.a.b,0.0000,0.0000
C2,466.a,466.2.a.a,0.0000,0.0000
C2,466.b,466.2.a.b,0.0000,0.0000
C2,467.a,467.2.a.a,0.0000,0.0000
C2,468.a,468.2.a.a,0.0000,0.0000
C2,468.b,468.2.a.b,0.0000,0.0000
C2,468.c,468.2.a.c,0.0000,0.0000
C2,468.d,468.2.a.d,0.0000,0.0000
C2,468.e,468.2.a.e,0.0000,0.0000
C2,469.a,469.2.a.a,0.0000,0.0000
C2,469.b,469.2.a.b,0.0000,0.0000
C2,470.a,470.2.a.a,0.0000,0.0000
C2,470.b,470.2.a.b,0.0000,0.0000
C2,470.c,470.2.a.c,0.0000,0.0000
C2,470.d,470.2.a.d,0.0000,0.0000
C2,470.e,470.2.a.e,0.0000,0.0000
C2,470.f,470.2.a.f,0.0000,0.0000
C2,471.a,471.2.a.a,0.0000,0.0000
C2,472.a,472.2.a.a,0.0000,0.0000
C2,472.b,472.2.a.b,0.0000,0.0000
C2,472.c,472.2.a.c,0.0000,0.0000
C2,472.d,472.2.a.d,0.0000,0.0000
C2,472.e,472.2.a.e,0.0000,0.0000
C2,473.a,473.2.a.a,0.0000,0.0000
C2,474.a,474.2.a.a,0.0000,0.0000
C2,474.b,474.2.a.b,0.0000,0.0000
C2,475.a,475.2.a.a,0.0000,0.0000
C2,475.b,475.2.a.b,0.0000,0.0000
C2,475.c,475.2.a.c,0.0000,0.0000
C2,477.a,477.2.a.a,0.0000,0.0000
C2,480.a,480.2.a.a,0.0000,0.0000
C2,480.b,480.2.a.b,0.0000,0.0000
C2,480.c,480.2.a.c,0.0000,0.0000
C2,480.d,480.2.a.d,0.0000,0.0000
C2,480.e,480.2.a.e,0.0000,0.0000
C2,480.f,480.2.a.f,0.0000,0.0000
C2,480.g,480.2.a.g,0.0000,0.0000
C2,480.h,480.2.a.h,0.0000,0.0000
C2,481.a,481.2.a.a,0.0000,0.0000
C2,482.a,482.2.a.a,0.0000,0.0000
C2,483.a,483.2.a.a,0.0000,0.0000
C2,483.b,483.2.a.b,0.0000,0.0000
C2,484.a,484.2.a.a,0.0000,0.0000
C2,485.a,485.2.a.a,0.0000,0.0000
C2,485.b,485.2.a.b,0.0000,0.0000
C2,486.a,486.2.a.a,0.0000,0.0000
C2,486.b,486.2.a.b,0.0000,0.0000
C2,486.c,486.2.a.c,0.0000,0.0000
C2,486.d,486.2.a.d,0.0000,0.0000
C2,486.e,486.2.a.e,0.0000,0.0000
C2,486.f,486.2.a.f,0.0000,0.0000
C2,490.a,490.2.a.a,0.0000,0.0000
C2,490.b,490.2.a.b,0.0000,0.0000
C2,490.c,490.2.a.c,0.0000,0.0000
C2,490.d,490.2.a.d,0.0000,0.0000
C2,490.e,490.2.a.e,0.0000,0.0000
C2,490.f,490.2.a.f,0.0000,0.0000
C2,490.g,490.2.a.g,0.0000,0.0000
C2,490.h,490.2.a.h,0.0000,0.0000
C2,490.i,490.2.a.i,0.0000,0.0000
C2,490.j,490.2.a.j,0.0000,0.0000
C2,490.k,490.2.a.k,0.0000,0.0000
C2,492.a,492.2.a.a,0.0000,0.0000
C2,492.b,492.2.a.b,0.0000,0.0000
C2,493.a,493.2.a.a,0.0000,0.0000
C2,493.b,493.2.a.b,0.0000,0.0000
C2,494.a,494.2.a.a,0.0000,0.0000
C2,494.b,494.2.a.b,0.0000,0.0000
C2,494.c,494.2.a.c,0.0000,0.0000
C2,494.d,494.2.a.d,0.0000,0.0000
C2,495.a,495.2.a.a,0.0000,0.0000
C2,496.a,496.2.a.a,0.0000,0.0000
C2,496.b,496.2.a.b,0.0000,0.0000
C2,496.c,496.2.a.c,0.0000,0.0000
C2,496.d,496.2.a.d,0.0000,0.0000
C2,496.e,496.2.a.e,0.0000,0.0000
C2,496.f,496.2.a.f,0.0000,0.0000
C2,497.a,497.2.a.a,0.0000,0.0000
C2,498.a,498.2.a.a,0.0000,0.0000
C2,498.b,498.2.a.b,0.0000,0.0000
C2,501.a,501.2.a.a,0.0000,0.0000
C2,503.a,503.2.a.a,0.0000,0.0000
C2,503.b,503.2.a.b,0.0000,0.0000
C2,503.c,503.2.a.c,0.0000,0.0000
C2,504.a,504.2.a.a,0.0000,0.0000
C2,504.b,504.2.a.b,0.0000,0.0000
C2,504.c,504.2.a.c,0.0000,0.0000
C2,504.d,504.2.a.d,0.0000,0.0000
C2,504.e,504.2.a.e,0.0000,0.0000
C2,504.f,504.2.a.f,0.0000,0.0000
C2,504.g,504.2.a.g,0.0000,0.0000
C2,504.h,504.2.a.h,0.0000,0.0000
C2,505.a,505.2.a.a,0.0000,0.0000
C2,506.a,506.2.a.a,0.0000,0.0000
C2,506.b,506.2.a.b,0.0000,0.0000
C2,506.c,506.2.a.c,0.0000,0.0000
C2,506.d,506.2.a.d,0.0000,0.0000
C2,506.e,506.2.a.e,0.0000,0.0000
C2,506.f,506.2.a.f,0.0000,0.0000
C2,507.a,507.2.a.a,0.0000,0.0000
C2,507.b,507.2.a.b,0.0000,0.0000
C2,507.c,507.2.a.c,0.0000,0.0000
C2,510.a,510.2.a.a,0.0000,0.0000
C2,510.b,510.2.a.b,0.0000,0.0000
C2,510.c,510.2.a.c,0.0000,0.0000
C2,510.d,510.2.a.d,0.0000,0.0000
C2,510.e,510.2.a.e,0.0000,0.0000
C2,510.f,510.2.a.f,0.0000,0.0000
C2,510.g,510.2.a.g,0.0000,0.0000
C2,513.a,513.2.a.a,0.0000,0.0000
C2,513.b,513.2.a.b,0.0000,0.0000
C2,514.a,514.2.a.a,0.0000,0.0000
C2,514.b,514.2.a.b,0.0000,0.0000
C2,516.a,516.2.a.a,0.0000,0.0000
C2,516.b,516.2.a.b,0.0000,0.0000
C2,516.c,516.2.a.c,0.0000,0.0000
C2,516.d,516.2.a.d,0.0000,0.0000
C2,517.a,517.2.a.a,0.0000,0.0000
C2,517.b,517.2.a.b,0.0000,0.0000
C2,517.c,517.2.a.c,0.0000,0.0000
C2,520.a,520.2.a.a,0.0000,0.0000
C2,520.b,520.2.a.b,0.0000,0.0000
C2,522.a,522.2.a.a,0.0000,0.0000
C2,522.b,522.2.a.b,0.0000,0.0000
C2,522.c,522.2.a.c,0.0000,0.0000
C2,522.d,522.2.a.d,0.0000,0.0000
C2,522.e,522.2.a.e,0.0000,0.0000
C2,522.f,522.2.a.f,0.0000,0.0000
C2,522.g,522.2.a.g,0.0000,0.0000
C2,522.h,522.2.a.h,0.0000,0.0000
C2,522.i,522.2.a.i,0.0000,0.0000
C2,522.j,522.2.a.j,0.0000,0.0000
C2,522.k,522.2.a.k,0.0000,0.0000
C2,522.l,522.2.a.l,0.0000,0.0000
C2,522.m,522.2.a.m,0.0000,0.0000
C2,524.a,524.2.a.a,0.0000,0.0000
C2,525.a,525.2.a.a,0.0000,0.0000
C2,525.b,525.2.a.b,0.0000,0.0000
C2,525.c,525.2.a.c,0.0000,0.0000
C2,525.d,525.2.a.d,0.0000,0.0000
C2,528.a,528.2.a.a,0.0000,0.0000
C2,528.b,528.2.a.b,0.0000,0.0000
C2,528.c,528.2.a.c,0.0000,0.0000
C2,528.d,528.2.a.d,0.0000,0.0000
C2,528.e,528.2.a.e,0.0000,0.0000
C2,528.f,528.2.a.f,0.0000,0.0000
C2,528.g,528.2.a.g,0.0000,0.0000
C2,528.h,528.2.a.h,0.0000,0.0000
C2,528.i,528.2.a.i,0.0000,0.0000
C2,528.j,528.2.a.j,0.0000,0.0000
C2,530.a,530.2.a.a,0.0000,0.0000
C2,530.b,530.2.a.b,0.0000,0.0000
C2,530.c,530.2.a.c,0.0000,0.0000
C2,530.d,530.2.a.d,0.0000,0.0000
C2,532.a,532.2.a.a,0.0000,0.0000
C2,534.a,534.2.a.a,0.0000,0.0000
C2,537.a,537.2.a.a,0.0000,0.0000
C2,537.b,537.2.a.b,0.0000,0.0000
C2,537.c,537.2.a.c,0.0000,0.0000
C2,537.d,537.2.a.d,0.0000,0.0000
C2,537.e,537.2.a.e,0.0000,0.0000
C2,539.a,539.2.a.a,0.0000,0.0000
C2,539.b,539.2.a.b,0.0000,0.0000
C2,539.c,539.2.a.c,0.0000,0.0000
C2,539.d,539.2.a.d,0.0000,0.0000
C2,540.a,540.2.a.a,0.0000,0.0000
C2,540.b,540.2.a.b,0.0000,0.0000
C2,540.c,540.2.a.c,0.0000,0.0000
C2,540.d,540.2.a.d,0.0000,0.0000
C2,540.e,540.2.a.e,0.0000,0.0000
C2,540.f,540.2.a.f,0.0000,0.0000
C2,542.a,542.2.a.a,0.0000,0.0000
C2,542.b,542.2.a.b,0.0000,0.0000
C2,544.a,544.2.a.a,0.0000,0.0000
C2,544.b,544.2.a.b,0.0000,0.0000
C2,544.c,544.2.a.c,0.0000,0.0000
C2,544.d,544.2.a.d,0.0000,0.0000
C2,544.e,544.2.a.e,0.0000,0.0000
C2,544.f,544.2.a.f,0.0000,0.0000
C2,545.a,545.2.a.a,0.0000,0.0000
C2,546.a,546.2.a.a,0.0000,0.0000
C2,546.b,546.2.a.b,0.0000,0.0000
C2,546.c,546.2.a.c,0.0000,0.0000
C2,546.d,546.2.a.d,0.0000,0.0000
C2,546.e,546.2.a.e,0.0000,0.0000
C2,546.f,546.2.a.f,0.0000,0.0000
C2,546.g,546.2.a.g,0.0000,0.0000
C2,549.a,549.2.a.a,0.0000,0.0000
C2,549.b,549.2.a.b,0.0000,0.0000
C2,549.c,549.2.a.c,0.0000,0.0000
C2,550.a,550.2.a.a,0.0000,0.0000
C2,550.b,550.2.a.b,0.0000,0.0000
C2,550.c,550.2.a.c,0.0000,0.0000
C2,550.d,550.2.a.d,0.0000,0.0000
C2,550.e,550.2.a.e,0.0000,0.0000
C2,550.f,550.2.a.f,0.0000,0.0000
C2,550.g,550.2.a.g,0.0000,0.0000
C2,550.h,550.2.a.h,0.0000,0.0000
C2,550.i,550.2.a.i,0.0000,0.0000
C2,550.j,550.2.a.j,0.0000,0.0000
C2,550.k,550.2.a.k,0.0000,0.0000
C2,550.l,550.2.a.l,0.0000,0.0000
C2,550.m,550.2.a.m,0.0000,0.0000
C2,551.a,551.2.a.a,0.0000,0.0000
C2,551.b,551.2.a.b,0.0000,0.0000
C2,551.c,551.2.a.c,0.0000,0.0000
C2,551.d,551.2.a.d,0.0000,0.0000
C2,552.a,552.2.a.a,0.0000,0.0000
C2,552.b,552.2.a.b,0.0000,0.0000
C2,552.c,552.2.a.c,0.0000,0.0000
C2,552.d,552.2.a.d,0.0000,0.0000
C2,552.e,552.2.a.e,0.0000,0.0000
C2,555.a,555.2.a.a,0.0000,0.0000
C2,555.b,555.2.a.b,0.0000,0.0000
C2,556.a,556.2.a.a,0.0000,0.0000
C2,557.a,557.2.a.a,0.0000,0.0000
C2,557.b,557.2.a.b,0.0000,0.0000
C2,558.a,558.2.a.a,0.0000,0.0000
C2,558.b,558.2.a.b,0.0000,0.0000
C2,558.c,558.2.a.c,0.0000,0.0000
C2,558.d,558.2.a.d,0.0000,0.0000
C2,558.e,558.2.a.e,0.0000,0.0000
C2,558.f,558.2.a.f,0.0000,0.0000
C2,558.g,558.2.a.g,0.0000,0.0000
C2,558.h,558.2.a.h,0.0000,0.0000
C2,560.a,560.2.a.a,0.0000,0.0000
C2,560.b,560.2.a.b,0.0000,0.0000
C2,560.c,560.2.a.c,0.0000,0.0000
C2,560.d,560.2.a.d,0.0000,0.0000
C2,560.e,560.2.a.e,0.0000,0.0000
C2,560.f,560.2.a.f,0.0000,0.0000
C2,561.a,561.2.a.a,0.0000,0.0000
C2,561.b,561.2.a.b,0.0000,0.0000
C2,561.c,561.2.a.c,0.0000,0.0000
C2,561.d,561.2.a.d,0.0000,0.0000
C2,562.a,562.2.a.a,0.0000,0.0000
C2,563.a,563.2.a.a,0.0000,0.0000
C2,564.a,564.2.a.a,0.0000,0.0000
C2,564.b,564.2.a.b,0.0000,0.0000
C2,565.a,565.2.a.a,0.0000,0.0000
C2,566.a,566.2.a.a,0.0000,0.0000
C2,566.b,566.2.a.b,0.0000,0.0000
C2,567.a,567.2.a.a,0.0000,0.0000
C2,567.b,567.2.a.b,0.0000,0.0000
C2,568.a,568.2.a.a,0.0000,0.0000
C2,570.a,570.2.a.a,0.0000,0.0000
C2,570.b,570.2.a.b,0.0000,0.0000
C2,570.c,570.2.a.c,0.0000,0.0000
C2,570.d,570.2.a.d,0.0000,0.0000
C2,570.e,570.2.a.e,0.0000,0.0000
C2,570.f,570.2.a.f,0.0000,0.0000
C2,570.g,570.2.a.g,0.0000,0.0000
C2,570.h,570.2.a.h,0.0000,0.0000
C2,570.i,570.2.a.i,0.0000,0.0000
C2,570.j,570.2.a.j,0.0000,0.0000
C2,570.k,570.2.a.k,0.0000,0.0000
C2,570.l,570.2.a.l,0.0000,0.0000
C2,570.m,570.2.a.m,0.0000,0.0000
C2,571.a,571.2.a.a,0.0000,0.0000
C2,571.b,571.2.a.b,0.0000,0.0000
C2,572.a,572.2.a.a,0.0000,0.0000
C2,573.a,573.2.a.a,0.0000,0.0000
C2,573.b,573.2.a.b,0.0000,0.0000
C2,573.c,573.2.a.c,0.0000,0.0000
C2,574.a,574.2.a.a,0.0000,0.0000
C2,574.b,574.2.a.b,0.0000,0.0000
C2,574.c,574.2.a.c,0.0000,0.0000
C2,574.d,574.2.a.d,0.0000,0.0000
C2,574.e,574.2.a.e,0.0000,0.0000
C2,574.f,574.2.a.f,0.0000,0.0000
C2,574.g,574.2.a.g,0.0000,0.0000
C2,574.h,574.2.a.h,0.0000,0.0000
C2,574.i,574.2.a.i,0.0000,0.0000
C2,574.j,574.2.a.j,0.0000,0.0000
C2,575.a,575.2.a.a,0.0000,0.0000
C2,575.b,575.2.a.b,0.0000,0.0000
C2,575.c,575.2.a.c,0.0000,0.0000
C2,575.d,575.2.a.d,0.0000,0.0000
C2,575.e,575.2.a.e,0.0000,0.0000
C2,576.a,576.2.a.a,0.0000,0.0000
C2,576.b,576.2.a.b,0.0000,0.0000
C2,576.c,576.2.a.c,0.0000,0.0000
C2,576.d,576.2.a.d,0.0000,0.0000
C2,576.e,576.2.a.e,0.0000,0.0000
C2,576.f,576.2.a.f,0.0000,0.0000
C2,576.g,576.2.a.g,0.0000,0.0000
C2,576.h,576.2.a.h,0.0000,0.0000
C2,576.i,576.2.a.i,0.0000,0.0000
C2,578.a,578.2.a.a,0.0000,0.0000
C2,579.a,579.2.a.a,0.0000,0.0000
C2,579.b,579.2.a.b,0.0000,0.0000
C2,580.a,580.2.a.a,0.0000,0.0000
C2,580.b,580.2.a.b,0.0000,0.0000
C2,582.a,582.2.a.a,0.0000,0.0000
C2,582.b,582.2.a.b,0.0000,0.0000
C2,582.c,582.2.a.c,0.0000,0.0000
C2,582.d,582.2.a.d,0.0000,0.0000
C2,583.a,583.2.a.a,0.0000,0.0000
C2,583.b,583.2.a.b,0.0000,0.0000
C2,583.c,583.2.a.c,0.0000,0.0000
C2,585.a,585.2.a.a,0.0000,0.0000
C2,585.b,585.2.a.b,0.0000,0.0000
C2,585.c,585.2.a.c,0.0000,0.0000
C2,585.d,585.2.a.d,0.0000,0.0000
C2,585.e,585.2.a.e,0.0000,0.0000
C2,585.f,585.2.a.f,0.0000,0.0000
C2,585.g,585.2.a.g,0.0000,0.0000
C2,585.h,585.2.a.h,0.0000,0.0000
C2,585.i,585.2.a.i,0.0000,0.0000
C2,586.a,586.2.a.a,0.0000,0.0000
C2,586.b,586.2.a.b,0.0000,0.0000
C2,586.c,586.2.a.c,0.0000,0.0000
C2,588.a,588.2.a.a,0.0000,0.0000
C2,588.b,588.2.a.b,0.0000,0.0000
C2,588.c,588.2.a.c,0.0000,0.0000
C2,588.d,588.2.a.d,0.0000,0.0000
C2,588.e,588.2.a.e,0.0000,0.0000
C2,588.f,588.2.a.f,0.0000,0.0000
C2,590.a,590.2.a.a,0.0000,0.0000
C2,590.b,590.2.a.b,0.0000,0.0000
C2,590.c,590.2.a.c,0.0000,0.0000
C2,590.d,590.2.a.d,0.0000,0.0000
C2,591.a,591.2.a.a,0.0000,0.0000
C2,592.a,592.2.a.a,0.0000,0.0000
C2,592.b,592.2.a.b,0.0000,0.0000
C2,592.c,592.2.a.c,0.0000,0.0000
C2,592.d,592.2.a.d,0.0000,0.0000
C2,592.e,592.2.a.e,0.0000,0.0000
C2,593.a,593.2.a.a,0.0000,0.0000
C2,593.b,593.2.a.b,0.0000,0.0000
C2,594.a,594.2.a.a,0.0000,0.0000
C2,594.b,594.2.a.b,0.0000,0.0000
C2,594.c,594.2.a.c,0.0000,0.0000
C2,594.d,594.2.a.d,0.0000,0.0000
C2,594.e,594.2.a.e,0.0000,0.0000
C2,594.f,594.2.a.f,0.0000,0.0000
C2,594.g,594.2.a.g,0.0000,0.0000
C2,594.h,594.2.a.h,0.0000,0.0000
C2,595.a,595.2.a.a,0.0000,0.0000
C2,595.b,595.2.a.b,0.0000,0.0000
C2,595.c,595.2.a.c,0.0000,0.0000
C2,598.a,598.2.a.a,0.0000,0.0000
C2,598.b,598.2.a.b,0.0000,0.0000
C2,598.c,598.2.a.c,0.0000,0.0000
C2,598.d,598.2.a.d,0.0000,0.0000
C2,600.a,600.2.a.a,0.0000,0.0000
C2,600.b,600.2.a.b,0.0000,0.0000
C2,600.c,600.2.a.c,0.0000,0.0000
C2,600.d,600.2.a.d,0.0000,0.0000
C2,600.e,600.2.a.e,0.0000,0.0000
C2,600.f,600.2.a.f,0.0000,0.0000
C2,600.g,600.2.a.g,0.0000,0.0000
C2,600.h,600.2.a.h,0.0000,0.0000
C2,600.i,600.2.a.i,0.0000,0.0000
C2,602.a,602.2.a.a,0.0000,0.0000
C2,602.b,602.2.a.b,0.0000,0.0000
C2,602.c,602.2.a.c,0.0000,0.0000
C2,603.a,603.2.a.a,0.0000,0.0000
C2,603.b,603.2.a.b,0.0000,0.0000
C2,603.c,603.2.a.c,0.0000,0.0000
C2,603.d,603.2.a.d,0.0000,0.0000
C2,603.e,603.2.a.e,0.0000,0.0000
C2,603.f,603.2.a.f,0.0000,0.0000
C2,605.a,605.2.a.a,0.0000,0.0000
C2,605.b,605.2.a.b,0.0000,0.0000
C2,605.c,605.2.a.c,0.0000,0.0000
C2,606.a,606.2.a.a,0.0000,0.0000
C2,606.b,606.2.a.b,0.0000,0.0000
C2,606.c,606.2.a.c,0.0000,0.0000
C2,606.d,606.2.a.d,0.0000,0.0000
C2,606.e,606.2.a.e,0.0000,0.0000
C2,606.f,606.2.a.f,0.0000,0.0000
C2,608.a,608.2.a.a,0.0000,0.0000
C2,608.b,608.2.a.b,0.0000,0.0000
C2,608.c,608.2.a.c,0.0000,0.0000
C2,608.d,608.2.a.d,0.0000,0.0000
C2,608.e,608.2.a.e,0.0000,0.0000
C2,608.f,608.2.a.f,0.0000,0.0000
C2,609.a,609.2.a.a,0.0000,0.0000
C2,609.b,609.2.a.b,0.0000,0.0000
C2,610.a,610.2.a.a,0.0000,0.0000
C2,610.b,610.2.a.b,0.0000,0.0000
C2,610.c,610.2.a.c,0.0000,0.0000
C2,611.a,611.2.a.a,0.0000,0.0000
C2,612.a,612.2.a.a,0.0000,0.0000
C2,612.b,612.2.a.b,0.0000,0.0000
C2,612.c,612.2.a.c,0.0000,0.0000
C2,612.d,612.2.a.d,0.0000,0.0000
C2,614.a,614.2.a.a,0.0000,0.0000
C2,614.b,614.2.a.b,0.0000,0.0000
C2,615.a,615.2.a.a,0.0000,0.0000
C2,615.b,615.2.a.b,0.0000,0.0000
C2,616.a,616.2.a.a,0.0000,0.0000
C2,616.b,616.2.a.b,0.0000,0.0000
C2,616.c,616.2.a.c,0.0000,0.0000
C2,616.d,616.2.a.d,0.0000,0.0000
C2,616.e,616.2.a.e,0.0000,0.0000
C2,618.a,618.2.a.a,0.0000,0.0000
C2,618.b,618.2.a.b,0.0000,0.0000
C2,618.c,618.2.a.c,0.0000,0.0000
C2,618.d,618.2.a.d,0.0000,0.0000
C2,618.e,618.2.a.e,0.0000,0.0000
C2,618.f,618.2.a.f,0.0000,0.0000
C2,618.g,618.2.a.g,0.0000,0.0000
C2,620.a,620.2.a.a,0.0000,0.0000
C2,620.b,620.2.a.b,0.0000,0.0000
C2,620.c,620.2.a.c,0.0000,0.0000
C2,621.a,621.2.a.a,0.0000,0.0000
C2,621.b,621.2.a.b,0.0000,0.0000
C2,622.a,622.2.a.a,0.0000,0.0000
C2,623.a,623.2.a.a,0.0000,0.0000
C2,624.a,624.2.a.a,0.0000,0.0000
C2,624.b,624.2.a.b,0.0000,0.0000
C2,624.c,624.2.a.c,0.0000,0.0000
C2,624.d,624.2.a.d,0.0000,0.0000
C2,624.e,624.2.a.e,0.0000,0.0000
C2,624.f,624.2.a.f,0.0000,0.0000
C2,624.g,624.2.a.g,0.0000,0.0000
C2,624.h,624.2.a.h,0.0000,0.0000
C2,624.i,624.2.a.i,0.0000,0.0000
C2,624.j,624.2.a.j,0.0000,0.0000
C2,626.a,626.2.a.a,0.0000,0.0000
C2,626.b,626.2.a.b,0.0000,0.0000
C2,627.a,627.2.a.a,0.0000,0.0000
C2,627.b,627.2.a.b,0.0000,0.0000
C2,628.a,628.2.a.a,0.0000,0.0000
C2,629.a,629.2.a.a,0.0000,0.0000
C2,629.b,629.2.a.b,0.0000,0.0000
C2,629.c,629.2.a.c,0.0000,0.0000
C2,629.d,629.2.a.d,0.0000,0.0000
C2,630.a,630.2.a.a,0.0000,0.0000
C2,630.b,630.2.a.b,0.0000,0.0000
C2,630.c,630.2.a.c,0.0000,0.0000
C2,630.d,630.2.a.d,0.0000,0.0000
C2,630.e,630.2.a.e,0.0000,0.0000
C2,630.f,630.2.a.f,0.0000,0.0000
C2,630.g,630.2.a.g,0.0000,0.0000
C2,630.h,630.2.a.h,0.0000,0.0000
C2,630.i,630.2.a.i,0.0000,0.0000
C2,630.j,630.2.a.j,0.0000,0.0000
C2,632.a,632.2.a.a,0.0000,0.0000
C2,633.a,633.2.a.a,0.0000,0.0000
C2,635.a,635.2.a.a,0.0000,0.0000
C2,635.b,635.2.a.b,0.0000,0.0000
C2,637.a,637.2.a.a,0.0000,0.0000
C2,637.b,637.2.a.b,0.0000,0.0000
C2,637.c,637.2.a.c,0.0000,0.0000
C2,637.d,637.2.a.d,0.0000,0.0000
C2,639.a,639.2.a.a,0.0000,0.0000
C2,640.a,640.2.a.a,0.0000,0.0000
C2,640.b,640.2.a.b,0.0000,0.0000
C2,640.c,640.2.a.c,0.0000,0.0000
C2,640.d,640.2.a.d,0.0000,0.0000
C2,640.e,640.2.a.e,0.0000,0.0000
C2,640.f,640.2.a.f,0.0000,0.0000
C2,640.g,640.2.a.g,0.0000,0.0000
C2,640.h,640.2.a.h,0.0000,0.0000
C2,642.a,642.2.a.a,0.0000,0.0000
C2,642.b,642.2.a.b,0.0000,0.0000
C2,642.c,642.2.a.c,0.0000,0.0000
C2,643.a,643.2.a.a,0.0000,0.0000
C2,644.a,644.2.a.a,0.0000,0.0000
C2,644.b,644.2.a.b,0.0000,0.0000
C2,645.a,645.2.a.a,0.0000,0.0000
C2,645.b,645.2.a.b,0.0000,0.0000
C2,645.c,645.2.a.c,0.0000,0.0000
C2,645.d,645.2.a.d,0.0000,0.0000
C2,645.e,645.2.a.e,0.0000,0.0000
C2,645.f,645.2.a.f,0.0000,0.0000
C2,646.a,646.2.a.a,0.0000,0.0000
C2,646.b,646.2.a.b,0.0000,0.0000
C2,646.c,646.2.a.c,0.0000,0.0000
C2,646.d,646.2.a.d,0.0000,0.0000
C2,646.e,646.2.a.e,0.0000,0.0000
C2,648.a,648.2.a.a,0.0000,0.0000
C2,648.b,648.2.a.b,0.0000,0.0000
C2,648.c,648.2.a.c,0.0000,0.0000
C2,648.d,648.2.a.d,0.0000,0.0000
C2,649.a,649.2.a.a,0.0000,0.0000
C2,650.a,650.2.a.a,0.0000,0.0000
C2,650.b,650.2.a.b,0.0000,0.0000
C2,650.c,650.2.a.c,0.0000,0.0000
C2,650.d,650.2.a.d,0.0000,0.0000
C2,650.e,650.2.a.e,0.0000,0.0000
C2,650.f,650.2.a.f,0.0000,0.0000
C2,650.g,650.2.a.g,0.0000,0.0000
C2,650.h,650.2.a.h,0.0000,0.0000
C2,650.i,650.2.a.i,0.0000,0.0000
C2,650.j,650.2.a.j,0.0000,0.0000
C2,650.k,650.2.a.k,0.0000,0.0000
C2,650.l,650.2.a.l,0.0000,0.0000
C2,650.m,650.2.a.m,0.0000,0.0000
C2,651.a,651.2.a.a,0.0000,0.0000
C2,651.b,651.2.a.b,0.0000,0.0000
C2,651.c,651.2.a.c,0.0000,0.0000
C2,651.d,651.2.a.d,0.0000,0.0000
C2,651.e,651.2.a.e,0.0000,0.0000
C2,654.a,654.2.a.a,0.0000,0.0000
C2,654.b,654.2.a.b,0.0000,0.0000
C2,655.a,655.2.a.a,0.0000,0.0000
C2,656.a,656.2.a.a,0.0000,0.0000
C2,656.b,656.2.a.b,0.0000,0.0000
C2,656.c,656.2.a.c,0.0000,0.0000
C2,657.a,657.2.a.a,0.0000,0.0000
C2,657.b,657.2.a.b,0.0000,0.0000
C2,657.c,657.2.a.c,0.0000,0.0000
C2,657.d,657.2.a.d,0.0000,0.0000
C2,658.a,658.2.a.a,0.0000,0.0000
C2,658.b,658.2.a.b,0.0000,0.0000
C2,658.c,658.2.a.c,0.0000,0.0000
C2,658.d,658.2.a.d,0.0000,0.0000
C2,658.e,658.2.a.e,0.0000,0.0000
C2,658.f,658.2.a.f,0.0000,0.0000
C2,659.a,659.2.a.a,0.0000,0.0000
C2,659.b,659.2.a.b,0.0000,0.0000
C2,660.a,660.2.a.a,0.0000,0.0000
C2,660.b,660.2.a.b,0.0000,0.0000
C2,660.c,660.2.a.c,0.0000,0.0000
C2,660.d,660.2.a.d,0.0000,0.0000
C2,662.a,662.2.a.a,0.0000,0.0000
C2,663.a,663.2.a.a,0.0000,0.0000
C2,663.b,663.2.a.b,0.0000,0.0000
C2,663.c,663.2.a.c,0.0000,0.0000
C2,664.a,664.2.a.a,0.0000,0.0000
C2,664.b,664.2.a.b,0.0000,0.0000
C2,664.c,664.2.a.c,0.0000,0.0000
C2,665.a,665.2.a.a,0.0000,0.0000
C2,665.b,665.2.a.b,0.0000,0.0000
C2,665.c,665.2.a.c,0.0000,0.0000
C2,665.d,665.2.a.d,0.0000,0.0000
C2,665.e,665.2.a.e,0.0000,0.0000
C2,666.a,666.2.a.a,0.0000,0.0000
C2,666.b,666.2.a.b,0.0000,0.0000
C2,666.c,666.2.a.c,0.0000,0.0000
C2,666.d,666.2.a.d,0.0000,0.0000
C2,666.e,666.2.a.e,0.0000,0.0000
C2,666.f,666.2.a.f,0.0000,0.0000
C2,666.g,666.2.a.g,0.0000,0.0000
C2,669.a,669.2.a.a,0.0000,0.0000
C2,670.a,670.2.a.a,0.0000,0.0000
C2,670.b,670.2.a.b,0.0000,0.0000
C2,670.c,670.2.a.c,0.0000,0.0000
C2,670.d,670.2.a.d,0.0000,0.0000
C2,672.a,672.2.a.a,0.0000,0.0000
C2,672.b,672.2.a.b,0.0000,0.0000
C2,672.c,672.2.a.c,0.0000,0.0000
C2,672.d,672.2.a.d,0.0000,0.0000
C2,672.e,672.2.a.e,0.0000,0.0000
C2,672.f,672.2.a.f,0.0000,0.0000
C2,672.g,672.2.a.g,0.0000,0.0000
C2,672.h,672.2.a.h,0.0000,0.0000
C2,674.a,674.2.a.a,0.0000,0.0000
C2,674.b,674.2.a.b,0.0000,0.0000
C2,674.c,674.2.a.c,0.0000,0.0000
C2,675.a,675.2.a.a,0.0000,0.0000
C2,675.b,675.2.a.b,0.0000,0.0000
C2,675.c,675.2.a.c,0.0000,0.0000
C2,675.d,675.2.a.d,0.0000,0.0000
C2,675.e,675.2.a.e,0.0000,0.0000
C2,675.f,675.2.a.f,0.0000,0.0000
C2,675.g,675.2.a.g,0.0000,0.0000
C2,675.h,675.2.a.h,0.0000,0.0000
C2,675.i,675.2.a.i,0.0000,0.0000
C2,676.a,676.2.a.a,0.0000,0.0000
C2,676.b,676.2.a.b,0.0000,0.0000
C2,676.c,676.2.a.c,0.0000,0.0000
C2,676.d,676.2.a.d,0.0000,0.0000
C2,676.e,676.2.a.e,0.0000,0.0000
C2,677.a,677.2.a.a,0.0000,0.0000
C2,678.a,678.2.a.a,0.0000,0.0000
C2,678.b,678.2.a.b,0.0000,0.0000
C2,678.c,678.2.a.c,0.0000,0.0000
C2,678.d,678.2.a.d,0.0000,0.0000
C2,678.e,678.2.a.e,0.0000,0.0000
C2,678.f,678.2.a.f,0.0000,0.0000
C2,680.a,680.2.a.a,0.0000,0.0000
C2,680.b,680.2.a.b,0.0000,0.0000
C2,680.c,680.2.a.c,0.0000,0.0000
C2,681.a,681.2.a.a,0.0000,0.0000
C2,681.b,681.2.a.b,0.0000,0.0000
C2,681.c,681.2.a.c,0.0000,0.0000
C2,681.d,681.2.a.d,0.0000,0.0000
C2,681.e,681.2.a.e,0.0000,0.0000
C2,682.a,682.2.a.a,0.0000,0.0000
C2,682.b,682.2.a.b,0.0000,0.0000
C2,684.a,684.2.a.a,0.0000,0.0000
C2,684.b,684.2.a.b,0.0000,0.0000
C2,684.c,684.2.a.c,0.0000,0.0000
C2,685.a,685.2.a.a,0.0000,0.0000
C2,688.a,688.2.a.a,0.0000,0.0000
C2,688.b,688.2.a.b,0.0000,0.0000
C2,688.c,688.2.a.c,0.0000,0.0000
C2,689.a,689.2.a.a,0.0000,0.0000
C2,690.a,690.2.a.a,0.0000,0.0000
C2,690.b,690.2.a.b,0.0000,0.0000
C2,690.c,690.2.a.c,0.0000,0.0000
C2,690.d,690.2.a.d,0.0000,0.0000
C2,690.e,690.2.a.e,0.0000,0.0000
C2,690.f,690.2.a.f,0.0000,0.0000
C2,690.g,690.2.a.g,0.0000,0.0000
C2,690.h,690.2.a.h,0.0000,0.0000
C2,690.i,690.2.a.i,0.0000,0.0000
C2,690.j,690.2.a.j,0.0000,0.0000
C2,690.k,690.2.a.k,0.0000,0.0000
C2,692.a,692.2.a.a,0.0000,0.0000
C2,693.a,693.2.a.a,0.0000,0.0000
C2,693.b,693.2.a.b,0.0000,0.0000
C2,693.c,693.2.a.c,0.0000,0.0000
C2,693.d,693.2.a.d,0.0000,0.0000
C2,696.a,696.2.a.a,0.0000,0.0000
C2,696.b,696.2.a.b,0.0000,0.0000
C2,696.c,696.2.a.c,0.0000,0.0000
C2,696.d,696.2.a.d,0.0000,0.0000
C2,696.e,696.2.a.e,0.0000,0.0000
C2,696.f,696.2.a.f,0.0000,0.0000
C2,696.g,696.2.a.g,0.0000,0.0000
C2,699.a,699.2.a.a,0.0000,0.0000
C2,700.a,700.2.a.a,0.0000,0.0000
C2,700.b,700.2.a.b,0.0000,0.0000
C2,700.c,700.2.a.c,0.0000,0.0000
C2,700.d,700.2.a.d,0.0000,0.0000
C2,700.e,700.2.a.e,0.0000,0.0000
C2,700.f,700.2.a.f,0.0000,0.0000
C2,700.g,700.2.a.g,0.0000,0.0000
C2,700.h,700.2.a.h,0.0000,0.0000
C2,700.i,700.2.a.i,0.0000,0.0000
C2,700.j,700.2.a.j,0.0000,0.0000
C2,701.a,701.2.a.a,0.0000,0.0000
C2,702.a,702.2.a.a,0.0000,0.0000
C2,702.b,702.2.a.b,0.0000,0.0000
C2,702.c,702.2.a.c,0.0000,0.0000
C2,702.d,702.2.a.d,0.0000,0.0000
C2,702.e,702.2.a.e,0.0000,0.0000
C2,702.f,702.2.a.f,0.0000,0.0000
C2,702.g,702.2.a.g,0.0000,0.0000
C2,702.h,702.2.a.h,0.0000,0.0000
C2,702.i,702.2.a.i,0.0000,0.0000
C2,702.j,702.2.a.j,0.0000,0.0000
C2,702.k,702.2.a.k,0.0000,0.0000
C2,702.l,702.2.a.l,0.0000,0.0000
C2,702.m,702.2.a.m,0.0000,0.0000
C2,702.n,702.2.a.n,0.0000,0.0000
C2,702.o,702.2.a.o,0.0000,0.0000
C2,702.p,702.2.a.p,0.0000,0.0000
C2,703.a,703.2.a.a,0.0000,0.0000
C2,703.b,703.2.a.b,0.0000,0.0000
C2,704.a,704.2.a.a,0.0000,0.0000
C2,704.b,704.2.a.b,0.0000,0.0000
C2,704.c,704.2.a.c,0.0000,0.0000
C2,704.d,704.2.a.d,0.0000,0.0000
C2,704.e,704.2.a.e,0.0000,0.0000
C2,704.f,704.2.a.f,0.0000,0.0000
C2,704.g,704.2.a.g,0.0000,0.0000
C2,704.h,704.2.a.h,0.0000,0.0000
C2,704.i,704.2.a.i,0.0000,0.0000
C2,704.j,704.2.a.j,0.0000,0.0000
C2,704.k,704.2.a.k,0.0000,0.0000
C2,704.l,704.2.a.l,0.0000,0.0000
C2,705.a,705.2.a.a,0.0000,0.0000
C2,705.b,705.2.a.b,0.0000,0.0000
C2,705.c,705.2.a.c,0.0000,0.0000
C2,705.d,705.2.a.d,0.0000,0.0000
C2,705.e,705.2.a.e,0.0000,0.0000
C2,705.f,705.2.a.f,0.0000,0.0000
C2,706.a,706.2.a.a,0.0000,0.0000
C2,706.b,706.2.a.b,0.0000,0.0000
C2,706.c,706.2.a.c,0.0000,0.0000
C2,706.d,706.2.a.d,0.0000,0.0000
C2,707.a,707.2.a.a,0.0000,0.0000
C2,708.a,708.2.a.a,0.0000,0.0000
C2,709.a,709.2.a.a,0.0000,0.0000
C2,710.a,710.2.a.a,0.0000,0.0000
C2,710.b,710.2.a.b,0.0000,0.0000
C2,710.c,710.2.a.c,0.0000,0.0000
C2,710.d,710.2.a.d,0.0000,0.0000
C2,711.a,711.2.a.a,0.0000,0.0000
C2,711.b,711.2.a.b,0.0000,0.0000
C2,711.c,711.2.a.c,0.0000,0.0000
C2,712.a,712.2.a.a,0.0000,0.0000
C2,713.a,713.2.a.a,0.0000,0.0000
C2,714.a,714.2.a.a,0.0000,0.0000
C2,714.b,714.2.a.b,0.0000,0.0000
C2,714.c,714.2.a.c,0.0000,0.0000
C2,714.d,714.2.a.d,0.0000,0.0000
C2,714.e,714.2.a.e,0.0000,0.0000
C2,714.f,714.2.a.f,0.0000,0.0000
C2,714.g,714.2.a.g,0.0000,0.0000
C2,714.h,714.2.a.h,0.0000,0.0000
C2,714.i,714.2.a.i,0.0000,0.0000
C2,715.a,715.2.a.a,0.0000,0.0000
C2,715.b,715.2.a.b,0.0000,0.0000
C2,718.a,718.2.a.a,0.0000,0.0000
C2,718.b,718.2.a.b,0.0000,0.0000
C2,718.c,718.2.a.c,0.0000,0.0000
C2,720.a,720.2.a.a,0.0000,0.0000
C2,720.b,720.2.a.b,0.0000,0.0000
C2,720.c,720.2.a.c,0.0000,0.0000
C2,720.d,720.2.a.d,0.0000,0.0000
C2,720.e,720.2.a.e,0.0000,0.0000
C2,720.f,720.2.a.f,0.0000,0.0000
C2,720.g,720.2.a.g,0.0000,0.0000
C2,720.h,720.2.a.h,0.0000,0.0000
C2,720.i,720.2.a.i,0.0000,0.0000
C2,720.j,720.2.a.j,0.0000,0.0000
C2,722.a,722.2.a.a,0.0000,0.0000
C2,722.b,722.2.a.b,0.0000,0.0000
C2,722.c,722.2.a.c,0.0000,0.0000
C2,722.d,722.2.a.d,0.0000,0.0000
C2,722.e,722.2.a.e,0.0000,0.0000
C2,722.f,722.2.a.f,0.0000,0.0000
C2,723.a,723.2.a.a,0.0000,0.0000
C2,723.b,723.2.a.b,0.0000,0.0000
C2,725.a,725.2.a.a,0.0000,0.0000
C2,726.a,726.2.a.a,0.0000,0.0000
C2,726.b,726.2.a.b,0.0000,0.0000
C2,726.c,726.2.a.c,0.0000,0.0000
C2,726.d,726.2.a.d,0.0000,0.0000
C2,726.e,726.2.a.e,0.0000,0.0000
C2,726.f,726.2.a.f,0.0000,0.0000
C2,726.g,726.2.a.g,0.0000,0.0000
C2,726.h,726.2.a.h,0.0000,0.0000
C2,726.i,726.2.a.i,0.0000,0.0000
C2,728.a,728.2.a.a,0.0000,0.0000
C2,728.b,728.2.a.b,0.0000,0.0000
C2,728.c,728.2.a.c,0.0000,0.0000
C2,728.d,728.2.a.d,0.0000,0.0000
C2,730.a,730.2.a.a,0.0000,0.0000
C2,730.b,730.2.a.b,0.0000,0.0000
C2,730.c,730.2.a.c,0.0000,0.0000
C2,730.d,730.2.a.d,0.0000,0.0000
C2,730.e,730.2.a.e,0.0000,0.0000
C2,730.f,730.2.a.f,0.0000,0.0000
C2,730.g,730.2.a.g,0.0000,0.0000
C2,730.h,730.2.a.h,0.0000,0.0000
C2,730.i,730.2.a.i,0.0000,0.0000
C2,730.j,730.2.a.j,0.0000,0.0000
C2,730.k,730.2.a.k,0.0000,0.0000
C2,731.a,731.2.a.a,0.0000,0.0000
C2,732.a,732.2.a.a,0.0000,0.0000
C2,732.b,732.2.a.b,0.0000,0.0000
C2,732.c,732.2.a.c,0.0000,0.0000
C2,733.a,733.2.a.a,0.0000,0.0000
C2,734.a,734.2.a.a,0.0000,0.0000
C2,735.a,735.2.a.a,0.0000,0.0000
C2,735.b,735.2.a.b,0.0000,0.0000
C2,735.c,735.2.a.c,0.0000,0.0000
C2,735.d,735.2.a.d,0.0000,0.0000
C2,735.e,735.2.a.e,0.0000,0.0000
C2,735.f,735.2.a.f,0.0000,0.0000
C2,737.a,737.2.a.a,0.0000,0.0000
C2,738.a,738.2.a.a,0.0000,0.0000
C2,738.b,738.2.a.b,0.0000,0.0000
C2,738.c,738.2.a.c,0.0000,0.0000
C2,738.d,738.2.a.d,0.0000,0.0000
C2,738.e,738.2.a.e,0.0000,0.0000
C2,738.f,738.2.a.f,0.0000,0.0000
C2,738.g,738.2.a.g,0.0000,0.0000
C2,738.h,738.2.a.h,0.0000,0.0000
C2,738.i,738.2.a.i,0.0000,0.0000
C2,738.j,738.2.a.j,0.0000,0.0000
C2,739.a,739.2.a.a,0.0000,0.0000
C2,740.a,740.2.a.a,0.0000,0.0000
C2,740.b,740.2.a.b,0.0000,0.0000
C2,740.c,740.2.a.c,0.0000,0.0000
C2,741.a,741.2.a.a,0.0000,0.0000
C2,741.b,741.2.a.b,0.0000,0.0000
C2,741.c,741.2.a.c,0.0000,0.0000
C2,741.d,741.2.a.d,0.0000,0.0000
C2,741.e,741.2.a.e,0.0000,0.0000
C2,742.a,742.2.a.a,0.0000,0.0000
C2,742.b,742.2.a.b,0.0000,0.0000
C2,742.c,742.2.a.c,0.0000,0.0000
C2,742.d,742.2.a.d,0.0000,0.0000
C2,742.e,742.2.a.e,0.0000,0.0000
C2,742.f,742.2.a.f,0.0000,0.0000
C2,742.g,742.2.a.g,0.0000,0.0000
C2,744.a,744.2.a.a,0.0000,0.0000
C2,744.b,744.2.a.b,0.0000,0.0000
C2,744.c,744.2.a.c,0.0000,0.0000
C2,744.d,744.2.a.d,0.0000,0.0000
C2,744.e,744.2.a.e,0.0000,0.0000
C2,744.f,744.2.a.f,0.0000,0.0000
C2,744.g,744.2.a.g,0.0000,0.0000
C2,747.a,747.2.a.a,0.0000,0.0000
C2,747.b,747.2.a.b,0.0000,0.0000
C2,747.c,747.2.a.c,0.0000,0.0000
C2,747.d,747.2.a.d,0.0000,0.0000
C2,747.e,747.2.a.e,0.0000,0.0000
C2,748.a,748.2.a.a,0.0000,0.0000
C2,749.a,749.2.a.a,0.0000,0.0000
C2,752.a,752.2.a.a,0.0000,0.0000
C2,753.a,753.2.a.a,0.0000,0.0000
C2,753.b,753.2.a.b,0.0000,0.0000
C2,753.c,753.2.a.c,0.0000,0.0000
C2,754.a,754.2.a.a,0.0000,0.0000
C2,754.b,754.2.a.b,0.0000,0.0000
C2,754.c,754.2.a.c,0.0000,0.0000
C2,754.d,754.2.a.d,0.0000,0.0000
C2,755.a,755.2.a.a,0.0000,0.0000
C2,755.b,755.2.a.b,0.0000,0.0000
C2,755.c,755.2.a.c,0.0000,0.0000
C2,755.d,755.2.a.d,0.0000,0.0000
C2,755.e,755.2.a.e,0.0000,0.0000
C2,755.f,755.2.a.f,0.0000,0.0000
C2,756.a,756.2.a.a,0.0000,0.0000
C2,756.b,756.2.a.b,0.0000,0.0000
C2,756.c,756.2.a.c,0.0000,0.0000
C2,756.d,756.2.a.d,0.0000,0.0000
C2,756.e,756.2.a.e,0.0000,0.0000
C2,756.f,756.2.a.f,0.0000,0.0000
C2,758.a,758.2.a.a,0.0000,0.0000
C2,758.b,758.2.a.b,0.0000,0.0000
C2,759.a,759.2.a.a,0.0000,0.0000
C2,759.b,759.2.a.b,0.0000,0.0000
C2,760.a,760.2.a.a,0.0000,0.0000
C2,760.b,760.2.a.b,0.0000,0.0000
C2,760.c,760.2.a.c,0.0000,0.0000
C2,760.d,760.2.a.d,0.0000,0.0000
C2,760.e,760.2.a.e,0.0000,0.0000
C2,762.a,762.2.a.a,0.0000,0.0000
C2,762.b,762.2.a.b,0.0000,0.0000
C2,762.c,762.2.a.c,0.0000,0.0000
C2,762.d,762.2.a.d,0.0000,0.0000
C2,762.e,762.2.a.e,0.0000,0.0000
C2,762.f,762.2.a.f,0.0000,0.0000
C2,762.g,762.2.a.g,0.0000,0.0000
C2,763.a,763.2.a.a,0.0000,0.0000
C2,765.a,765.2.a.a,0.0000,0.0000
C2,765.b,765.2.a.b,0.0000,0.0000
C2,765.c,765.2.a.c,0.0000,0.0000
C2,766.a,766.2.a.a,0.0000,0.0000
C2,768.a,768.2.a.a,0.0000,0.0000
C2,768.b,768.2.a.b,0.0000,0.0000
C2,768.c,768.2.a.c,0.0000,0.0000
C2,768.d,768.2.a.d,0.0000,0.0000
C2,768.e,768.2.a.e,0.0000,0.0000
C2,768.f,768.2.a.f,0.0000,0.0000
C2,768.g,768.2.a.g,0.0000,0.0000
C2,768.h,768.2.a.h,0.0000,0.0000
C2,770.a,770.2.a.a,0.0000,0.0000
C2,770.b,770.2.a.b,0.0000,0.0000
C2,770.c,770.2.a.c,0.0000,0.0000
C2,770.d,770.2.a.d,0.0000,0.0000
C2,770.e,770.2.a.e,0.0000,0.0000
C2,770.f,770.2.a.f,0.0000,0.0000
C2,770.g,770.2.a.g,0.0000,0.0000
C2,774.a,774.2.a.a,0.0000,0.0000
C2,774.b,774.2.a.b,0.0000,0.0000
C2,774.c,774.2.a.c,0.0000,0.0000
C2,774.d,774.2.a.d,0.0000,0.0000
C2,774.e,774.2.a.e,0.0000,0.0000
C2,774.f,774.2.a.f,0.0000,0.0000
C2,774.g,774.2.a.g,0.0000,0.0000
C2,774.h,774.2.a.h,0.0000,0.0000
C2,774.i,774.2.a.i,0.0000,0.0000
C2,775.a,775.2.a.a,0.0000,0.0000
C2,775.b,775.2.a.b,0.0000,0.0000
C2,775.c,775.2.a.c,0.0000,0.0000
C2,776.a,776.2.a.a,0.0000,0.0000
C2,777.a,777.2.a.a,0.0000,0.0000
C2,777.b,777.2.a.b,0.0000,0.0000
C2,777.c,777.2.a.c,0.0000,0.0000
C2,777.d,777.2.a.d,0.0000,0.0000
C2,777.e,777.2.a.e,0.0000,0.0000
C2,777.f,777.2.a.f,0.0000,0.0000
C2,777.g,777.2.a.g,0.0000,0.0000
C2,780.a,780.2.a.a,0.0000,0.0000
C2,780.b,780.2.a.b,0.0000,0.0000
C2,780.c,780.2.a.c,0.0000,0.0000
C2,780.d,780.2.a.d,0.0000,0.0000
C2,781.a,781.2.a.a,0.0000,0.0000
C2,781.b,781.2.a.b,0.0000,0.0000
C2,782.a,782.2.a.a,0.0000,0.0000
C2,782.b,782.2.a.b,0.0000,0.0000
C2,782.c,782.2.a.c,0.0000,0.0000
C2,782.d,782.2.a.d,0.0000,0.0000
C2,782.e,782.2.a.e,0.0000,0.0000
C2,784.a,784.2.a.a,0.0000,0.0000
C2,784.b,784.2.a.b,0.0000,0.0000
C2,784.c,784.2.a.c,0.0000,0.0000
C2,784.d,784.2.a.d,0.0000,0.0000
C2,784.e,784.2.a.e,0.0000,0.0000
C2,784.f,784.2.a.f,0.0000,0.0000
C2,784.g,784.2.a.g,0.0000,0.0000
C2,784.h,784.2.a.h,0.0000,0.0000
C2,784.i,784.2.a.i,0.0000,0.0000
C2,784.j,784.2.a.j,0.0000,0.0000
C2,786.a,786.2.a.a,0.0000,0.0000
C2,786.b,786.2.a.b,0.0000,0.0000
C2,786.c,786.2.a.c,0.0000,0.0000
C2,786.d,786.2.a.d,0.0000,0.0000
C2,786.e,786.2.a.e,0.0000,0.0000
C2,786.f,786.2.a.f,0.0000,0.0000
C2,786.g,786.2.a.g,0.0000,0.0000
C2,786.h,786.2.a.h,0.0000,0.0000
C2,786.i,786.2.a.i,0.0000,0.0000
C2,786.j,786.2.a.j,0.0000,0.0000
C2,786.k,786.2.a.k,0.0000,0.0000
C2,786.l,786.2.a.l,0.0000,0.0000
C2,786.m,786.2.a.m,0.0000,0.0000
C2,790.a,790.2.a.a,0.0000,0.0000
C2,791.a,791.2.a.a,0.0000,0.0000
C2,791.b,791.2.a.b,0.0000,0.0000
C2,791.c,791.2.a.c,0.0000,0.0000
C2,792.a,792.2.a.a,0.0000,0.0000
C2,792.b,792.2.a.b,0.0000,0.0000
C2,792.c,792.2.a.c,0.0000,0.0000
C2,792.d,792.2.a.d,0.0000,0.0000
C2,792.e,792.2.a.e,0.0000,0.0000
C2,792.f,792.2.a.f,0.0000,0.0000
C2,792.g,792.2.a.g,0.0000,0.0000
C2,793.a,793.2.a.a,0.0000,0.0000
C2,794.a,794.2.a.a,0.0000,0.0000
C2,794.b,794.2.a.b,0.0000,0.0000
C2,794.c,794.2.a.c,0.0000,0.0000
C2,794.d,794.2.a.d,0.0000,0.0000
C2,795.a,795.2.a.a,0.0000,0.0000
C2,795.b,795.2.a.b,0.0000,0.0000
C2,795.c,795.2.a.c,0.0000,0.0000
C2,795.d,795.2.a.d,0.0000,0.0000
C2,797.a,797.2.a.a,0.0000,0.0000
C2,798.a,798.2.a.a,0.0000,0.0000
C2,798.b,798.2.a.b,0.0000,0.0000
C2,798.c,798.2.a.c,0.0000,0.0000
C2,798.d,798.2.a.d,0.0000,0.0000
C2,798.e,798.2.a.e,0.0000,0.0000
C2,798.f,798.2.a.f,0.0000,0.0000
C2,798.g,798.2.a.g,0.0000,0.0000
C2,798.h,798.2.a.h,0.0000,0.0000
C2,798.i,798.2.a.i,0.0000,0.0000
C2,799.a,799.2.a.a,0.0000,0.0000
C2,799.b,799.2.a.b,0.0000,0.0000
C2,800.a,800.2.a.a,0.0000,0.0000
C2,800.b,800.2.a.b,0.0000,0.0000
C2,800.c,800.2.a.c,0.0000,0.0000
C2,800.d,800.2.a.d,0.0000,0.0000
C2,800.e,800.2.a.e,0.0000,0.0000
C2,800.f,800.2.a.f,0.0000,0.0000
C2,800.g,800.2.a.g,0.0000,0.0000
C2,800.h,800.2.a.h,0.0000,0.0000
C2,800.i,800.2.a.i,0.0000,0.0000
C2,801.a,801.2.a.a,0.0000,0.0000
C2,801.b,801.2.a.b,0.0000,0.0000
C2,801.c,801.2.a.c,0.0000,0.0000
C2,801.d,801.2.a.d,0.0000,0.0000
C2,802.a,802.2.a.a,0.0000,0.0000
C2,802.b,802.2.a.b,0.0000,0.0000
C2,804.a,804.2.a.a,0.0000,0.0000
C2,804.b,804.2.a.b,0.0000,0.0000
C2,804.c,804.2.a.c,0.0000,0.0000
C2,804.d,804.2.a.d,0.0000,0.0000
C2,805.a,805.2.a.a,0.0000,0.0000
C2,805.b,805.2.a.b,0.0000,0.0000
C2,805.c,805.2.a.c,0.0000,0.0000
C2,805.d,805.2.a.d,0.0000,0.0000
C2,806.a,806.2.a.a,0.0000,0.0000
C2,806.b,806.2.a.b,0.0000,0.0000
C2,806.c,806.2.a.c,0.0000,0.0000
C2,806.d,806.2.a.d,0.0000,0.0000
C2,806.e,806.2.a.e,0.0000,0.0000
C2,806.f,806.2.a.f,0.0000,0.0000
C2,807.a,807.2.a.a,0.0000,0.0000
C2,808.a,808.2.a.a,0.0000,0.0000
C2,808.b,808.2.a.b,0.0000,0.0000
C2,810.a,810.2.a.a,0.0000,0.0000
C2,810.b,810.2.a.b,0.0000,0.0000
C2,810.c,810.2.a.c,0.0000,0.0000
C2,810.d,810.2.a.d,0.0000,0.0000
C2,810.e,810.2.a.e,0.0000,0.0000
C2,810.f,810.2.a.f,0.0000,0.0000
C2,810.g,810.2.a.g,0.0000,0.0000
C2,810.h,810.2.a.h,0.0000,0.0000
C2,811.a,811.2.a.a,0.0000,0.0000
C2,812.a,812.2.a.a,0.0000,0.0000
C2,812.b,812.2.a.b,0.0000,0.0000
C2,813.a,813.2.a.a,0.0000,0.0000
C2,813.b,813.2.a.b,0.0000,0.0000
C2,814.a,814.2.a.a,0.0000,0.0000
C2,814.b,814.2.a.b,0.0000,0.0000
C2,815.a,815.2.a.a,0.0000,0.0000
C2,816.a,816.2.a.a,0.0000,0.0000
C2,816.b,816.2.a.b,0.0000,0.0000
C2,816.c,816.2.a.c,0.0000,0.0000
C2,816.d,816.2.a.d,0.0000,0.0000
C2,816.e,816.2.a.e,0.0000,0.0000
C2,816.f,816.2.a.f,0.0000,0.0000
C2,816.g,816.2.a.g,0.0000,0.0000
C2,816.h,816.2.a.h,0.0000,0.0000
C2,816.i,816.2.a.i,0.0000,0.0000
C2,816.j,816.2.a.j,0.0000,0.0000
C2,817.a,817.2.a.a,0.0000,0.0000
C2,817.b,817.2.a.b,0.0000,0.0000
C2,819.a,819.2.a.a,0.0000,0.0000
C2,819.b,819.2.a.b,0.0000,0.0000
C2,819.c,819.2.a.c,0.0000,0.0000
C2,819.d,819.2.a.d,0.0000,0.0000
C2,819.e,819.2.a.e,0.0000,0.0000
C2,819.f,819.2.a.f,0.0000,0.0000
C2,822.a,822.2.a.a,0.0000,0.0000
C2,822.b,822.2.a.b,0.0000,0.0000
C2,822.c,822.2.a.c,0.0000,0.0000
C2,822.d,822.2.a.d,0.0000,0.0000
C2,822.e,822.2.a.e,0.0000,0.0000
C2,822.f,822.2.a.f,0.0000,0.0000
C2,825.a,825.2.a.a,0.0000,0.0000
C2,825.b,825.2.a.b,0.0000,0.0000
C2,825.c,825.2.a.c,0.0000,0.0000
C2,826.a,826.2.a.a,0.0000,0.0000
C2,826.b,826.2.a.b,0.0000,0.0000
C2,827.a,827.2.a.a,0.0000,0.0000
C2,828.a,828.2.a.a,0.0000,0.0000
C2,828.b,828.2.a.b,0.0000,0.0000
C2,828.c,828.2.a.c,0.0000,0.0000
C2,828.d,828.2.a.d,0.0000,0.0000
C2,829.a,829.2.a.a,0.0000,0.0000
C2,830.a,830.2.a.a,0.0000,0.0000
C2,830.b,830.2.a.b,0.0000,0.0000
C2,830.c,830.2.a.c,0.0000,0.0000
C2,831.a,831.2.a.a,0.0000,0.0000
C2,832.a,832.2.a.a,0.0000,0.0000
C2,832.b,832.2.a.b,0.0000,0.0000
C2,832.c,832.2.a.c,0.0000,0.0000
C2,832.d,832.2.a.d,0.0000,0.0000
C2,832.e,832.2.a.e,0.0000,0.0000
C2,832.f,832.2.a.f,0.0000,0.0000
C2,832.g,832.2.a.g,0.0000,0.0000
C2,832.h,832.2.a.h,0.0000,0.0000
C2,832.i,832.2.a.i,0.0000,0.0000
C2,832.j,832.2.a.j,0.0000,0.0000
C2,833.a,833.2.a.a,0.0000,0.0000
C2,834.a,834.2.a.a,0.0000,0.0000
C2,834.b,834.2.a.b,0.0000,0.0000
C2,834.c,834.2.a.c,0.0000,0.0000
C2,834.d,834.2.a.d,0.0000,0.0000
C2,834.e,834.2.a.e,0.0000,0.0000
C2,834.f,834.2.a.f,0.0000,0.0000
C2,834.g,834.2.a.g,0.0000,0.0000
C2,836.a,836.2.a.a,0.0000,0.0000
C2,836.b,836.2.a.b,0.0000,0.0000
C2,840.a,840.2.a.a,0.0000,0.0000
C2,840.b,840.2.a.b,0.0000,0.0000
C2,840.c,840.2.a.c,0.0000,0.0000
C2,840.d,840.2.a.d,0.0000,0.0000
C2,840.e,840.2.a.e,0.0000,0.0000
C2,840.f,840.2.a.f,0.0000,0.0000
C2,840.g,840.2.a.g,0.0000,0.0000
C2,840.h,840.2.a.h,0.0000,0.0000
C2,840.i,840.2.a.i,0.0000,0.0000
C2,840.j,840.2.a.j,0.0000,0.0000
C2,842.a,842.2.a.a,0.0000,0.0000
C2,842.b,842.2.a.b,0.0000,0.0000
C2,843.a,843.2.a.a,0.0000,0.0000
C2,845.a,845.2.a.a,0.0000,0.0000
C2,846.a,846.2.a.a,0.0000,0.0000
C2,846.b,846.2.a.b,0.0000,0.0000
C2,846.c,846.2.a.c,0.0000,0.0000
C2,847.a,847.2.a.a,0.0000,0.0000
C2,847.b,847.2.a.b,0.0000,0.0000
C2,847.c,847.2.a.c,0.0000,0.0000
C2,848.a,848.2.a.a,0.0000,0.0000
C2,848.b,848.2.a.b,0.0000,0.0000
C2,848.c,848.2.a.c,0.0000,0.0000
C2,848.d,848.2.a.d,0.0000,0.0000
C2,848.e,848.2.a.e,0.0000,0.0000
C2,848.f,848.2.a.f,0.0000,0.0000
C2,848.g,848.2.a.g,0.0000,0.0000
C2,849.a,849.2.a.a,0.0000,0.0000
C2,850.a,850.2.a.a,0.0000,0.0000
C2,850.b,850.2.a.b,0.0000,0.0000
C2,850.c,850.2.a.c,0.0000,0.0000
C2,850.d,850.2.a.d,0.0000,0.0000
C2,850.e,850.2.a.e,0.0000,0.0000
C2,850.f,850.2.a.f,0.0000,0.0000
C2,850.g,850.2.a.g,0.0000,0.0000
C2,850.h,850.2.a.h,0.0000,0.0000
C2,850.i,850.2.a.i,0.0000,0.0000
C2,850.j,850.2.a.j,0.0000,0.0000
C2,850.k,850.2.a.k,0.0000,0.0000
C2,850.l,850.2.a.l,0.0000,0.0000
C2,851.a,851.2.a.a,0.0000,0.0000
C2,854.a,854.2.a.a,0.0000,0.0000
C2,854.b,854.2.a.b,0.0000,0.0000
C2,854.c,854.2.a.c,0.0000,0.0000
C2,854.d,854.2.a.d,0.0000,0.0000
C2,855.a,855.2.a.a,0.0000,0.0000
C2,855.b,855.2.a.b,0.0000,0.0000
C2,855.c,855.2.a.c,0.0000,0.0000
C2,856.a,856.2.a.a,0.0000,0.0000
C2,856.b,856.2.a.b,0.0000,0.0000
C2,856.c,856.2.a.c,0.0000,0.0000
C2,856.d,856.2.a.d,0.0000,0.0000
C2,858.a,858.2.a.a,0.0000,0.0000
C2,858.b,858.2.a.b,0.0000,0.0000
C2,858.c,858.2.a.c,0.0000,0.0000
C2,858.d,858.2.a.d,0.0000,0.0000
C2,858.e,858.2.a.e,0.0000,0.0000
C2,858.f,858.2.a.f,0.0000,0.0000
C2,858.g,858.2.a.g,0.0000,0.0000
C2,858.h,858.2.a.h,0.0000,0.0000
C2,858.i,858.2.a.i,0.0000,0.0000
C2,858.j,858.2.a.j,0.0000,0.0000
C2,858.k,858.2.a.k,0.0000,0.0000
C2,858.l,858.2.a.l,0.0000,0.0000
C2,858.m,858.2.a.m,0.0000,0.0000
C2,861.a,861.2.a.a,0.0000,0.0000
C2,861.b,861.2.a.b,0.0000,0.0000
C2,861.c,861.2.a.c,0.0000,0.0000
C2,861.d,861.2.a.d,0.0000,0.0000
C2,862.a,862.2.a.a,0.0000,0.0000
C2,862.b,862.2.a.b,0.0000,0.0000
C2,862.c,862.2.a.c,0.0000,0.0000
C2,862.d,862.2.a.d,0.0000,0.0000
C2,862.e,862.2.a.e,0.0000,0.0000
C2,862.f,862.2.a.f,0.0000,0.0000
C2,864.a,864.2.a.a,0.0000,0.0000
C2,864.b,864.2.a.b,0.0000,0.0000
C2,864.c,864.2.a.c,0.0000,0.0000
C2,864.d,864.2.a.d,0.0000,0.0000
C2,864.e,864.2.a.e,0.0000,0.0000
C2,864.f,864.2.a.f,0.0000,0.0000
C2,864.g,864.2.a.g,0.0000,0.0000
C2,864.h,864.2.a.h,0.0000,0.0000
C2,864.i,864.2.a.i,0.0000,0.0000
C2,864.j,864.2.a.j,0.0000,0.0000
C2,864.k,864.2.a.k,0.0000,0.0000
C2,864.l,864.2.a.l,0.0000,0.0000
C2,866.a,866.2.a.a,0.0000,0.0000
C2,867.a,867.2.a.a,0.0000,0.0000
C2,867.b,867.2.a.b,0.0000,0.0000
C2,867.c,867.2.a.c,0.0000,0.0000
C2,867.d,867.2.a.d,0.0000,0.0000
C2,867.e,867.2.a.e,0.0000,0.0000
C2,869.a,869.2.a.a,0.0000,0.0000
C2,869.b,869.2.a.b,0.0000,0.0000
C2,869.c,869.2.a.c,0.0000,0.0000
C2,869.d,869.2.a.d,0.0000,0.0000
C2,870.a,870.2.a.a,0.0000,0.0000
C2,870.b,870.2.a.b,0.0000,0.0000
C2,870.c,870.2.a.c,0.0000,0.0000
C2,870.d,870.2.a.d,0.0000,0.0000
C2,870.e,870.2.a.e,0.0000,0.0000
C2,870.f,870.2.a.f,0.0000,0.0000
C2,870.g,870.2.a.g,0.0000,0.0000
C2,870.h,870.2.a.h,0.0000,0.0000
C2,870.i,870.2.a.i,0.0000,0.0000
C2,871.a,871.2.a.a,0.0000,0.0000
C2,872.a,872.2.a.a,0.0000,0.0000
C2,873.a,873.2.a.a,0.0000,0.0000
C2,873.b,873.2.a.b,0.0000,0.0000
C2,873.c,873.2.a.c,0.0000,0.0000
C2,873.d,873.2.a.d,0.0000,0.0000
C2,874.a,874.2.a.a,0.0000,0.0000
C2,874.b,874.2.a.b,0.0000,0.0000
C2,874.c,874.2.a.c,0.0000,0.0000
C2,874.d,874.2.a.d,0.0000,0.0000
C2,874.e,874.2.a.e,0.0000,0.0000
C2,874.f,874.2.a.f,0.0000,0.0000
C2,876.a,876.2.a.a,0.0000,0.0000
C2,876.b,876.2.a.b,0.0000,0.0000
C2,880.a,880.2.a.a,0.0000,0.0000
C2,880.b,880.2.a.b,0.0000,0.0000
C2,880.c,880.2.a.c,0.0000,0.0000
C2,880.d,880.2.a.d,0.0000,0.0000
C2,880.e,880.2.a.e,0.0000,0.0000
C2,880.f,880.2.a.f,0.0000,0.0000
C2,880.g,880.2.a.g,0.0000,0.0000
C2,880.h,880.2.a.h,0.0000,0.0000
C2,880.i,880.2.a.i,0.0000,0.0000
C2,880.j,880.2.a.j,0.0000,0.0000
C2,882.a,882.2.a.a,0.0000,0.0000
C2,882.b,882.2.a.b,0.0000,0.0000
C2,882.c,882.2.a.c,0.0000,0.0000
C2,882.d,882.2.a.d,0.0000,0.0000
C2,882.e,882.2.a.e,0.0000,0.0000
C2,882.f,882.2.a.f,0.0000,0.0000
C2,882.g,882.2.a.g,0.0000,0.0000
C2,882.h,882.2.a.h,0.0000,0.0000
C2,882.i,882.2.a.i,0.0000,0.0000
C2,882.j,882.2.a.j,0.0000,0.0000
C2,882.k,882.2.a.k,0.0000,0.0000
C2,882.l,882.2.a.l,0.0000,0.0000
C2,885.a,885.2.a.a,0.0000,0.0000
C2,885.b,885.2.a.b,0.0000,0.0000
C2,885.c,885.2.a.c,0.0000,0.0000
C2,885.d,885.2.a.d,0.0000,0.0000
C2,886.a,886.2.a.a,0.0000,0.0000
C2,886.b,886.2.a.b,0.0000,0.0000
C2,886.c,886.2.a.c,0.0000,0.0000
C2,886.d,886.2.a.d,0.0000,0.0000
C2,886.e,886.2.a.e,0.0000,0.0000
C2,888.a,888.2.a.a,0.0000,0.0000
C2,888.b,888.2.a.b,0.0000,0.0000
C2,888.c,888.2.a.c,0.0000,0.0000
C2,888.d,888.2.a.d,0.0000,0.0000
C2,890.a,890.2.a.a,0.0000,0.0000
C2,890.b,890.2.a.b,0.0000,0.0000
C2,890.c,890.2.a.c,0.0000,0.0000
C2,890.d,890.2.a.d,0.0000,0.0000
C2,890.e,890.2.a.e,0.0000,0.0000
C2,890.f,890.2.a.f,0.0000,0.0000
C2,890.g,890.2.a.g,0.0000,0.0000
C2,890.h,890.2.a.h,0.0000,0.0000
C2,891.a,891.2.a.a,0.0000,0.0000
C2,891.b,891.2.a.b,0.0000,0.0000
C2,891.c,891.2.a.c,0.0000,0.0000
C2,891.d,891.2.a.d,0.0000,0.0000
C2,891.e,891.2.a.e,0.0000,0.0000
C2,891.f,891.2.a.f,0.0000,0.0000
C2,891.g,891.2.a.g,0.0000,0.0000
C2,891.h,891.2.a.h,0.0000,0.0000
C2,892.a,892.2.a.a,0.0000,0.0000
C2,892.b,892.2.a.b,0.0000,0.0000
C2,892.c,892.2.a.c,0.0000,0.0000
C2,894.a,894.2.a.a,0.0000,0.0000
C2,894.b,894.2.a.b,0.0000,0.0000
C2,894.c,894.2.a.c,0.0000,0.0000
C2,894.d,894.2.a.d,0.0000,0.0000
C2,894.e,894.2.a.e,0.0000,0.0000
C2,894.f,894.2.a.f,0.0000,0.0000
C2,894.g,894.2.a.g,0.0000,0.0000
C2,895.a,895.2.a.a,0.0000,0.0000
C2,895.b,895.2.a.b,0.0000,0.0000
C2,896.a,896.2.a.a,0.0000,0.0000
C2,896.b,896.2.a.b,0.0000,0.0000
C2,896.c,896.2.a.c,0.0000,0.0000
C2,896.d,896.2.a.d,0.0000,0.0000
C2,897.a,897.2.a.a,0.0000,0.0000
C2,897.b,897.2.a.b,0.0000,0.0000
C2,897.c,897.2.a.c,0.0000,0.0000
C2,897.d,897.2.a.d,0.0000,0.0000
C2,897.e,897.2.a.e,0.0000,0.0000
C2,897.f,897.2.a.f,0.0000,0.0000
C2,898.a,898.2.a.a,0.0000,0.0000
C2,898.b,898.2.a.b,0.0000,0.0000
C2,898.c,898.2.a.c,0.0000,0.0000
C2,898.d,898.2.a.d,0.0000,0.0000
C2,899.a,899.2.a.a,0.0000,0.0000
C2,899.b,899.2.a.b,0.0000,0.0000
C2,900.a,900.2.a.a,0.0000,0.0000
C2,900.b,900.2.a.b,0.0000,0.0000
C2,900.c,900.2.a.c,0.0000,0.0000
C2,900.d,900.2.a.d,0.0000,0.0000
C2,900.e,900.2.a.e,0.0000,0.0000
C2,900.f,900.2.a.f,0.0000,0.0000
C2,900.g,900.2.a.g,0.0000,0.0000
C2,900.h,900.2.a.h,0.0000,0.0000
