type,delta_bits,delta_frac
bc-wrong-field,107.1431,0.5238
tw-wrong-char,95.3512,0.4762
bc-wrong-field,107.1431,0.5238
tw-wrong-char,95.3512,0.4762
bc-wrong-field,98.6122,0.5000
tw-wrong-char,72.5003,0.3636
bc-wrong-field,98.6122,0.5000
tw-wrong-char,72.5003,0.3636
bc-wrong-field,103.5290,0.5000
tw-wrong-char,57.9142,0.2727
bc-wrong-field,103.5290,0.5000
tw-wrong-char,57.9142,0.2727
bc-wrong-field,105.9813,0.4500
tw-wrong-char,53.6945,0.2000
bc-wrong-field,99.9813,0.4500
tw-wrong-char,53.6945,0.2000
bc-wrong-field,96.0959,0.5238
tw-wrong-char,53.1704,0.2857
bc-wrong-field,96.0959,0.5238
tw-wrong-char,53.1704,0.2857
bc-wrong-field,101.1786,0.4762
tw-wrong-char,78.6510,0.3810
bc-wrong-field,95.1786,0.4762
tw-wrong-char,78.6510,0.3810
bc-wrong-field,128.1304,0.5238
tw-wrong-char,116.9003,0.4762
bc-wrong-field,128.1304,0.5238
tw-wrong-char,116.9003,0.4762
bc-wrong-field,104.3221,0.4762
tw-wrong-char,86.8510,0.3810
bc-wrong-field,104.3221,0.4762
tw-wrong-char,86.8510,0.3810
bc-wrong-field,106.4117,0.5000
tw-wrong-char,74.9573,0.3636
bc-wrong-field,100.4117,0.5000
tw-wrong-char,74.9573,0.3636
bc-wrong-field,102.3960,0.5000
tw-wrong-char,93.4691,0.4545
bc-wrong-field,102.3960,0.5000
tw-wrong-char,93.4691,0.4545
bc-wrong-field,104.8074,0.4500
tw-wrong-char,87.0154,0.4000
bc-wrong-field,98.8074,0.4500
tw-wrong-char,87.0154,0.4000
bc-wrong-field,108.2414,0.5238
tw-wrong-char,96.4494,0.4762
bc-wrong-field,108.2414,0.5238
tw-wrong-char,96.4494,0.4762
bc-wrong-field,102.0758,0.5000
tw-wrong-char,96.0758,0.5000
bc-wrong-field,96.0758,0.5000
tw-wrong-char,96.0758,0.5000
bc-wrong-field,102.7687,0.5238
tw-wrong-char,90.9768,0.4762
bc-wrong-field,108.7687,0.5238
tw-wrong-char,90.9768,0.4762
bc-wrong-field,86.6025,0.4500
tw-wrong-char,74.8105,0.4000
bc-wrong-field,86.6025,0.4500
tw-wrong-char,74.8105,0.4000
bc-wrong-field,115.4635,0.5000
tw-wrong-char,103.6715,0.4545
bc-wrong-field,121.4635,0.5000
tw-wrong-char,103.6715,0.4545
bc-wrong-field,118.8639,0.5000
tw-wrong-char,101.0719,0.4545
bc-wrong-field,112.8639,0.5000
tw-wrong-char,101.0719,0.4545
bc-wrong-field,113.9265,0.5238
tw-wrong-char,49.5766,0.1905
bc-wrong-field,119.9265,0.5238
tw-wrong-char,49.5766,0.1905
bc-wrong-field,110.6246,0.5000
tw-wrong-char,101.6977,0.4545
bc-wrong-field,110.6246,0.5000
tw-wrong-char,101.6977,0.4545
bc-wrong-field,106.8223,0.5238
tw-wrong-char,60.5355,0.2857
bc-wrong-field,106.8223,0.5238
tw-wrong-char,60.5355,0.2857
bc-wrong-field,115.4874,0.5217
tw-wrong-char,63.8386,0.2609
bc-wrong-field,115.4874,0.5217
tw-wrong-char,63.8386,0.2609
bc-wrong-field,113.2990,0.5455
tw-wrong-char,78.5920,0.3636
bc-wrong-field,113.2990,0.5455
tw-wrong-char,78.5920,0.3636
bc-wrong-field,99.5060,0.4762
tw-wrong-char,82.5641,0.3810
bc-wrong-field,99.5060,0.4762
tw-wrong-char,82.5641,0.3810
bc-wrong-field,112.2360,0.5217
tw-wrong-char,112.2360,0.5217
bc-wrong-field,112.2360,0.5217
tw-wrong-char,112.2360,0.5217
bc-wrong-field,132.6310,0.5217
tw-wrong-char,126.6310,0.5217
bc-wrong-field,126.6310,0.5217
tw-wrong-char,126.6310,0.5217
bc-wrong-field,114.0299,0.5455
tw-wrong-char,79.3229,0.3636
bc-wrong-field,114.0299,0.5455
tw-wrong-char,79.3229,0.3636
bc-wrong-field,115.1474,0.5217
tw-wrong-char,115.1474,0.5217
bc-wrong-field,115.1474,0.5217
tw-wrong-char,115.1474,0.5217
bc-wrong-field,115.1816,0.5455
tw-wrong-char,74.3503,0.3636
bc-wrong-field,109.1816,0.5455
tw-wrong-char,74.3503,0.3636
bc-wrong-field,116.9154,0.5217
tw-wrong-char,116.9154,0.5217
bc-wrong-field,116.9154,0.5217
tw-wrong-char,116.9154,0.5217
bc-wrong-field,116.3949,0.5217
tw-wrong-char,116.3949,0.5217
bc-wrong-field,116.3949,0.5217
tw-wrong-char,116.3949,0.5217
bc-wrong-field,114.4537,0.5455
tw-wrong-char,97.5118,0.4545
bc-wrong-field,114.4537,0.5455
tw-wrong-char,97.5118,0.4545
bc-wrong-field,114.9085,0.5455
tw-wrong-char,97.9667,0.4545
bc-wrong-field,114.9085,0.5455
tw-wrong-char,97.9667,0.4545
bc-wrong-field,101.0210,0.4762
tw-wrong-char,78.2035,0.3810
bc-wrong-field,115.6561,0.5455
tw-wrong-char,63.5596,0.2727
bc-wrong-field,115.6561,0.5455
tw-wrong-char,63.5596,0.2727
bc-wrong-field,131.0342,0.5217
tw-wrong-char,131.0342,0.5217
bc-wrong-field,131.0342,0.5217
tw-wrong-char,131.0342,0.5217
bc-wrong-field,120.3387,0.5217
tw-wrong-char,103.3968,0.4348
bc-wrong-field,120.3387,0.5217
tw-wrong-char,103.3968,0.4348
bc-wrong-field,133.3631,0.5217
tw-wrong-char,110.4212,0.4348
bc-wrong-field,98.2825,0.4762
tw-wrong-char,81.3406,0.3810
bc-wrong-field,98.2825,0.4762
tw-wrong-char,81.3406,0.3810
bc-wrong-field,101.6289,0.4762
tw-wrong-char,101.6289,0.4762
bc-wrong-field,101.6289,0.4762
tw-wrong-char,101.6289,0.4762
bc-wrong-field,110.6071,0.5217
tw-wrong-char,110.6071,0.5217
bc-wrong-field,110.6071,0.5217
tw-wrong-char,110.6071,0.5217
bc-wrong-field,114.6904,0.5217
tw-wrong-char,114.6904,0.5217
bc-wrong-field,114.6904,0.5217
tw-wrong-char,114.6904,0.5217
bc-wrong-field,103.7327,0.5000
tw-wrong-char,63.9734,0.3000
bc-wrong-field,107.4757,0.5455
tw-wrong-char,73.7164,0.3636
bc-wrong-field,107.4757,0.5455
tw-wrong-char,73.7164,0.3636
bc-wrong-field,123.6149,0.5217
tw-wrong-char,106.7974,0.4348
bc-wrong-field,123.6149,0.5217
tw-wrong-char,106.7974,0.4348
bc-wrong-field,96.8255,0.4762
tw-wrong-char,63.0661,0.2857
bc-wrong-field,113.8802,0.5455
tw-wrong-char,79.1733,0.3636
bc-wrong-field,113.8802,0.5455
tw-wrong-char,79.1733,0.3636
bc-wrong-field,118.9567,0.5217
tw-wrong-char,118.9567,0.5217
bc-wrong-field,118.9567,0.5217
tw-wrong-char,118.9567,0.5217
bc-wrong-field,131.0623,0.5217
tw-wrong-char,131.0623,0.5217
bc-wrong-field,127.0719,0.5217
tw-wrong-char,110.2545,0.4348
bc-wrong-field,136.3487,0.5455
tw-wrong-char,78.2522,0.2727
bc-wrong-field,99.5525,0.4762
tw-wrong-char,82.6106,0.3810
bc-wrong-field,99.5525,0.4762
tw-wrong-char,82.6106,0.3810
bc-wrong-field,101.7031,0.4762
tw-wrong-char,101.7031,0.4762
bc-wrong-field,101.7031,0.4762
tw-wrong-char,101.7031,0.4762
bc-wrong-field,98.4548,0.4762
tw-wrong-char,81.5129,0.3810
bc-wrong-field,98.4548,0.4762
tw-wrong-char,81.5129,0.3810
bc-wrong-field,117.0255,0.5217
tw-wrong-char,117.0255,0.5217
bc-wrong-field,117.0255,0.5217
tw-wrong-char,117.0255,0.5217
bc-wrong-field,116.1337,0.5217
tw-wrong-char,116.1337,0.5217
bc-wrong-field,116.1337,0.5217
tw-wrong-char,116.1337,0.5217
bc-wrong-field,97.9380,0.5000
tw-wrong-char,81.1205,0.4000
mod-mismatch,238.8933,0.9583
mod-mismatch,195.6662,0.9130
mod-mismatch,180.4356,0.8261
mod-mismatch,208.0960,0.9167
mod-mismatch,180.1267,0.7500
mod-mismatch,195.2896,0.9130
mod-mismatch,162.2563,0.7391
mod-mismatch,197.5802,0.9130
mod-mismatch,207.1162,0.9130
mod-mismatch,218.1889,0.9130
mod-mismatch,197.3422,0.7917
mod-mismatch,148.4964,0.7273
mod-mismatch,193.6945,0.8333
mod-mismatch,190.9451,0.8696
mod-mismatch,179.2480,0.8261
mod-mismatch,193.7819,0.8261
mod-mismatch,200.9435,0.9130
mod-mismatch,222.3662,0.8750
mod-mismatch,170.9730,0.7083
mod-mismatch,201.2712,0.8696
mod-mismatch,220.9130,0.9130
mod-mismatch,163.7998,0.7391
mod-mismatch,153.9822,0.6957
mod-mismatch,208.7856,1.0000
mod-mismatch,253.5603,1.0000
mod-mismatch,236.1585,1.0000
mod-mismatch,181.3851,0.8261
mod-mismatch,200.6565,0.8696
mod-mismatch,168.7354,0.7826
mod-mismatch,217.3881,0.9167
mod-mismatch,127.3988,0.5652
mod-mismatch,170.2766,0.7391
mod-mismatch,191.4708,0.8261
mod-mismatch,215.5136,0.9565
mod-mismatch,246.9721,0.9583
mod-mismatch,100.9404,0.4348
mod-mismatch,221.3889,0.9565
mod-mismatch,176.0659,0.7826
mod-mismatch,219.7679,1.0000
mod-mismatch,224.8990,1.0000
mod-mismatch,194.8467,0.8261
mod-mismatch,204.1547,0.8696
mod-mismatch,201.8157,0.9130
mod-mismatch,235.8272,0.9565
mod-mismatch,222.8235,0.9130
mod-mismatch,248.1177,1.0000
mod-mismatch,172.8948,0.7826
mod-mismatch,153.3961,0.6957
mod-mismatch,212.7633,0.9167
mod-mismatch,198.9789,0.8696
mod-mismatch,200.7472,0.9545
mod-mismatch,173.5432,0.8182
mod-mismatch,197.9578,0.9091
mod-mismatch,240.8280,0.9583
mod-mismatch,189.4407,0.8261
mod-mismatch,167.7006,0.7727
mod-mismatch,196.8723,0.9130
mod-mismatch,235.3917,1.0000
mod-mismatch,212.9612,0.8696
mod-mismatch,198.3279,0.9130
mod-mismatch,209.0146,0.8696
mod-mismatch,220.1271,0.9130
mod-mismatch,205.5651,0.8261
mod-mismatch,212.8743,0.9130
mod-mismatch,223.9887,0.9565
mod-mismatch,175.7863,0.8182
mod-mismatch,248.9911,1.0000
mod-mismatch,210.5575,0.9565
mod-mismatch,197.3934,0.9130
mod-mismatch,210.4870,0.9130
mod-mismatch,221.4178,0.8750
mod-mismatch,172.5938,0.7727
mod-mismatch,172.3608,0.8182
mod-mismatch,217.4152,0.9565
mod-mismatch,248.9331,1.0000
mod-mismatch,231.3716,0.9167
mod-mismatch,212.7812,0.8750
mod-mismatch,78.0119,0.3636
mod-mismatch,135.3564,0.6364
mod-mismatch,191.5523,0.9545
mod-mismatch,188.9362,0.7391
mod-mismatch,196.9698,0.8261
mod-mismatch,232.3710,0.9565
mod-mismatch,220.5116,0.9565
mod-mismatch,215.1260,0.9565
mod-mismatch,104.8646,0.4783
mod-mismatch,193.0380,0.8696
mod-mismatch,179.0230,0.8261
mod-mismatch,157.3582,0.6957
mod-mismatch,173.7586,0.7826
mod-mismatch,203.2115,0.9130
mod-mismatch,221.8490,0.9130
mod-mismatch,198.5844,0.9130
mod-mismatch,236.0975,0.8800
mod-mismatch,193.1914,0.8636
mod-mismatch,201.3447,0.9545
mod-mismatch,208.2480,1.0000
mod-mismatch,221.3027,0.9130
mod-mismatch,202.4814,0.9545
mod-mismatch,244.6547,1.0000
mod-mismatch,210.2657,0.8261
mod-mismatch,216.0677,0.9130
mod-mismatch,187.0515,0.7826
mod-mismatch,234.6903,1.0000
mod-mismatch,254.7315,0.9600
mod-mismatch,197.7825,0.8636
mod-mismatch,204.3690,0.8636
mod-mismatch,207.0880,0.9091
mod-mismatch,223.9353,1.0000
mod-mismatch,184.6714,0.8261
mod-mismatch,158.9443,0.7391
mod-mismatch,213.6206,0.8800
mod-mismatch,214.1873,0.9545
mod-mismatch,192.9609,0.9091
mod-mismatch,208.2440,1.0000
mod-mismatch,249.7772,1.0000
mod-mismatch,207.8263,0.8261
mod-mismatch,233.8019,1.0000
mod-mismatch,200.9039,0.8696
mod-mismatch,191.0441,0.8696
mod-mismatch,253.7327,1.0000
mod-mismatch,245.6408,1.0000
mod-mismatch,229.4578,0.9565
mod-mismatch,218.1444,0.8696
mod-mismatch,191.6920,0.9091
mod-mismatch,209.5295,1.0000
mod-mismatch,229.0857,0.9167
mod-mismatch,227.7789,0.9167
mod-mismatch,231.7029,0.9167
mod-mismatch,229.7770,0.9167
mod-mismatch,223.0637,0.9130
mod-mismatch,194.7275,0.8261
mod-mismatch,240.1206,0.9565
mod-mismatch,205.9918,0.9130
mod-mismatch,209.2108,0.8696
mod-mismatch,190.1772,0.9091
mod-mismatch,175.7500,0.8636
mod-mismatch,103.1344,0.4583
mod-mismatch,128.1692,0.5417
mod-mismatch,103.0417,0.4583
mod-mismatch,215.2579,0.9167
mod-mismatch,248.2635,1.0000
mod-mismatch,193.7638,0.8696
mod-mismatch,200.7828,0.9545
mod-mismatch,182.4324,0.8636
mod-mismatch,208.8741,0.9545
mod-mismatch,231.3708,0.8400
mod-mismatch,167.9064,0.7727
mod-mismatch,211.8003,0.9545
mod-mismatch,124.8348,0.5217
mod-mismatch,247.3657,1.0000
mod-mismatch,227.6906,1.0000
mod-mismatch,216.1523,0.9565
mod-mismatch,200.9892,0.9091
mod-mismatch,191.6800,0.9091
mod-mismatch,184.0956,0.8636
mod-mismatch,256.5036,0.9600
mod-mismatch,210.8988,0.9545
mod-mismatch,215.3181,0.9091
mod-mismatch,229.8173,0.9565
mod-mismatch,217.5863,0.9565
mod-mismatch,222.2942,1.0000
mod-mismatch,213.6932,0.8696
mod-mismatch,242.6078,1.0000
mod-mismatch,243.3813,1.0000
mod-mismatch,179.1891,0.7826
mod-mismatch,199.1323,0.8261
mod-mismatch,215.8826,0.8696
mod-mismatch,209.5936,0.9130
mod-mismatch,226.6872,0.9130
mod-mismatch,211.5944,0.9565
mod-mismatch,198.0396,0.9130
mod-mismatch,209.7957,0.9130
mod-mismatch,200.4842,0.9130
mod-mismatch,126.3272,0.5217
mod-mismatch,242.9124,1.0000
mod-mismatch,229.7885,0.9565
mod-mismatch,204.0912,0.9545
mod-mismatch,184.3459,0.9091
mod-mismatch,203.1457,0.9545
mod-mismatch,241.0629,1.0000
mod-mismatch,235.7013,0.9565
mod-mismatch,225.9430,0.9565
mod-mismatch,221.3924,0.9565
mod-mismatch,189.2876,0.8696
mod-mismatch,226.6397,0.9565
mod-mismatch,199.2197,0.9091
mod-mismatch,213.0301,0.9545
mod-mismatch,201.0007,0.9545
mod-mismatch,225.1312,0.9130
mod-mismatch,231.4014,1.0000
mod-mismatch,218.5528,0.8696
mod-mismatch,204.3648,0.9091
mod-mismatch,207.7954,1.0000
mod-mismatch,233.2499,0.9565
mod-mismatch,233.2307,1.0000
mod-mismatch,193.6122,0.7826
mod-mismatch,208.8212,0.8696
mod-mismatch,187.3989,0.8261
mod-mismatch,122.8322,0.5217
mod-mismatch,172.1749,0.7391
mod-mismatch,173.8962,0.7826
mod-mismatch,195.1248,0.8696
mod-mismatch,108.8174,0.4783
mod-mismatch,199.7157,0.8696
mod-mismatch,225.0986,1.0000
mod-mismatch,269.3559,1.0000
mod-mismatch,222.7315,0.9130
mod-mismatch,156.2758,0.7273
mod-mismatch,182.5320,0.8636
mod-mismatch,162.4971,0.7727
mod-mismatch,218.9190,1.0000
mod-mismatch,188.4729,0.8182
mod-mismatch,210.6334,0.8636
mod-mismatch,208.2811,0.9091
mod-mismatch,211.2541,0.9565
mod-mismatch,215.7495,0.9565
mod-mismatch,191.2470,0.8261
mod-mismatch,237.5547,1.0000
mod-mismatch,222.4505,0.9565
mod-mismatch,214.4277,0.9091
mod-mismatch,167.3512,0.7273
mod-mismatch,202.3494,0.9545
mod-mismatch,226.0807,0.9545
mod-mismatch,218.9209,0.9545
mod-mismatch,203.3029,0.8696
mod-mismatch,211.9914,0.9130
mod-mismatch,233.7188,1.0000
mod-mismatch,208.4792,0.8696
mod-mismatch,207.7233,0.8696
mod-mismatch,248.2388,1.0000
mod-mismatch,217.3471,0.9565
mod-mismatch,210.7653,0.9130
mod-mismatch,250.2361,0.9200
mod-mismatch,204.8818,1.0000
mod-mismatch,211.9318,0.8636
mod-mismatch,242.1252,1.0000
mod-mismatch,211.9349,1.0000
mod-mismatch,217.2779,0.9545
mod-mismatch,232.8758,0.9545
mod-mismatch,212.7820,0.8696
mod-mismatch,223.9262,0.9130
mod-mismatch,203.2417,0.8696
mod-mismatch,242.8416,1.0000
mod-mismatch,236.4785,0.9565
mod-mismatch,243.7089,1.0000
mod-mismatch,228.5612,1.0000
mod-mismatch,215.2045,0.9091
mod-mismatch,221.5410,0.9091
mod-mismatch,222.7168,0.9545
mod-mismatch,213.8219,0.9130
mod-mismatch,234.6257,0.9565
mod-mismatch,225.4262,0.9130
mod-mismatch,111.1998,0.4783
mod-mismatch,207.2140,0.9130
mod-mismatch,245.7582,1.0000
mod-mismatch,205.8730,0.8636
mod-mismatch,195.1519,0.8182
mod-mismatch,222.6830,1.0000
mod-mismatch,191.9138,0.8696
mod-mismatch,178.4185,0.8261
mod-mismatch,191.2461,0.8696
mod-mismatch,206.6601,0.9565
mod-mismatch,198.1237,0.8696
mod-mismatch,201.1560,0.9545
mod-mismatch,217.7506,0.9091
mod-mismatch,199.4586,0.8182
mod-mismatch,231.2621,0.9545
mod-mismatch,146.8177,0.6087
mod-mismatch,236.3218,1.0000
mod-mismatch,259.8743,0.9600
mod-mismatch,202.0354,0.9545
mod-mismatch,209.7713,1.0000
mod-mismatch,217.2064,1.0000
mod-mismatch,182.6931,0.8636
mod-mismatch,191.9392,0.9091
mod-mismatch,248.0675,1.0000
mod-mismatch,230.6661,1.0000
mod-mismatch,219.6844,1.0000
mod-mismatch,233.3386,1.0000
mod-mismatch,247.9993,1.0000
mod-mismatch,229.8950,0.9565
mod-mismatch,235.2825,0.9565
mod-mismatch,236.6758,0.9565
mod-mismatch,243.9659,0.9583
mod-mismatch,226.3412,0.9130
mod-mismatch,234.2329,0.9565
mod-mismatch,231.0538,1.0000
mod-mismatch,221.5781,0.9545
mod-mismatch,209.9990,0.9091
mod-mismatch,201.1741,0.9130
mod-mismatch,192.4438,0.8261
mod-mismatch,218.9003,0.9565
mod-mismatch,222.9864,0.9583
mod-mismatch,198.8080,0.8696
mod-mismatch,177.5525,0.7826
mod-mismatch,230.6453,0.9565
mod-mismatch,184.8506,0.8261
mod-mismatch,216.3442,0.9130
mod-mismatch,233.5458,1.0000
mod-mismatch,197.1739,0.9524
mod-mismatch,175.4590,0.9048
mod-mismatch,175.4374,0.8571
mod-mismatch,196.0340,1.0000
mod-mismatch,202.0029,1.0000
mod-mismatch,222.9560,0.9130
mod-mismatch,188.7709,0.8261
mod-mismatch,219.5477,1.0000
mod-mismatch,235.3620,0.9167
mod-mismatch,257.1487,1.0000
mod-mismatch,250.6586,0.9583
mod-mismatch,216.9684,0.8750
mod-mismatch,223.2066,0.9130
mod-mismatch,212.3894,0.8696
mod-mismatch,125.9962,0.5217
mod-mismatch,210.0782,0.8696
mod-mismatch,225.9157,0.9130
mod-mismatch,233.9194,0.9583
mod-mismatch,226.5453,0.9130
mod-mismatch,238.3937,1.0000
mod-mismatch,200.0986,0.8696
mod-mismatch,192.3414,0.9091
mod-mismatch,207.9010,0.9545
mod-mismatch,209.5002,0.9130
mod-mismatch,219.8297,0.9565
mod-mismatch,220.4481,0.9091
mod-mismatch,193.7942,0.9091
mod-mismatch,225.8630,0.9545
mod-mismatch,182.9619,0.7727
mod-mismatch,203.0820,0.9091
mod-mismatch,111.5075,0.4783
mod-mismatch,210.5644,0.9130
mod-mismatch,221.0479,0.9130
mod-mismatch,199.7834,0.9130
mod-mismatch,78.6529,0.3043
mod-mismatch,219.6155,0.9565
mod-mismatch,242.4821,1.0000
mod-mismatch,218.0561,0.9167
mod-mismatch,211.4252,0.9091
mod-mismatch,217.9224,1.0000
mod-mismatch,241.8841,0.9200
mod-mismatch,193.0575,0.9091
mod-mismatch,212.8300,0.8696
mod-mismatch,236.0750,1.0000
mod-mismatch,250.2462,1.0000
mod-mismatch,177.4419,0.8182
mod-mismatch,224.7830,1.0000
mod-mismatch,183.9628,0.8636
mod-mismatch,197.5757,0.9091
mod-mismatch,215.8836,1.0000
mod-mismatch,182.9081,0.7391
mod-mismatch,228.6864,0.9130
mod-mismatch,236.2745,0.9565
mod-mismatch,208.1086,0.8696
mod-mismatch,199.3141,0.8696
mod-mismatch,213.6408,1.0000
mod-mismatch,200.3893,0.9091
mod-mismatch,183.4667,0.8182
mod-mismatch,178.9413,0.8636
mod-mismatch,197.7798,0.9091
mod-mismatch,138.3755,0.6364
mod-mismatch,165.8376,0.8182
mod-mismatch,153.6630,0.7273
mod-mismatch,207.1939,1.0000
mod-mismatch,114.5558,0.4783
mod-mismatch,231.0256,0.9565
mod-mismatch,90.9982,0.3333
mod-mismatch,230.1791,0.9583
mod-mismatch,230.2381,0.9565
mod-mismatch,128.2215,0.5217
mod-mismatch,202.8890,0.8261
mod-mismatch,193.1245,0.8261
mod-mismatch,218.2189,1.0000
mod-mismatch,224.8872,0.9545
mod-mismatch,191.2794,0.8636
mod-mismatch,203.6669,0.9091
mod-mismatch,229.5542,0.9545
mod-mismatch,181.5867,0.8636
mod-mismatch,189.7851,0.8182
mod-mismatch,227.8938,0.9565
mod-mismatch,209.3726,0.9130
mod-mismatch,237.6144,1.0000
mod-mismatch,218.6281,0.8696
mod-mismatch,233.9728,0.9565
mod-mismatch,173.1975,0.7727
mod-mismatch,201.8627,0.9545
mod-mismatch,237.7384,0.9583
mod-mismatch,226.7393,0.9583
mod-mismatch,231.7524,0.9583
mod-mismatch,189.5911,0.8333
mod-mismatch,185.5941,0.7500
mod-mismatch,66.9478,0.2500
mod-mismatch,183.1825,0.7500
mod-mismatch,230.5799,0.9583
mod-mismatch,212.9835,1.0000
mod-mismatch,203.6884,0.8636
mod-mismatch,225.4150,0.9545
mod-mismatch,182.2544,0.8636
mod-mismatch,201.4273,0.8636
mod-mismatch,202.7549,0.8636
mod-mismatch,195.4367,0.9091
mod-mismatch,217.6552,0.9565
mod-mismatch,207.9346,0.9545
mod-mismatch,232.1424,0.9167
mod-mismatch,254.1030,1.0000
mod-mismatch,173.0581,0.8182
mod-mismatch,189.9439,0.9091
mod-mismatch,188.8179,0.8636
mod-mismatch,209.4912,0.9545
mod-mismatch,219.9866,0.9565
mod-mismatch,218.7623,0.8696
mod-mismatch,204.3875,0.8696
mod-mismatch,241.4447,1.0000
mod-mismatch,258.9212,0.9600
mod-mismatch,187.9594,0.8182
mod-mismatch,104.1709,0.4545
mod-mismatch,184.3242,0.8182
mod-mismatch,215.6675,0.9545
mod-mismatch,206.2134,0.9130
mod-mismatch,170.0615,0.7826
mod-mismatch,200.7393,0.8696
mod-mismatch,197.9215,0.9130
mod-mismatch,222.5688,0.9091
mod-mismatch,241.0491,1.0000
mod-mismatch,247.6820,0.9583
mod-mismatch,230.3015,0.9583
mod-mismatch,238.1722,0.9167
mod-mismatch,221.0564,1.0000
mod-mismatch,230.5538,0.9565
mod-mismatch,251.2822,0.9600
mod-mismatch,206.1428,0.8333
mod-mismatch,233.8927,0.9167
mod-mismatch,210.5594,0.9091
mod-mismatch,209.8196,0.9091
mod-mismatch,193.1330,0.8636
mod-mismatch,195.3717,0.9545
mod-mismatch,162.3898,0.7273
mod-mismatch,161.2441,0.7273
mod-mismatch,203.1846,0.9545
mod-mismatch,217.6546,0.9545
mod-mismatch,182.6567,0.7727
mod-mismatch,195.8689,0.8182
mod-mismatch,224.7925,1.0000
mod-mismatch,200.2388,0.8636
mod-mismatch,224.8417,0.9545
mod-mismatch,210.6636,0.9130
mod-mismatch,105.5996,0.4783
mod-mismatch,181.9163,0.8261
mod-mismatch,92.9902,0.3913
mod-mismatch,200.7987,0.8696
mod-mismatch,176.3725,0.7917
mod-mismatch,198.8625,0.9091
mod-mismatch,249.5828,1.0000
mod-mismatch,185.3476,0.8261
mod-mismatch,209.9241,0.9130
mod-mismatch,230.1668,0.9130
mod-mismatch,179.0928,0.7727
mod-mismatch,113.3204,0.5000
mod-mismatch,172.1521,0.7727
mod-mismatch,203.5612,0.9091
mod-mismatch,119.9400,0.5000
mod-mismatch,215.5720,0.9091
mod-mismatch,189.6673,0.9091
mod-mismatch,211.9544,0.8696
mod-mismatch,239.2776,1.0000
mod-mismatch,235.7843,0.9565
mod-mismatch,119.6607,0.4783
mod-mismatch,235.4773,0.9565
mod-mismatch,236.3059,0.9565
mod-mismatch,206.5890,0.8333
mod-mismatch,219.3187,0.8750
mod-mismatch,188.6594,0.8636
mod-mismatch,124.2807,0.5455
mod-mismatch,192.8226,0.8636
mod-mismatch,168.1629,0.7727
mod-mismatch,230.5270,1.0000
mod-mismatch,230.6585,0.8750
mod-mismatch,240.5750,0.9583
mod-mismatch,244.3184,0.9583
mod-mismatch,225.7428,0.8750
mod-mismatch,216.8624,0.9130
mod-mismatch,195.0768,0.7826
mod-mismatch,203.4778,0.8696
mod-mismatch,228.6643,0.9565
mod-mismatch,215.6568,0.8696
mod-mismatch,210.3979,0.9130
mod-mismatch,169.7553,0.8182
mod-mismatch,200.2015,0.9545
mod-mismatch,183.7904,0.8636
mod-mismatch,199.7906,0.9091
mod-mismatch,252.7629,0.9600
mod-mismatch,219.1661,0.8400
mod-mismatch,239.5927,0.9200
mod-mismatch,250.9192,0.9600
mod-mismatch,194.0593,0.8182
mod-mismatch,239.4438,0.9167
mod-mismatch,175.5943,0.8182
mod-mismatch,205.2813,0.9545
mod-mismatch,191.4988,0.9091
mod-mismatch,165.5390,0.7727
mod-mismatch,162.0885,0.7273
mod-mismatch,183.9743,0.8182
mod-mismatch,191.0219,0.8636
mod-mismatch,203.9853,0.9545
mod-mismatch,237.6983,0.9583
mod-mismatch,211.3130,1.0000
mod-mismatch,210.0698,0.9545
mod-mismatch,180.3367,0.7391
mod-mismatch,231.1916,0.9565
mod-mismatch,219.4486,0.9545
mod-mismatch,220.9902,0.9091
mod-mismatch,224.7128,1.0000
mod-mismatch,238.3932,1.0000
mod-mismatch,223.6241,0.9545
mod-mismatch,228.1526,0.9130
mod-mismatch,168.1477,0.7826
mod-mismatch,190.6776,0.8261
mod-mismatch,98.0143,0.4348
mod-mismatch,181.7505,0.8261
mod-mismatch,181.1446,0.7826
mod-mismatch,197.4701,0.9130
mod-mismatch,220.8823,1.0000
mod-mismatch,200.8323,0.9091
mod-mismatch,166.2436,0.7727
mod-mismatch,187.2288,0.8636
mod-mismatch,208.0950,0.8696
mod-mismatch,207.9099,0.8696
mod-mismatch,231.5613,1.0000
mod-mismatch,208.4921,0.8696
mod-mismatch,231.1337,1.0000
mod-mismatch,229.1562,0.9565
mod-mismatch,112.7347,0.4783
mod-mismatch,221.7686,0.9565
mod-mismatch,208.4897,0.9130
mod-mismatch,239.8790,1.0000
mod-mismatch,213.0529,0.8750
mod-mismatch,246.6255,0.9583
mod-mismatch,245.4592,0.9583
mod-mismatch,215.0198,0.8333
mod-mismatch,173.6231,0.7826
mod-mismatch,216.6346,0.9565
mod-mismatch,196.6693,0.7826
mod-mismatch,154.7161,0.7619
mod-mismatch,167.0138,0.8095
mod-mismatch,165.8943,0.8095
mod-mismatch,145.7460,0.7143
mod-mismatch,198.3313,1.0000
mod-mismatch,236.1602,0.8800
mod-mismatch,214.9547,0.9565
mod-mismatch,201.7666,0.8696
mod-mismatch,215.0656,0.9565
mod-mismatch,233.4485,0.9565
mod-mismatch,213.6486,0.8333
mod-mismatch,209.6270,0.8696
mod-mismatch,189.2886,0.9091
mod-mismatch,184.8516,0.8636
mod-mismatch,173.2978,0.8182
mod-mismatch,189.2255,0.9091
mod-mismatch,203.7713,0.9545
mod-mismatch,209.6331,0.9545
mod-mismatch,196.0402,0.8261
mod-mismatch,230.2095,1.0000
mod-mismatch,208.5782,0.9130
mod-mismatch,228.4500,1.0000
mod-mismatch,218.6683,0.9565
mod-mismatch,198.2721,0.8696
mod-mismatch,213.5433,0.8333
mod-mismatch,246.2205,0.9583
mod-mismatch,244.4238,0.9583
mod-mismatch,179.9417,0.8182
mod-mismatch,161.9334,0.7273
mod-mismatch,192.6230,0.9091
mod-mismatch,198.5375,0.9545
mod-mismatch,200.1458,0.8636
mod-mismatch,193.7929,0.8636
mod-mismatch,193.7843,0.8636
mod-mismatch,219.1909,1.0000
mod-mismatch,235.8878,0.9565
mod-mismatch,229.8477,0.9545
mod-mismatch,209.7877,1.0000
mod-mismatch,205.8884,0.8636
mod-mismatch,241.2566,1.0000
mod-mismatch,184.3093,0.8636
mod-mismatch,239.2133,1.0000
mod-mismatch,230.4495,0.9167
mod-mismatch,245.9344,0.9583
mod-mismatch,256.3127,0.9600
mod-mismatch,219.0950,0.9545
mod-mismatch,192.3429,0.8182
mod-mismatch,222.0129,0.9545
mod-mismatch,224.8351,0.9545
mod-mismatch,216.7562,0.9545
mod-mismatch,197.0126,0.9091
mod-mismatch,121.8685,0.5000
mod-mismatch,190.7062,0.7727
mod-mismatch,197.7439,0.8636
mod-mismatch,186.5391,0.9091
mod-mismatch,225.4342,0.9130
mod-mismatch,187.6948,0.7391
mod-mismatch,199.5724,0.7826
mod-mismatch,188.2274,0.7391
mod-mismatch,236.7907,0.9565
mod-mismatch,238.5208,0.9565
mod-mismatch,223.8006,0.9200
mod-mismatch,240.3491,1.0000
mod-mismatch,202.4225,0.9545
mod-mismatch,183.3963,0.8182
mod-mismatch,227.3580,0.9545
mod-mismatch,199.8899,0.9091
mod-mismatch,222.1118,1.0000
mod-mismatch,212.2287,0.9130
mod-mismatch,218.4444,0.9130
mod-mismatch,229.8017,1.0000
mod-mismatch,147.9248,0.5909
mod-mismatch,212.3718,0.9091
mod-mismatch,215.8236,0.9545
mod-mismatch,198.5972,0.7917
mod-mismatch,206.0151,0.8750
mod-mismatch,232.4296,0.8800
mod-mismatch,256.0164,1.0000
mod-mismatch,163.6746,0.7727
mod-mismatch,209.6521,1.0000
mod-mismatch,100.9991,0.4545
mod-mismatch,182.9549,0.8182
mod-mismatch,184.4603,0.8636
mod-mismatch,230.1385,0.9167
mod-mismatch,217.8269,0.9167
mod-mismatch,208.9243,0.7917
mod-mismatch,239.7171,0.9583
mod-mismatch,219.6932,0.8696
mod-mismatch,183.0364,0.8261
mod-mismatch,225.7814,0.9130
mod-mismatch,208.2194,0.8636
mod-mismatch,231.1681,0.9545
mod-mismatch,203.9032,0.9545
mod-mismatch,220.7748,1.0000
mod-mismatch,230.8265,1.0000
mod-mismatch,235.6101,1.0000
mod-mismatch,192.2665,0.8182
mod-mismatch,212.7937,0.9091
mod-mismatch,207.7684,0.9091
mod-mismatch,194.1009,0.7826
mod-mismatch,221.8880,0.9565
mod-mismatch,185.9993,0.7826
mod-mismatch,208.0513,0.9130
mod-mismatch,213.2246,0.8696
mod-mismatch,192.9959,0.7826
mod-mismatch,233.3632,0.9565
mod-mismatch,204.8284,0.8261
mod-mismatch,200.7331,0.8261
mod-mismatch,221.3975,1.0000
mod-mismatch,206.8116,1.0000
mod-mismatch,236.3016,1.0000
mod-mismatch,187.4118,0.9091
mod-mismatch,245.6681,1.0000
mod-mismatch,237.3729,0.9565
mod-mismatch,211.2503,0.9091
mod-mismatch,224.5951,0.9545
mod-mismatch,175.5266,0.7727
mod-mismatch,216.8039,1.0000
mod-mismatch,257.3921,0.9600
mod-mismatch,185.0394,0.8636
mod-mismatch,206.0092,0.9130
mod-mismatch,228.0922,0.9545
mod-mismatch,212.7246,0.9545
mod-mismatch,237.2330,1.0000
mod-mismatch,106.1181,0.4545
mod-mismatch,223.2753,1.0000
mod-mismatch,227.4496,0.9545
mod-mismatch,213.4260,0.9545
mod-mismatch,219.8792,0.9091
mod-mismatch,210.9751,0.9545
mod-mismatch,208.0492,0.9545
mod-mismatch,209.7484,0.8333
mod-mismatch,249.9461,0.9583
mod-mismatch,188.8538,0.8261
mod-mismatch,111.9335,0.4783
mod-mismatch,190.6782,0.8261
mod-mismatch,87.7508,0.3913
mod-mismatch,178.7602,0.7826
mod-mismatch,111.6400,0.4783
mod-mismatch,181.3163,0.7826
mod-mismatch,193.9436,0.8696
mod-mismatch,212.6713,0.9545
mod-mismatch,144.5637,0.6818
mod-mismatch,182.4879,0.8261
mod-mismatch,239.9229,1.0000
mod-mismatch,236.7747,0.9565
mod-mismatch,199.0034,0.8261
mod-mismatch,243.7283,1.0000
mod-mismatch,236.2484,0.8800
mod-mismatch,190.7398,0.9524
mod-mismatch,188.8192,0.9048
mod-mismatch,158.8133,0.7619
mod-mismatch,170.6370,0.8571
mod-mismatch,169.4156,0.8095
mod-mismatch,176.5216,0.8571
mod-mismatch,185.9088,0.9524
mod-mismatch,247.9894,1.0000
mod-mismatch,206.8348,0.9130
mod-mismatch,231.5299,0.9130
mod-mismatch,210.9903,0.9565
mod-mismatch,238.6241,0.9565
mod-mismatch,247.8406,1.0000
mod-mismatch,214.3232,0.9130
mod-mismatch,191.5976,0.8696
mod-mismatch,216.7217,0.9565
mod-mismatch,169.9246,0.7727
mod-mismatch,172.3255,0.7727
mod-mismatch,216.8930,0.9545
mod-mismatch,215.9543,0.9167
mod-mismatch,120.8201,0.5455
mod-mismatch,171.1336,0.7727
mod-mismatch,186.1156,0.8636
mod-mismatch,246.2405,1.0000
mod-mismatch,214.3439,0.9130
mod-mismatch,198.3550,0.9130
mod-mismatch,228.5682,1.0000
mod-mismatch,210.1682,0.9565
mod-mismatch,219.9941,0.9565
mod-mismatch,230.8063,1.0000
mod-mismatch,246.4376,1.0000
mod-mismatch,181.0658,0.7727
mod-mismatch,211.7657,0.9545
mod-mismatch,174.6916,0.8182
mod-mismatch,178.9175,0.8182
mod-mismatch,223.0071,0.9167
mod-mismatch,209.7185,0.8750
mod-mismatch,252.4667,1.0000
mod-mismatch,231.7535,0.9565
mod-mismatch,112.2340,0.4783
mod-mismatch,222.3261,0.9565
mod-mismatch,244.4491,1.0000
mod-mismatch,220.8943,0.8696
mod-mismatch,220.8166,1.0000
mod-mismatch,210.9734,0.9545
mod-mismatch,201.8399,0.9091
mod-mismatch,210.6885,0.9091
mod-mismatch,189.3065,0.8182
mod-mismatch,211.9587,0.9091
mod-mismatch,190.9481,0.8636
mod-mismatch,191.4618,0.9091
mod-mismatch,203.0864,0.9545
mod-mismatch,201.8634,0.9091
mod-mismatch,194.8759,0.9091
mod-mismatch,176.4041,0.8182
mod-mismatch,194.0642,0.9091
mod-mismatch,191.4135,0.8636
mod-mismatch,191.0031,0.9091
mod-mismatch,219.7255,1.0000
mod-mismatch,242.1561,1.0000
mod-mismatch,132.9177,0.5652
mod-mismatch,218.2187,0.9130
mod-mismatch,243.3834,0.9583
mod-mismatch,226.9357,0.9545
mod-mismatch,215.5350,1.0000
mod-mismatch,216.9321,0.9091
mod-mismatch,183.0059,0.8571
mod-mismatch,183.5920,0.8571
mod-mismatch,177.1799,0.8571
mod-mismatch,208.9208,1.0000
mod-mismatch,235.2431,0.9167
mod-mismatch,212.1841,0.8696
mod-mismatch,211.9777,0.8696
mod-mismatch,243.8287,1.0000
mod-mismatch,211.9913,0.9565
mod-mismatch,217.5735,0.9565
mod-mismatch,207.7924,0.8696
mod-mismatch,232.6961,0.9565
mod-mismatch,187.7709,0.8261
mod-mismatch,125.7682,0.5217
mod-mismatch,225.9607,0.9565
mod-mismatch,180.7744,0.8261
mod-mismatch,211.9279,1.0000
mod-mismatch,186.5634,0.8182
mod-mismatch,223.9182,0.9545
mod-mismatch,243.4235,1.0000
mod-mismatch,227.7384,0.9565
mod-mismatch,235.7714,0.9565
mod-mismatch,221.0172,0.8750
mod-mismatch,242.2406,0.9583
mod-mismatch,200.1441,0.9091
mod-mismatch,203.4306,0.9545
mod-mismatch,188.9659,0.8182
mod-mismatch,223.5010,0.9545
mod-mismatch,185.4762,0.8182
mod-mismatch,241.1480,1.0000
mod-mismatch,208.9720,0.8000
mod-mismatch,255.7527,0.9600
mod-mismatch,246.4887,1.0000
mod-mismatch,210.8934,0.9130
mod-mismatch,242.5565,1.0000
mod-mismatch,109.1930,0.3913
mod-mismatch,232.3080,1.0000
mod-mismatch,221.3206,0.9130
mod-mismatch,232.5264,1.0000
mod-mismatch,236.1636,0.9565
mod-mismatch,254.2385,0.9600
mod-mismatch,199.8848,0.9091
mod-mismatch,236.5276,1.0000
mod-mismatch,204.3120,0.9545
mod-mismatch,214.6093,0.9545
mod-mismatch,193.9653,0.9091
mod-mismatch,207.4029,0.9545
mod-mismatch,202.5429,0.8636
mod-mismatch,206.1694,0.9091
mod-mismatch,200.5786,0.9545
mod-mismatch,224.5954,0.9130
mod-mismatch,235.5858,1.0000
mod-mismatch,195.5761,0.9091
mod-mismatch,186.7600,0.8182
mod-mismatch,201.4516,0.9545
mod-mismatch,165.4425,0.7727
mod-mismatch,180.3151,0.8636
mod-mismatch,167.1872,0.7727
mod-mismatch,184.5962,0.9091
mod-mismatch,182.8904,0.8182
mod-mismatch,193.7505,0.9091
mod-mismatch,215.5916,1.0000
mod-mismatch,246.2903,1.0000
mod-mismatch,125.6690,0.5217
mod-mismatch,234.3629,0.9565
mod-mismatch,161.7887,0.6957
mod-mismatch,66.3638,0.2609
mod-mismatch,209.0503,0.8696
mod-mismatch,170.3857,0.7826
mod-mismatch,188.5724,0.8636
mod-mismatch,168.1916,0.7273
mod-mismatch,218.1835,1.0000
mod-mismatch,163.2280,0.7273
mod-mismatch,217.8764,1.0000
mod-mismatch,253.1910,0.9600
mod-mismatch,239.9842,0.9200
mod-mismatch,265.7866,1.0000
mod-mismatch,203.7585,0.9545
mod-mismatch,177.8345,0.8182
mod-mismatch,203.5419,0.7917
mod-mismatch,236.0900,0.9167
mod-mismatch,252.6473,1.0000
mod-mismatch,213.5029,0.8750
mod-mismatch,168.1279,0.7826
mod-mismatch,162.6063,0.6957
mod-mismatch,225.2132,1.0000
mod-mismatch,89.7146,0.3913
mod-mismatch,199.8921,0.9130
mod-mismatch,182.0085,0.7826
mod-mismatch,140.0108,0.6522
mod-mismatch,206.3409,0.9130
mod-mismatch,190.0747,0.9091
mod-mismatch,147.5524,0.6818
mod-mismatch,183.7798,0.8182
mod-mismatch,148.6073,0.7273
mod-mismatch,189.8212,0.9091
mod-mismatch,148.0590,0.6818
mod-mismatch,217.3361,1.0000
mod-mismatch,229.4528,0.9130
mod-mismatch,180.6829,0.8636
mod-mismatch,207.4602,1.0000
mod-mismatch,225.8089,1.0000
mod-mismatch,208.5542,0.9545
mod-mismatch,218.4070,0.9545
mod-mismatch,187.6775,0.9091
mod-mismatch,218.6085,0.8750
mod-mismatch,234.3020,0.9167
mod-mismatch,224.7486,0.9130
mod-mismatch,202.4411,0.8261
mod-mismatch,226.4406,0.9565
mod-mismatch,91.7104,0.3913
mod-mismatch,217.5884,0.9565
mod-mismatch,195.1542,0.8261
mod-mismatch,219.4181,0.9130
mod-mismatch,236.2410,0.9565
mod-mismatch,228.4688,1.0000
mod-mismatch,233.5496,0.9545
mod-mismatch,210.3221,0.9545
mod-mismatch,216.4543,0.9091
mod-mismatch,182.4919,0.9048
mod-mismatch,203.6939,0.9524
mod-mismatch,190.0539,0.9048
mod-mismatch,195.1602,0.9048
mod-mismatch,186.4801,0.8571
mod-mismatch,185.6427,0.9524
mod-mismatch,193.2973,0.9524
mod-mismatch,211.0506,0.9130
mod-mismatch,203.8845,0.8696
mod-mismatch,225.6313,0.9565
mod-mismatch,178.2833,0.7391
mod-mismatch,233.3188,0.9565
mod-mismatch,202.0614,0.8261
mod-mismatch,229.2455,0.9130
mod-mismatch,193.1088,0.9091
mod-mismatch,222.5499,1.0000
mod-mismatch,223.8910,0.9583
mod-mismatch,212.0891,0.8750
mod-mismatch,228.4598,0.8800
mod-mismatch,201.8135,0.9091
mod-mismatch,208.2598,0.9545
mod-mismatch,190.2468,0.9091
mod-mismatch,200.6339,0.9091
mod-mismatch,211.8441,0.9545
mod-mismatch,188.6606,0.7826
mod-mismatch,242.2638,1.0000
mod-mismatch,211.7359,0.9091
mod-mismatch,203.3750,0.8636
mod-mismatch,223.6961,1.0000
mod-mismatch,216.6273,0.9091
mod-mismatch,219.1220,0.9545
mod-mismatch,202.8658,0.9091
mod-mismatch,221.5186,0.9167
mod-mismatch,200.1536,0.8261
mod-mismatch,185.3470,0.7826
mod-mismatch,186.0076,0.7826
mod-mismatch,239.0307,1.0000
mod-mismatch,251.0593,1.0000
mod-mismatch,248.0217,1.0000
mod-mismatch,215.5362,0.9091
mod-mismatch,233.5615,1.0000
mod-mismatch,220.8338,0.9565
mod-mismatch,220.4023,0.9565
mod-mismatch,190.1648,0.8261
mod-mismatch,237.4211,0.9565
mod-mismatch,162.6449,0.7727
mod-mismatch,189.4607,0.9091
mod-mismatch,166.3824,0.7727
mod-mismatch,175.8561,0.8182
mod-mismatch,161.3537,0.7727
mod-mismatch,182.0913,0.8636
mod-mismatch,164.5555,0.7727
mod-mismatch,177.3891,0.8182
mod-mismatch,225.7580,1.0000
mod-mismatch,237.1723,0.9167
mod-mismatch,223.1860,0.9545
mod-mismatch,233.2410,1.0000
mod-mismatch,209.0278,0.8696
mod-mismatch,192.4650,0.8261
mod-mismatch,239.6876,0.9565
mod-mismatch,213.1846,0.9130
mod-mismatch,229.3807,1.0000
mod-mismatch,105.6194,0.4348
mod-mismatch,236.1788,1.0000
mod-mismatch,211.0533,0.9130
mod-mismatch,203.3271,0.8696
mod-mismatch,219.3412,1.0000
mod-mismatch,117.4643,0.5000
mod-mismatch,228.5655,1.0000
mod-mismatch,209.5607,0.9545
mod-mismatch,226.9849,0.9545
mod-mismatch,168.5474,0.7273
mod-mismatch,220.5805,1.0000
mod-mismatch,196.3822,0.9091
mod-mismatch,167.8622,0.7273
mod-mismatch,210.9973,0.9545
mod-mismatch,227.0385,0.9545
mod-mismatch,215.9743,0.9545
mod-mismatch,216.9572,0.9091
mod-mismatch,223.6112,0.9130
mod-mismatch,229.0231,0.9130
mod-mismatch,217.5802,0.9545
mod-mismatch,205.3262,0.9545
mod-mismatch,213.1838,0.9091
mod-mismatch,187.6715,0.8182
mod-mismatch,183.4303,0.8636
mod-mismatch,218.9966,0.9130
mod-mismatch,189.8732,0.8696
mod-mismatch,214.6830,0.9130
mod-mismatch,200.4659,0.8696
mod-mismatch,227.7934,0.9565
mod-mismatch,218.6731,0.9565
mod-mismatch,231.2317,0.9565
mod-mismatch,222.3156,0.9545
mod-mismatch,186.0515,0.8636
mod-mismatch,198.2139,0.8333
mod-mismatch,198.1214,0.7600
mod-mismatch,210.0316,0.8000
mod-mismatch,243.7973,0.9200
mod-mismatch,189.0110,0.8636
mod-mismatch,173.3117,0.8182
mod-mismatch,193.1130,0.9091
mod-mismatch,152.1078,0.6818
mod-mismatch,185.8462,0.8636
mod-mismatch,178.9494,0.8182
mod-mismatch,180.1124,0.8182
mod-mismatch,196.5175,0.9091
mod-mismatch,229.6656,1.0000
mod-mismatch,201.7733,0.8636
mod-mismatch,228.1424,1.0000
mod-mismatch,222.6250,0.9091
mod-mismatch,228.0469,0.9545
mod-mismatch,236.5089,1.0000
mod-mismatch,240.9472,1.0000
mod-mismatch,198.9672,0.9130
mod-mismatch,153.6513,0.6522
mod-mismatch,189.9077,0.7826
mod-mismatch,181.6004,0.8571
mod-mismatch,193.2806,0.9048
mod-mismatch,186.3666,0.9048
mod-mismatch,204.6354,0.9524
mod-mismatch,168.2318,0.8571
mod-mismatch,175.2524,0.8571
mod-mismatch,190.1403,0.9524
mod-mismatch,130.8238,0.5217
mod-mismatch,240.5780,0.9565
mod-mismatch,188.7710,0.7917
mod-mismatch,202.0440,0.8750
mod-mismatch,222.3507,0.9545
mod-mismatch,232.7511,1.0000
mod-mismatch,218.2817,1.0000
mod-mismatch,214.5071,0.9545
mod-mismatch,201.3732,0.8261
mod-mismatch,185.9469,0.7391
mod-mismatch,233.5935,0.9565
mod-mismatch,182.9933,0.8636
mod-mismatch,207.5003,0.9545
mod-mismatch,221.8324,1.0000
mod-mismatch,202.2294,0.8636
mod-mismatch,223.5780,0.9545
mod-mismatch,228.0537,1.0000
mod-mismatch,220.5509,1.0000
mod-mismatch,119.8005,0.5000
mod-mismatch,216.2282,0.9091
mod-mismatch,224.9069,0.9545
mod-mismatch,193.8529,0.9091
mod-mismatch,211.1717,0.9545
mod-mismatch,225.2895,0.9545
mod-mismatch,183.5298,0.8182
mod-mismatch,221.2871,1.0000
mod-mismatch,245.7307,0.9583
mod-mismatch,172.4257,0.8182
mod-mismatch,100.1214,0.4545
mod-mismatch,127.0339,0.5455
mod-mismatch,198.9402,0.9545
mod-mismatch,206.2542,0.9545
mod-mismatch,190.7738,0.9091
mod-mismatch,190.2610,0.8636
mod-mismatch,210.6817,1.0000
mod-mismatch,212.2190,0.9545
mod-mismatch,189.8528,0.8636
mod-mismatch,200.2589,0.9545
mod-mismatch,180.7917,0.8182
mod-mismatch,152.7893,0.7273
mod-mismatch,202.3672,0.9545
mod-mismatch,205.1912,0.8636
mod-mismatch,199.4012,0.9091
mod-mismatch,204.8704,0.9091
mod-mismatch,222.0603,0.9545
mod-mismatch,190.5513,0.8636
mod-mismatch,202.7136,0.9545
mod-mismatch,235.6494,0.9167
mod-mismatch,216.0775,0.8750
mod-mismatch,242.0417,0.9583
mod-mismatch,213.5978,0.8333
mod-mismatch,253.0008,1.0000
mod-mismatch,221.3498,0.9130
mod-mismatch,194.5850,0.8261
mod-mismatch,233.3173,0.9565
mod-mismatch,222.2110,0.9565
mod-mismatch,192.1728,0.8636
mod-mismatch,201.9210,0.9091
mod-mismatch,175.0730,0.7727
mod-mismatch,192.3161,0.8636
mod-mismatch,202.6739,0.9091
mod-mismatch,209.2745,0.9091
mod-mismatch,233.5941,0.9167
mod-mismatch,212.8864,0.9167
mod-mismatch,182.2487,0.7826
mod-mismatch,157.8269,0.6957
mod-mismatch,114.6329,0.5217
mod-mismatch,187.0375,0.8261
mod-mismatch,180.1092,0.7826
mod-mismatch,184.6364,0.8261
mod-mismatch,230.3844,1.0000
mod-mismatch,225.9838,1.0000
mod-mismatch,179.0125,0.9048
mod-mismatch,204.0183,0.9048
mod-mismatch,175.8928,0.8095
mod-mismatch,197.7941,0.8571
mod-mismatch,210.7943,0.9524
mod-mismatch,143.1470,0.7143
mod-mismatch,107.8872,0.4783
mod-mismatch,158.4997,0.6957
mod-mismatch,238.7266,1.0000
mod-mismatch,198.3416,0.8636
mod-mismatch,220.9670,0.9091
mod-mismatch,223.7619,1.0000
mod-mismatch,205.2982,0.9091
mod-mismatch,175.1476,0.7727
mod-mismatch,223.7403,0.9545
mod-mismatch,107.3646,0.4545
mod-mismatch,222.0841,0.9545
mod-mismatch,219.3182,0.9545
mod-mismatch,217.5328,0.9545
mod-mismatch,205.1737,0.9091
mod-mismatch,204.8431,0.8636
mod-mismatch,231.9806,1.0000
mod-mismatch,233.3656,0.9565
mod-mismatch,205.0778,0.8696
mod-mismatch,216.5157,0.8696
mod-mismatch,207.4321,0.8696
mod-mismatch,205.1866,0.9545
mod-mismatch,217.8935,1.0000
mod-mismatch,193.0836,0.9091
mod-mismatch,212.4385,0.9545
mod-mismatch,198.0472,0.9545
mod-mismatch,190.3738,0.8182
mod-mismatch,176.1752,0.8182
mod-mismatch,242.4514,0.9583
mod-mismatch,221.0706,0.8400
mod-mismatch,257.6423,0.9600
mod-mismatch,195.6598,0.8182
mod-mismatch,206.3240,0.8636
mod-mismatch,201.0915,0.9545
mod-mismatch,122.8459,0.5455
mod-mismatch,209.8080,0.9091
mod-mismatch,240.9635,1.0000
mod-mismatch,204.3625,0.8636
mod-mismatch,227.6372,0.9545
mod-mismatch,206.1674,0.8636
mod-mismatch,175.2209,0.7727
mod-mismatch,203.4995,0.9091
mod-mismatch,213.9173,1.0000
mod-mismatch,207.1080,0.9091
mod-mismatch,224.6807,0.9545
mod-mismatch,232.4431,0.9545
mod-mismatch,203.6704,0.9545
mod-mismatch,201.1949,0.8182
mod-mismatch,224.3685,0.9545
mod-mismatch,226.5201,0.9583
mod-mismatch,251.7490,0.9600
mod-mismatch,209.1238,0.9091
mod-mismatch,210.8989,0.9545
mod-mismatch,247.1213,0.9583
mod-mismatch,251.0611,1.0000
mod-mismatch,232.9063,0.9167
mod-mismatch,134.5980,0.5652
mod-mismatch,225.6071,0.9130
mod-mismatch,225.4349,0.9130
mod-mismatch,197.5668,0.9048
mod-mismatch,180.3957,0.8571
mod-mismatch,194.3990,0.9048
mod-mismatch,178.6017,0.9048
mod-mismatch,194.5801,0.9524
mod-mismatch,179.6722,0.9048
mod-mismatch,189.4779,0.9524
mod-mismatch,173.2536,0.8095
mod-mismatch,183.7419,0.9048
mod-mismatch,136.4748,0.6190
mod-mismatch,167.7190,0.8095
mod-mismatch,177.7071,0.8571
mod-mismatch,174.7318,0.8571
mod-mismatch,240.5471,0.9200
mod-mismatch,216.4575,0.8000
mod-mismatch,213.5612,0.9545
mod-mismatch,265.0883,1.0000
mod-mismatch,202.5874,0.8333
mod-mismatch,262.5601,1.0000
mod-mismatch,220.7447,1.0000
mod-mismatch,214.2190,0.8636
mod-mismatch,222.6855,1.0000
mod-mismatch,165.3443,0.7727
mod-mismatch,219.3355,1.0000
mod-mismatch,221.9335,0.9091
mod-mismatch,207.6228,0.8636
mod-mismatch,214.3783,0.8636
mod-mismatch,223.3844,0.9545
mod-mismatch,221.9870,1.0000
mod-mismatch,216.3362,0.8696
mod-mismatch,231.2928,0.9130
mod-mismatch,116.4407,0.4783
mod-mismatch,220.4255,0.9130
mod-mismatch,242.0036,0.9565
mod-mismatch,210.7878,0.9130
mod-mismatch,178.6834,0.8261
mod-mismatch,186.2977,0.8261
mod-mismatch,206.9374,0.9565
mod-mismatch,60.9622,0.2609
mod-mismatch,192.8661,0.8696
mod-mismatch,105.6390,0.4783
mod-mismatch,202.0473,0.9130
mod-mismatch,185.4853,0.7826
mod-mismatch,160.7265,0.7391
mod-mismatch,215.4002,0.9167
mod-mismatch,252.5355,0.9583
mod-mismatch,199.6712,0.9091
mod-mismatch,179.3688,0.8182
mod-mismatch,174.0913,0.8182
mod-mismatch,192.6551,0.9091
mod-mismatch,180.1228,0.8182
mod-mismatch,203.4184,0.9545
mod-mismatch,225.5652,0.9130
mod-mismatch,219.0366,0.9130
mod-mismatch,253.1837,1.0000
mod-mismatch,230.8527,0.9545
mod-mismatch,218.3226,0.9091
mod-mismatch,218.4501,0.9091
mod-mismatch,207.8147,0.9545
mod-mismatch,105.1497,0.4545
mod-mismatch,210.9048,0.9091
mod-mismatch,164.3008,0.7727
mod-mismatch,161.2087,0.7273
mod-mismatch,197.6550,0.9091
mod-mismatch,243.1148,0.9583
mod-mismatch,220.5615,0.8750
mod-mismatch,231.5841,0.9167
mod-mismatch,188.3602,0.7727
mod-mismatch,210.0652,0.9545
mod-mismatch,165.3475,0.7727
mod-mismatch,198.6876,0.9091
mod-mismatch,170.9309,0.7727
mod-mismatch,236.7266,1.0000
mod-mismatch,209.9815,0.9545
mod-mismatch,221.0023,0.9091
mod-mismatch,196.8193,0.9545
mod-mismatch,219.1905,0.9545
mod-mismatch,212.7174,0.8333
mod-mismatch,201.0010,0.8696
mod-mismatch,230.1088,0.9565
mod-mismatch,211.7125,0.8696
mod-mismatch,220.6756,0.9130
mod-mismatch,242.9146,1.0000
mod-mismatch,224.3685,0.9200
mod-mismatch,242.6094,0.9600
mod-mismatch,227.1451,1.0000
mod-mismatch,207.6411,0.8636
mod-mismatch,207.2946,0.8636
mod-mismatch,122.0840,0.5000
mod-mismatch,242.7818,1.0000
mod-mismatch,208.1035,0.8636
mod-mismatch,241.9146,1.0000
mod-mismatch,218.1086,0.9545
mod-mismatch,204.9437,0.8636
mod-mismatch,205.4895,0.8636
mod-mismatch,224.1799,0.9545
mod-mismatch,176.5857,0.7273
mod-mismatch,208.3346,0.9545
mod-mismatch,175.0207,0.7273
mod-mismatch,207.0299,0.9091
mod-mismatch,211.9976,1.0000
mod-mismatch,206.0955,0.8636
mod-mismatch,199.7328,0.9545
mod-mismatch,198.5419,0.9091
mod-mismatch,133.5772,0.5455
mod-mismatch,219.9965,0.9091
mod-mismatch,180.5291,0.8182
mod-mismatch,196.8811,0.9545
mod-mismatch,225.8494,0.9545
mod-mismatch,223.5996,0.9545
mod-mismatch,194.1929,0.8636
mod-mismatch,208.7288,0.9091
mod-mismatch,211.7990,0.8696
mod-mismatch,217.5961,0.9565
mod-mismatch,247.5693,1.0000
mod-mismatch,178.3040,0.7826
mod-mismatch,234.6031,0.9565
mod-mismatch,221.8288,0.9130
mod-mismatch,216.8913,0.8696
mod-mismatch,213.5025,0.9565
mod-mismatch,225.7933,0.9130
mod-mismatch,227.5988,0.9130
mod-mismatch,220.0542,1.0000
mod-mismatch,206.2245,0.8696
mod-mismatch,233.2208,0.9565
mod-mismatch,239.3379,0.9565
mod-mismatch,234.5576,0.9565
mod-mismatch,242.1959,1.0000
mod-mismatch,107.4051,0.4348
mod-mismatch,171.0457,0.6957
mod-mismatch,101.8043,0.3913
mod-mismatch,229.2994,0.9565
mod-mismatch,212.1868,0.8696
mod-mismatch,192.0541,0.9091
mod-mismatch,220.5957,1.0000
mod-mismatch,198.1295,0.8182
mod-mismatch,180.4773,0.8636
mod-mismatch,202.3975,0.9091
mod-mismatch,227.2699,0.9130
mod-mismatch,218.4264,1.0000
mod-mismatch,218.7974,0.9545
mod-mismatch,222.4328,0.9545
mod-mismatch,199.6805,0.9091
mod-mismatch,221.0834,0.9167
mod-mismatch,225.8565,0.9167
mod-mismatch,200.7552,0.9091
mod-mismatch,210.4919,0.9091
mod-mismatch,209.5773,0.9545
mod-mismatch,215.6776,0.9091
mod-mismatch,162.4010,0.7727
mod-mismatch,214.9992,1.0000
mod-mismatch,210.1877,0.9545
mod-mismatch,221.1155,0.8696
mod-mismatch,223.2748,0.9130
mod-mismatch,204.6489,0.8696
mod-mismatch,238.6532,1.0000
mod-mismatch,197.4376,0.8261
mod-mismatch,210.9566,0.8696
mod-mismatch,232.6064,0.9565
mod-mismatch,209.2593,0.8636
mod-mismatch,213.6331,1.0000
mod-mismatch,214.6496,0.9545
mod-mismatch,118.2655,0.4783
mod-mismatch,227.2835,0.9130
mod-mismatch,247.4649,0.9583
mod-mismatch,201.7598,0.8261
mod-mismatch,176.3374,0.7727
mod-mismatch,190.6309,0.9091
mod-mismatch,190.6000,0.8636
mod-mismatch,174.7261,0.8182
mod-mismatch,204.1501,0.9091
mod-mismatch,190.5580,0.9091
mod-mismatch,198.3806,0.9091
mod-mismatch,139.5271,0.6364
mod-mismatch,199.7229,0.9545
mod-mismatch,210.7375,0.9545
mod-mismatch,222.2935,0.9583
mod-mismatch,232.5895,0.9167
mod-mismatch,174.1441,0.7727
mod-mismatch,204.0122,0.8636
mod-mismatch,236.7590,0.9583
mod-mismatch,242.5810,1.0000
mod-mismatch,243.7593,1.0000
mod-mismatch,232.0471,0.9565
mod-mismatch,239.2347,1.0000
mod-mismatch,174.8968,0.8571
mod-mismatch,201.9073,1.0000
mod-mismatch,172.9263,0.8571
mod-mismatch,157.6821,0.7619
mod-mismatch,199.5738,0.9048
mod-mismatch,169.1734,0.8571
mod-mismatch,189.7126,0.8571
mod-mismatch,184.8371,0.9524
mod-mismatch,205.4621,1.0000
mod-mismatch,190.1493,0.9524
mod-mismatch,217.3773,0.9130
mod-mismatch,253.2893,1.0000
mod-mismatch,220.9367,0.8750
mod-mismatch,218.2543,0.9167
mod-mismatch,188.4724,0.7391
mod-mismatch,238.6589,1.0000
mod-mismatch,79.7085,0.3043
mod-mismatch,223.8260,0.9130
mod-mismatch,200.3168,0.9130
mod-mismatch,89.9771,0.3913
mod-mismatch,222.5199,0.9565
mod-mismatch,111.7117,0.4783
mod-mismatch,98.5431,0.4348
mod-mismatch,110.7864,0.4783
mod-mismatch,216.7542,0.9565
mod-mismatch,90.0764,0.3913
mod-mismatch,222.8932,0.9565
mod-mismatch,213.5942,0.9565
mod-mismatch,200.0439,0.8696
mod-mismatch,233.7560,0.9565
mod-mismatch,251.0880,0.9600
mod-mismatch,201.3430,0.8636
mod-mismatch,228.0381,1.0000
mod-mismatch,193.2621,0.8182
mod-mismatch,204.9146,0.8636
mod-mismatch,229.9321,0.9545
mod-mismatch,185.6927,0.8636
mod-mismatch,219.5776,1.0000
mod-mismatch,235.9901,1.0000
mod-mismatch,200.1532,0.9091
mod-mismatch,170.5768,0.8182
mod-mismatch,198.0181,0.9091
mod-mismatch,202.1594,0.9545
mod-mismatch,210.9141,0.9545
mod-mismatch,230.7194,0.9130
mod-mismatch,226.1067,0.9565
mod-mismatch,230.9816,0.9130
mod-mismatch,236.9596,1.0000
mod-mismatch,215.4209,0.9130
mod-mismatch,225.0097,0.9545
mod-mismatch,178.9052,0.7727
mod-mismatch,191.4384,0.8636
mod-mismatch,210.5536,1.0000
mod-mismatch,234.4021,1.0000
mod-mismatch,218.2229,0.9545
mod-mismatch,206.2172,0.9091
mod-mismatch,226.8935,1.0000
mod-mismatch,195.6906,0.8182
mod-mismatch,199.7435,0.9091
mod-mismatch,191.7220,0.8182
mod-mismatch,201.4603,0.9545
mod-mismatch,205.5622,0.8636
mod-mismatch,204.9090,0.9545
mod-mismatch,221.5579,1.0000
mod-mismatch,185.7708,0.8182
mod-mismatch,212.8953,0.9545
mod-mismatch,208.8646,0.9545
mod-mismatch,180.6180,0.7391
mod-mismatch,217.7668,0.9130
mod-mismatch,254.8451,1.0000
mod-mismatch,177.9609,0.7826
mod-mismatch,183.8989,0.8261
mod-mismatch,181.2096,0.7826
mod-mismatch,185.7262,0.8261
mod-mismatch,228.4012,1.0000
mod-mismatch,216.9331,0.9130
mod-mismatch,247.8350,1.0000
mod-mismatch,192.9044,0.7727
mod-mismatch,214.5181,0.9545
mod-mismatch,222.3810,1.0000
mod-mismatch,177.5041,0.7727
mod-mismatch,221.0458,0.9545
mod-mismatch,185.1626,0.8636
mod-mismatch,229.1035,0.8800
mod-mismatch,261.4320,1.0000
mod-mismatch,207.5867,1.0000
mod-mismatch,175.5933,0.8095
mod-mismatch,115.9231,0.5714
mod-mismatch,177.1529,0.9048
mod-mismatch,233.3123,0.9167
mod-mismatch,180.1081,0.8636
mod-mismatch,211.6213,0.9545
mod-mismatch,200.3793,0.9091
mod-mismatch,204.8370,0.8261
mod-mismatch,202.3223,0.8696
mod-mismatch,227.3059,0.9565
mod-mismatch,177.8204,0.7727
mod-mismatch,227.1049,1.0000
mod-mismatch,211.2071,0.9091
mod-mismatch,219.8178,0.9091
mod-mismatch,172.8555,0.8182
mod-mismatch,172.2457,0.7727
mod-mismatch,222.6845,0.9545
mod-mismatch,205.2950,0.8636
mod-mismatch,202.8305,0.8636
mod-mismatch,214.8124,0.9091
mod-mismatch,191.7719,0.9091
mod-mismatch,238.3177,1.0000
mod-mismatch,244.6421,0.9583
mod-mismatch,213.7316,0.9545
mod-mismatch,223.6065,0.9545
mod-mismatch,218.1536,0.9091
mod-mismatch,231.9475,1.0000
mod-mismatch,223.5444,1.0000
mod-mismatch,180.5402,0.8636
mod-mismatch,206.0354,0.9545
mod-mismatch,201.4092,0.9545
mod-mismatch,223.2483,1.0000
mod-mismatch,180.9096,0.8636
mod-mismatch,205.9996,0.9545
mod-mismatch,191.3847,0.9091
mod-mismatch,206.2580,0.8333
mod-mismatch,211.4249,0.7917
mod-mismatch,208.3700,0.8750
mod-mismatch,226.1382,0.9130
mod-mismatch,110.3540,0.4348
mod-mismatch,238.1179,0.9565
mod-mismatch,129.2473,0.4783
mod-mismatch,102.4606,0.3913
mod-mismatch,220.7437,0.9130
mod-mismatch,109.8211,0.4348
mod-mismatch,226.7331,0.9130
mod-mismatch,230.4234,0.9130
mod-mismatch,131.3207,0.5652
mod-mismatch,221.3188,0.9565
mod-mismatch,208.0393,0.9130
mod-mismatch,164.6203,0.6522
mod-mismatch,217.8716,0.8696
mod-mismatch,233.4980,0.8800
mod-mismatch,216.4140,0.8696
mod-mismatch,242.7049,1.0000
mod-mismatch,166.0395,0.7391
mod-mismatch,226.0493,1.0000
mod-mismatch,226.1212,0.9565
mod-mismatch,212.8878,0.9565
mod-mismatch,239.5299,1.0000
mod-mismatch,197.9249,0.9545
mod-mismatch,197.3651,0.9091
mod-mismatch,233.9905,0.9167
mod-mismatch,226.0349,0.8750
mod-mismatch,223.4670,0.8750
mod-mismatch,249.0304,0.9583
mod-mismatch,219.0990,0.9583
mod-mismatch,190.8238,0.8636
mod-mismatch,200.2527,0.8636
mod-mismatch,207.3122,0.9545
mod-mismatch,228.2485,1.0000
mod-mismatch,234.4940,1.0000
mod-mismatch,233.7008,0.9167
mod-mismatch,235.1772,0.9565
mod-mismatch,213.9212,0.8696
mod-mismatch,214.7892,0.9130
mod-mismatch,204.8176,0.9130
mod-mismatch,197.6296,0.9524
mod-mismatch,212.9624,1.0000
mod-mismatch,174.6465,0.8095
mod-mismatch,192.3848,0.9048
mod-mismatch,188.7674,0.9048
mod-mismatch,172.9500,0.8571
mod-mismatch,189.6203,0.9048
mod-mismatch,194.1399,0.9524
mod-mismatch,181.5643,0.8571
mod-mismatch,176.3175,0.8095
mod-mismatch,169.4630,0.8571
mod-mismatch,216.1363,0.9167
mod-mismatch,205.3441,0.9091
mod-mismatch,183.4833,0.8182
mod-mismatch,222.2309,0.9545
mod-mismatch,210.8641,1.0000
mod-mismatch,223.0158,0.9545
mod-mismatch,231.8579,1.0000
mod-mismatch,222.1696,0.9545
mod-mismatch,234.2355,1.0000
mod-mismatch,230.3594,1.0000
mod-mismatch,224.8446,1.0000
mod-mismatch,198.2547,0.8636
mod-mismatch,220.6605,0.8750
mod-mismatch,222.7445,0.9545
mod-mismatch,235.9793,1.0000
mod-mismatch,186.2310,0.8182
mod-mismatch,224.5238,1.0000
mod-mismatch,220.4421,0.9091
mod-mismatch,206.7262,0.9545
mod-mismatch,221.6590,0.9091
mod-mismatch,207.0271,0.9545
mod-mismatch,195.0415,0.8636
mod-mismatch,211.6068,0.9091
mod-mismatch,254.3631,0.9600
mod-mismatch,209.0229,0.9545
mod-mismatch,193.9728,0.8182
mod-mismatch,223.8606,0.9545
mod-mismatch,209.6727,0.9545
mod-mismatch,219.3756,0.9545
mod-mismatch,210.4524,0.8636
mod-mismatch,238.5633,1.0000
mod-mismatch,130.7917,0.5455
mod-mismatch,236.3740,1.0000
mod-mismatch,211.3246,0.8636
mod-mismatch,238.0375,1.0000
mod-mismatch,220.6377,0.9545
mod-mismatch,219.6065,1.0000
mod-mismatch,193.2788,0.8182
mod-mismatch,234.8732,1.0000
mod-mismatch,209.6612,0.9545
mod-mismatch,224.2222,0.9130
mod-mismatch,220.3707,0.9130
mod-mismatch,214.5436,0.8696
mod-mismatch,219.4184,0.8696
mod-mismatch,196.7203,0.8261
mod-mismatch,188.8890,0.7391
mod-mismatch,208.7529,0.8261
mod-mismatch,229.6894,0.9565
mod-mismatch,207.4877,0.8261
mod-mismatch,180.4122,0.7391
mod-mismatch,198.5141,0.8261
mod-mismatch,223.3433,0.9130
mod-mismatch,215.8380,0.8696
mod-mismatch,237.7369,0.9565
mod-mismatch,188.3577,0.7727
mod-mismatch,231.2434,0.9545
mod-mismatch,189.8592,0.7727
mod-mismatch,225.7938,1.0000
mod-mismatch,205.7515,0.8636
mod-mismatch,180.7345,0.8636
mod-mismatch,225.3115,0.8750
mod-mismatch,207.7914,0.8750
mod-mismatch,215.6051,0.9167
mod-mismatch,257.0795,1.0000
mod-mismatch,236.0216,0.9167
mod-mismatch,213.9846,1.0000
mod-mismatch,238.4549,0.9200
mod-mismatch,204.2438,0.8636
mod-mismatch,220.3304,0.9091
mod-mismatch,195.2496,0.8636
mod-mismatch,214.1989,0.9091
mod-mismatch,116.7649,0.4783
mod-mismatch,188.9748,0.7826
mod-mismatch,240.6752,1.0000
mod-mismatch,230.7211,1.0000
mod-mismatch,240.8216,1.0000
mod-mismatch,194.2284,0.9524
mod-mismatch,211.1781,0.8571
mod-mismatch,237.4520,1.0000
mod-mismatch,209.3722,1.0000
mod-mismatch,157.8323,0.7619
mod-mismatch,169.4571,0.8571
mod-mismatch,195.3397,0.8095
mod-mismatch,213.8271,0.9524
mod-mismatch,209.9228,0.9524
mod-mismatch,231.7997,0.9545
mod-mismatch,213.9987,0.9545
mod-mismatch,242.4277,0.9583
mod-mismatch,229.1264,0.8750
mod-mismatch,241.6952,0.9583
mod-mismatch,161.6550,0.7273
mod-mismatch,182.2229,0.8636
mod-mismatch,151.7687,0.7273
mod-mismatch,163.0731,0.7727
mod-mismatch,193.0078,0.9091
mod-mismatch,191.9545,0.9091
mod-mismatch,153.2446,0.7273
mod-mismatch,197.7927,0.9545
mod-mismatch,210.9638,0.9545
mod-mismatch,193.6039,0.9545
mod-mismatch,247.0522,1.0000
mod-mismatch,230.1034,0.9565
mod-mismatch,122.3040,0.5217
mod-mismatch,194.6473,0.8261
mod-mismatch,232.4681,1.0000
mod-mismatch,237.2485,0.9565
mod-mismatch,224.4107,0.9583
mod-mismatch,213.0679,0.8333
mod-mismatch,208.8749,0.9130
mod-mismatch,221.1030,0.9545
mod-mismatch,197.9140,0.9091
mod-mismatch,173.6539,0.8182
mod-mismatch,178.0917,0.8182
mod-mismatch,185.9068,0.7727
mod-mismatch,220.1719,0.9545
mod-mismatch,216.6066,1.0000
mod-mismatch,218.8999,0.9091
mod-mismatch,192.9635,0.9091
mod-mismatch,227.2028,0.9545
mod-mismatch,236.8670,1.0000
mod-mismatch,237.2870,1.0000
mod-mismatch,225.2075,0.9545
mod-mismatch,237.6753,1.0000
mod-mismatch,224.9172,1.0000
mod-mismatch,238.4711,1.0000
mod-mismatch,180.2378,0.8182
mod-mismatch,217.7393,1.0000
mod-mismatch,236.8381,1.0000
mod-mismatch,206.3397,0.8636
mod-mismatch,221.8325,0.9545
mod-mismatch,196.3820,0.8182
mod-mismatch,230.7998,0.9545
mod-mismatch,209.3691,0.9091
mod-mismatch,228.6615,0.9130
mod-mismatch,213.9278,0.9091
mod-mismatch,194.1928,0.9091
mod-mismatch,195.0132,0.9091
mod-mismatch,235.0548,0.8400
mod-mismatch,222.0845,0.9583
mod-mismatch,130.0819,0.5455
mod-mismatch,237.6640,1.0000
mod-mismatch,207.6713,1.0000
mod-mismatch,121.7955,0.5455
mod-mismatch,195.2814,0.8636
mod-mismatch,211.2689,1.0000
mod-mismatch,217.6227,0.8696
mod-mismatch,208.7089,0.9091
mod-mismatch,226.5357,0.9545
mod-mismatch,234.0623,0.9545
mod-mismatch,198.0961,0.9545
mod-mismatch,214.7967,0.9091
mod-mismatch,215.3482,0.9545
mod-mismatch,213.7332,0.8636
mod-mismatch,152.5715,0.6818
mod-mismatch,131.6473,0.5909
mod-mismatch,201.1680,0.9091
mod-mismatch,255.0646,0.9600
mod-mismatch,203.2221,0.8636
mod-mismatch,209.2188,0.9545
mod-mismatch,224.0705,0.9545
mod-mismatch,224.5511,0.9545
mod-mismatch,205.6860,0.8636
mod-mismatch,208.4269,0.8636
mod-mismatch,226.6846,0.9545
mod-mismatch,200.2393,0.8636
mod-mismatch,161.8318,0.6818
mod-mismatch,220.4497,0.9545
mod-mismatch,189.5918,0.8636
mod-mismatch,220.3564,1.0000
mod-mismatch,202.8415,0.8636
mod-mismatch,187.0430,0.7727
mod-mismatch,215.7100,0.9091
mod-mismatch,235.3862,1.0000
mod-mismatch,197.3517,0.8636
mod-mismatch,209.6148,0.9091
mod-mismatch,191.6141,0.8182
mod-mismatch,202.4240,0.8636
mod-mismatch,192.8331,0.9091
mod-mismatch,219.6677,0.9545
mod-mismatch,192.9747,0.8696
mod-mismatch,214.5341,0.8696
mod-mismatch,217.3943,0.8696
mod-mismatch,185.3677,0.7391
mod-mismatch,207.1059,0.9130
mod-mismatch,218.2925,0.9091
mod-mismatch,255.8380,1.0000
mod-mismatch,213.9081,0.9565
mod-mismatch,224.8382,0.8750
mod-mismatch,180.6171,0.7500
mod-mismatch,244.7583,0.9583
mod-mismatch,175.0906,0.8182
mod-mismatch,201.0780,0.8636
mod-mismatch,204.1511,0.9091
mod-mismatch,220.2007,0.9545
mod-mismatch,253.4117,1.0000
mod-mismatch,217.5912,0.9167
mod-mismatch,229.1344,0.9167
mod-mismatch,146.6381,0.5833
mod-mismatch,234.6296,0.9583
mod-mismatch,208.4169,0.8333
mod-mismatch,187.0959,0.8182
mod-mismatch,214.6729,0.9545
mod-mismatch,129.7611,0.5455
mod-mismatch,224.4010,0.9545
mod-mismatch,185.1038,0.8182
mod-mismatch,216.0452,0.9545
mod-mismatch,195.9515,0.7500
mod-mismatch,236.1070,0.9167
mod-mismatch,186.1842,0.8636
mod-mismatch,192.2195,0.9091
mod-mismatch,159.3354,0.7273
mod-mismatch,199.7228,0.9091
mod-mismatch,189.9224,0.9091
mod-mismatch,219.6319,1.0000
mod-mismatch,225.7884,0.9545
mod-mismatch,237.1520,1.0000
mod-mismatch,224.5979,0.9130
mod-mismatch,208.0113,0.8696
mod-mismatch,196.3791,0.8261
mod-mismatch,197.2379,0.7826
mod-mismatch,236.7591,1.0000
mod-mismatch,217.6166,0.9130
mod-mismatch,213.1997,0.8333
mod-mismatch,159.0760,0.7273
mod-mismatch,80.4008,0.3636
mod-mismatch,208.2397,0.9545
mod-mismatch,244.2767,0.9583
mod-mismatch,194.1790,0.8696
mod-mismatch,113.0268,0.4783
mod-mismatch,198.3318,0.8696
mod-mismatch,96.7974,0.4348
mod-mismatch,184.4044,0.8261
mod-mismatch,113.0718,0.4783
mod-mismatch,188.7970,0.8261
mod-mismatch,213.0607,0.9565
mod-mismatch,194.6218,0.9524
mod-mismatch,201.7579,0.9524
mod-mismatch,175.1484,0.8571
mod-mismatch,171.5777,0.8571
mod-mismatch,207.9659,1.0000
mod-mismatch,175.8193,0.8571
mod-mismatch,183.3262,0.9048
mod-mismatch,232.4443,1.0000
mod-mismatch,185.1573,0.8636
mod-mismatch,220.4870,0.9545
mod-mismatch,193.0674,0.9091
mod-mismatch,84.1754,0.3636
mod-mismatch,210.8228,0.9545
mod-mismatch,234.0641,1.0000
mod-mismatch,213.0505,1.0000
mod-mismatch,235.2599,1.0000
mod-mismatch,246.4739,1.0000
mod-mismatch,213.3608,0.9130
mod-mismatch,236.4613,0.9565
mod-mismatch,221.4519,0.9565
mod-mismatch,170.3886,0.6818
mod-mismatch,233.3791,1.0000
mod-mismatch,192.5103,0.9091
mod-mismatch,195.7979,0.8182
mod-mismatch,238.4981,1.0000
mod-mismatch,178.5311,0.8182
mod-mismatch,178.8810,0.8636
mod-mismatch,196.6431,0.9524
mod-mismatch,208.5212,0.9048
mod-mismatch,211.1527,1.0000
mod-mismatch,204.6803,0.9524
mod-mismatch,147.4261,0.5652
mod-mismatch,241.9922,1.0000
mod-mismatch,189.3807,0.8636
mod-mismatch,196.9747,0.8636
mod-mismatch,197.0573,0.9545
mod-mismatch,215.5278,0.9091
mod-mismatch,207.3847,0.9091
mod-mismatch,240.1941,0.9565
mod-mismatch,206.9328,0.9565
mod-mismatch,210.5001,0.8261
mod-mismatch,230.1481,0.9565
mod-mismatch,202.7303,0.9130
mod-mismatch,224.8300,1.0000
mod-mismatch,202.0204,0.8261
mod-mismatch,230.7447,0.9130
mod-mismatch,225.3515,1.0000
mod-mismatch,235.2228,0.9565
mod-mismatch,244.6583,1.0000
mod-mismatch,225.3633,0.9130
mod-mismatch,245.4337,1.0000
mod-mismatch,214.7067,0.9565
mod-mismatch,245.0409,1.0000
mod-mismatch,215.8765,0.9130
mod-mismatch,221.6073,0.9130
mod-mismatch,249.0833,1.0000
mod-mismatch,227.1248,0.9130
mod-mismatch,226.0634,0.9130
mod-mismatch,229.6822,1.0000
mod-mismatch,200.9714,0.8261
mod-mismatch,220.6267,0.9130
mod-mismatch,165.4599,0.7727
mod-mismatch,196.0071,0.8750
mod-mismatch,192.9947,0.7917
mod-mismatch,217.9746,0.9167
mod-mismatch,200.1782,0.9091
mod-mismatch,180.8687,0.8636
mod-mismatch,89.5523,0.4091
mod-mismatch,206.4403,0.9545
mod-mismatch,200.8432,0.9091
mod-mismatch,208.9205,1.0000
mod-mismatch,238.5335,1.0000
mod-mismatch,211.8854,0.9130
mod-mismatch,189.8152,0.7083
mod-mismatch,230.9864,0.9583
mod-mismatch,238.2018,0.9583
mod-mismatch,232.0049,1.0000
mod-mismatch,214.5939,0.9091
mod-mismatch,223.8148,1.0000
mod-mismatch,173.9261,0.8182
mod-mismatch,193.2129,0.9091
mod-mismatch,206.5237,0.7600
mod-mismatch,200.1364,0.9524
mod-mismatch,187.2611,0.9048
mod-mismatch,202.2038,1.0000
mod-mismatch,185.4039,0.9048
mod-mismatch,201.0756,1.0000
mod-mismatch,192.1310,0.9048
mod-mismatch,181.1503,0.8571
mod-mismatch,203.5134,0.9524
mod-mismatch,158.4222,0.8095
mod-mismatch,174.1042,0.7391
mod-mismatch,205.8387,0.9130
mod-mismatch,208.3673,0.9130
mod-mismatch,96.5687,0.3913
mod-mismatch,213.5148,0.8696
mod-mismatch,101.0401,0.4348
mod-mismatch,67.3666,0.2609
mod-mismatch,214.3274,0.9130
mod-mismatch,97.0302,0.3913
mod-mismatch,221.2341,0.9130
mod-mismatch,208.0023,0.9130
mod-mismatch,230.8485,1.0000
mod-mismatch,218.0653,0.8696
mod-mismatch,224.1221,0.9565
mod-mismatch,230.1479,0.9565
mod-mismatch,231.6377,1.0000
mod-mismatch,263.4937,1.0000
mod-mismatch,207.4193,0.8636
mod-mismatch,215.5624,0.9091
mod-mismatch,207.5189,0.9545
mod-mismatch,196.8359,0.8182
mod-mismatch,169.4248,0.7727
mod-mismatch,224.8737,1.0000
mod-mismatch,186.6499,0.8182
mod-mismatch,236.5211,1.0000
mod-mismatch,211.5588,0.9091
mod-mismatch,194.6844,0.8636
mod-mismatch,204.1977,0.8636
mod-mismatch,205.3129,0.9091
mod-mismatch,200.6923,0.8636
mod-mismatch,162.5714,0.7727
mod-mismatch,221.0137,0.9167
mod-mismatch,231.9295,0.9167
mod-mismatch,234.2918,0.9167
mod-mismatch,213.9088,0.9545
mod-mismatch,193.0024,0.8636
mod-mismatch,168.2395,0.7273
mod-mismatch,212.9658,0.9545
mod-mismatch,190.7312,0.8636
mod-mismatch,195.6818,0.8636
mod-mismatch,184.5725,0.8182
mod-mismatch,213.7462,0.9545
mod-mismatch,227.1162,0.8800
mod-mismatch,207.9312,0.8636
mod-mismatch,228.5842,0.9545
mod-mismatch,191.8167,0.7917
mod-mismatch,247.1495,0.9583
mod-mismatch,225.6455,1.0000
mod-mismatch,223.4435,0.9545
mod-mismatch,236.1444,0.9583
mod-mismatch,223.5024,0.9545
mod-mismatch,198.3739,0.9545
mod-mismatch,173.4050,0.7727
mod-mismatch,212.8422,1.0000
mod-mismatch,218.0219,0.9545
mod-mismatch,202.1137,0.9545
mod-mismatch,203.1415,0.9091
mod-mismatch,189.8118,0.8636
mod-mismatch,179.4736,0.7727
mod-mismatch,202.4256,0.8636
mod-mismatch,183.9733,0.7391
mod-mismatch,249.8172,1.0000
mod-mismatch,241.0735,1.0000
mod-mismatch,199.9674,0.9091
mod-mismatch,209.1552,0.9091
mod-mismatch,216.3826,1.0000
mod-mismatch,230.2459,0.9545
mod-mismatch,227.1220,0.9545
mod-mismatch,242.3204,0.9565
mod-mismatch,203.7652,0.8261
mod-mismatch,228.2958,1.0000
mod-mismatch,230.0002,0.9565
mod-mismatch,195.8282,0.8696
mod-mismatch,228.3953,0.9130
mod-mismatch,190.3603,0.9091
mod-mismatch,112.3068,0.5000
mod-mismatch,207.4773,0.9545
mod-mismatch,176.2455,0.7727
mod-mismatch,209.9380,0.9091
mod-mismatch,217.7924,0.8400
mod-mismatch,207.8954,0.9545
mod-mismatch,208.9976,0.9545
mod-mismatch,194.3926,0.8182
mod-mismatch,208.1406,0.9545
mod-mismatch,231.1745,0.9200
mod-mismatch,180.0286,0.7727
mod-mismatch,225.6137,0.9545
mod-mismatch,234.0222,1.0000
mod-mismatch,228.9039,0.9167
mod-mismatch,196.9136,0.8261
mod-mismatch,189.3395,0.7826
mod-mismatch,193.1232,0.7826
mod-mismatch,208.8104,0.9130
mod-mismatch,124.3976,0.5217
mod-mismatch,216.1597,0.9565
mod-mismatch,188.4626,0.7826
mod-mismatch,193.2425,0.7826
mod-mismatch,189.3774,0.8261
mod-mismatch,235.7198,1.0000
mod-mismatch,181.5700,0.8261
mod-mismatch,226.8194,0.9130
mod-mismatch,170.8844,0.7826
mod-mismatch,238.2726,1.0000
mod-mismatch,235.4898,0.9565
mod-mismatch,223.7427,0.9130
mod-mismatch,225.1043,1.0000
mod-mismatch,239.9445,1.0000
mod-mismatch,218.6722,0.9545
mod-mismatch,207.3821,0.9091
mod-mismatch,174.1988,0.8571
mod-mismatch,169.9141,0.8571
mod-mismatch,125.5613,0.6190
mod-mismatch,172.1282,0.8571
mod-mismatch,161.3725,0.8095
mod-mismatch,163.4040,0.8095
mod-mismatch,150.3979,0.7143
mod-mismatch,162.9936,0.8095
mod-mismatch,174.5083,0.8571
mod-mismatch,189.6929,0.9524
mod-mismatch,201.0783,0.7500
mod-mismatch,241.7529,0.9583
mod-mismatch,234.1409,0.9167
mod-mismatch,211.4173,0.9130
mod-mismatch,196.5637,0.9545
mod-mismatch,185.2181,0.8636
mod-mismatch,202.8764,0.9091
mod-mismatch,223.3811,0.9565
mod-mismatch,204.7426,0.8261
mod-mismatch,213.1577,0.9130
mod-mismatch,228.6303,0.9130
mod-mismatch,225.0565,1.0000
mod-mismatch,218.0976,0.9130
mod-mismatch,227.1118,0.9130
mod-mismatch,233.3510,0.9565
mod-mismatch,226.4066,0.9565
mod-mismatch,238.8573,0.9565
mod-mismatch,231.5430,0.9167
mod-mismatch,222.9747,0.9545
mod-mismatch,230.1654,1.0000
mod-mismatch,192.2033,0.8182
mod-mismatch,225.8020,0.9545
mod-mismatch,207.9204,1.0000
mod-mismatch,199.5545,0.8182
mod-mismatch,211.7954,0.9091
mod-mismatch,194.6670,0.8182
mod-mismatch,195.0654,0.8182
mod-mismatch,163.6078,0.7727
mod-mismatch,210.5804,0.9545
mod-mismatch,219.2883,0.9545
mod-mismatch,240.3338,0.9565
mod-mismatch,212.9718,0.9091
mod-mismatch,200.1196,0.9091
mod-mismatch,216.5773,0.9091
mod-mismatch,222.4107,0.9545
mod-mismatch,157.3985,0.7273
mod-mismatch,159.9492,0.7273
mod-mismatch,210.8358,0.9545
mod-mismatch,255.8233,1.0000
mod-mismatch,239.7450,0.9167
mod-mismatch,254.7132,1.0000
mod-mismatch,247.9000,0.9583
mod-mismatch,145.7693,0.7143
mod-mismatch,181.7011,0.8571
mod-mismatch,171.5569,0.8571
mod-mismatch,207.5641,0.9524
mod-mismatch,233.7928,1.0000
mod-mismatch,187.5610,0.9524
mod-mismatch,214.6000,0.9524
mod-mismatch,190.1123,0.9524
mod-mismatch,178.3461,0.8571
mod-mismatch,206.6015,0.9524
mod-mismatch,230.7379,1.0000
mod-mismatch,204.5055,0.9524
mod-mismatch,173.3815,0.8095
mod-mismatch,193.1608,0.9091
mod-mismatch,202.5787,0.8636
mod-mismatch,214.9359,0.8636
mod-mismatch,204.9039,0.8636
mod-mismatch,203.4942,0.7917
mod-mismatch,226.0243,0.9167
mod-mismatch,201.8992,0.7917
mod-mismatch,242.7387,0.9583
mod-mismatch,212.2765,0.9167
mod-mismatch,229.9405,0.9583
mod-mismatch,218.0978,0.8696
mod-mismatch,126.7600,0.5217
mod-mismatch,215.1239,0.8696
mod-mismatch,219.1259,0.8696
mod-mismatch,115.0524,0.4783
mod-mismatch,121.9944,0.4783
mod-mismatch,115.2182,0.4783
mod-mismatch,215.6536,0.8696
mod-mismatch,216.7234,0.8696
mod-mismatch,126.8844,0.5217
mod-mismatch,215.8597,0.8696
mod-mismatch,249.4184,1.0000
mod-mismatch,235.1323,0.9583
mod-mismatch,99.7123,0.4348
mod-mismatch,195.4018,0.8696
mod-mismatch,204.1560,0.8696
mod-mismatch,121.6316,0.5217
mod-mismatch,212.8197,0.9130
mod-mismatch,205.2613,0.8261
mod-mismatch,223.7574,1.0000
mod-mismatch,189.3053,0.7826
mod-mismatch,208.1874,0.8696
mod-mismatch,177.2090,0.8571
mod-mismatch,126.1022,0.6190
mod-mismatch,147.7395,0.7143
mod-mismatch,180.2381,0.9048
mod-mismatch,181.0230,0.8571
mod-mismatch,195.3346,0.9524
mod-mismatch,171.0907,0.8571
mod-mismatch,183.8475,0.9048
mod-mismatch,185.7957,0.9048
mod-mismatch,214.6763,0.8696
mod-mismatch,215.4045,0.8750
mod-mismatch,233.8703,0.9130
mod-mismatch,188.0863,0.8261
mod-mismatch,225.8658,1.0000
mod-mismatch,247.6374,1.0000
mod-mismatch,228.6036,0.9545
mod-mismatch,236.5120,1.0000
mod-mismatch,227.9088,0.9545
mod-mismatch,223.8453,0.9545
mod-mismatch,174.2261,0.7273
mod-mismatch,227.2570,1.0000
mod-mismatch,216.5393,0.9091
mod-mismatch,233.3088,1.0000
mod-mismatch,244.2388,1.0000
mod-mismatch,217.4654,1.0000
mod-mismatch,170.6473,0.7273
mod-mismatch,227.4499,1.0000
mod-mismatch,175.7790,0.8182
mod-mismatch,174.3684,0.7727
mod-mismatch,196.0084,0.9091
mod-mismatch,183.2557,0.8636
mod-mismatch,226.3990,0.9545
mod-mismatch,193.3688,0.9091
mod-mismatch,203.4616,0.9091
mod-mismatch,198.2321,0.9545
mod-mismatch,120.1049,0.5000
mod-mismatch,215.9561,0.9091
mod-mismatch,214.3324,0.9545
mod-mismatch,190.0507,0.8636
mod-mismatch,193.0596,0.8636
mod-mismatch,185.4071,0.8182
mod-mismatch,179.1901,0.8636
mod-mismatch,193.0844,0.8636
mod-mismatch,198.5120,0.8636
mod-mismatch,197.7878,0.9091
mod-mismatch,207.8039,0.9091
mod-mismatch,225.1927,0.9545
mod-mismatch,203.9488,0.9545
mod-mismatch,231.5656,0.9545
mod-mismatch,251.8732,1.0000
mod-mismatch,225.5958,0.8750
mod-mismatch,237.4757,0.9167
mod-mismatch,213.2036,0.8750
mod-mismatch,225.2360,0.8750
mod-mismatch,227.8363,0.9545
mod-mismatch,190.6005,0.8636
mod-mismatch,191.7839,0.9091
mod-mismatch,205.4878,0.9545
mod-mismatch,192.6104,0.9091
mod-mismatch,186.7966,0.8636
mod-mismatch,215.1946,1.0000
mod-mismatch,224.8869,0.9545
mod-mismatch,210.0205,0.9545
mod-mismatch,212.6161,0.9091
mod-mismatch,206.0166,0.9091
mod-mismatch,187.7866,0.9091
mod-mismatch,245.3843,1.0000
mod-mismatch,211.9528,0.8696
mod-mismatch,231.6771,0.9565
mod-mismatch,84.8881,0.3478
mod-mismatch,220.4365,0.9565
mod-mismatch,212.7110,0.8696
mod-mismatch,200.8559,0.8261
mod-mismatch,226.2889,0.9130
mod-mismatch,234.1720,0.9167
mod-mismatch,176.5549,0.7083
mod-mismatch,223.6325,0.8750
mod-mismatch,225.2223,0.9130
mod-mismatch,245.7411,1.0000
mod-mismatch,230.4296,0.9130
mod-mismatch,205.0800,0.8261
mod-mismatch,222.4914,0.9130
mod-mismatch,212.8987,0.8696
mod-mismatch,245.4013,1.0000
mod-mismatch,232.8336,0.8750
mod-mismatch,258.9098,1.0000
mod-mismatch,107.2509,0.4783
mod-mismatch,88.7786,0.3913
mod-mismatch,106.1131,0.4783
mod-mismatch,193.7401,0.8696
mod-mismatch,159.4669,0.7727
mod-mismatch,192.2278,0.9091
mod-mismatch,174.5348,0.7727
mod-mismatch,217.2145,1.0000
mod-mismatch,174.1645,0.7727
mod-mismatch,223.2049,1.0000
mod-mismatch,244.5874,0.9583
mod-mismatch,220.6403,0.8750
mod-mismatch,238.7941,0.9167
mod-mismatch,204.7948,0.8750
mod-mismatch,221.5426,0.9130
mod-mismatch,229.9880,0.9565
mod-mismatch,207.8254,0.9545
mod-mismatch,168.2064,0.8182
mod-mismatch,171.6880,0.7727
mod-mismatch,198.3918,0.8636
mod-mismatch,173.7637,0.7727
mod-mismatch,99.9879,0.3636
mod-mismatch,193.1701,0.9091
mod-mismatch,207.0894,0.9545
