class,form,shared,delta_E
11.a,11.2.a.a,24,-92.83
14.a,14.2.a.a,23,-59.18
15.a,15.2.a.a,23,-61.70
17.a,17.2.a.a,24,-70.41
19.a,19.2.a.a,24,-79.75
20.a,20.2.a.a,23,-61.09
21.a,21.2.a.a,23,-62.92
24.a,24.2.a.a,23,-61.80
26.a,26.2.a.a,23,-69.77
26.b,26.2.a.b,23,-80.63
27.a,27.2.a.a,24,-84.85
30.a,30.2.a.a,22,-46.32
32.a,32.2.a.a,24,-76.66
33.a,33.2.a.a,23,-62.58
34.a,34.2.a.a,23,-60.83
35.a,35.2.a.a,23,-72.48
36.a,36.2.a.a,23,-65.28
37.a,37.2.a.a,24,-98.86
37.b,37.2.a.b,24,-81.06
38.a,38.2.a.a,23,-74.13
38.b,38.2.a.b,23,-82.16
39.a,39.2.a.a,23,-63.68
40.a,40.2.a.a,23,-64.50
42.a,42.2.a.a,22,-53.95
43.a,43.2.a.a,24,-99.99
44.a,44.2.a.a,23,-80.25
45.a,45.2.a.a,23,-62.15
46.a,46.2.a.a,23,-72.27
48.a,48.2.a.a,23,-61.70
49.a,49.2.a.a,24,-78.93
50.a,50.2.a.a,23,-72.34
50.b,50.2.a.b,23,-74.33
51.a,51.2.a.a,23,-73.19
52.a,52.2.a.a,23,-71.34
53.a,53.2.a.a,24,-100.81
54.a,54.2.a.a,23,-76.08
54.b,54.2.a.b,23,-76.61
55.a,55.2.a.a,23,-64.78
56.a,56.2.a.a,23,-64.69
56.b,56.2.a.b,23,-71.07
57.a,57.2.a.a,23,-80.60
57.b,57.2.a.b,23,-77.36
57.c,57.2.a.c,23,-64.49
58.a,58.2.a.a,23,-89.49
58.b,58.2.a.b,23,-85.60
61.a,61.2.a.a,24,-92.70
62.a,62.2.a.a,23,-64.08
63.a,63.2.a.a,23,-63.52
64.a,64.2.a.a,24,-77.46
65.a,65.2.a.a,23,-73.42
66.a,66.2.a.a,22,-54.69
66.b,66.2.a.b,22,-57.18
66.c,66.2.a.c,22,-61.85
67.a,67.2.a.a,24,-96.61
69.a,69.2.a.a,23,-72.45
70.a,70.2.a.a,22,-58.19
72.a,72.2.a.a,23,-61.37
73.a,73.2.a.a,24,-79.81
75.a,75.2.a.a,23,-87.44
75.b,75.2.a.b,23,-62.04
75.c,75.2.a.c,23,-86.63
76.a,76.2.a.a,23,-83.55
77.a,77.2.a.a,23,-84.66
77.b,77.2.a.b,23,-73.67
77.c,77.2.a.c,23,-78.05
78.a,78.2.a.a,22,-58.72
79.a,79.2.a.a,24,-92.74
80.a,80.2.a.a,23,-64.26
80.b,80.2.a.b,23,-63.15
82.a,82.2.a.a,23,-76.88
83.a,83.2.a.a,24,-95.00
84.a,84.2.a.a,22,-63.89
84.b,84.2.a.b,22,-54.89
85.a,85.2.a.a,23,-71.32
88.a,88.2.a.a,23,-93.04
89.a,89.2.a.a,24,-92.96
89.b,89.2.a.b,24,-85.56
90.a,90.2.a.a,22,-52.55
90.b,90.2.a.b,22,-52.33
90.c,90.2.a.c,22,-46.24
91.a,91.2.a.a,23,-93.49
91.b,91.2.a.b,23,-79.82
92.a,92.2.a.a,23,-90.59
92.b,92.2.a.b,23,-73.30
94.a,94.2.a.a,23,-69.23
96.a,96.2.a.a,23,-66.08
96.b,96.2.a.b,23,-66.93
98.a,98.2.a.a,23,-61.51
99.a,99.2.a.a,23,-66.78
99.b,99.2.a.b,23,-63.30
99.c,99.2.a.c,23,-67.02
99.d,99.2.a.d,23,-83.99
100.a,100.2.a.a,23,-63.40
101.a,101.2.a.a,25,-109.16
102.a,102.2.a.a,22,-64.96
102.b,102.2.a.b,22,-55.15
102.c,102.2.a.c,22,-53.31
104.a,104.2.a.a,23,-84.89
105.a,105.2.a.a,22,-55.39
106.a,106.2.a.a,23,-86.92
106.b,106.2.a.b,23,-93.89
106.c,106.2.a.c,23,-80.38
106.d,106.2.a.d,23,-79.96
108.a,108.2.a.a,23,-80.47
109.a,109.2.a.a,25,-108.81
110.a,110.2.a.a,22,-71.13
110.b,110.2.a.b,22,-78.89
110.c,110.2.a.c,22,-69.01
112.a,112.2.a.a,23,-70.31
112.b,112.2.a.b,23,-65.52
112.c,112.2.a.c,23,-60.29
113.a,113.2.a.a,25,-89.29
114.a,114.2.a.a,22,-69.18
114.b,114.2.a.b,22,-57.66
114.c,114.2.a.c,22,-52.99
115.a,115.2.a.a,23,-92.19
116.a,116.2.a.a,23,-92.28
116.b,116.2.a.b,23,-79.03
116.c,116.2.a.c,23,-77.56
117.a,117.2.a.a,23,-63.29
118.a,118.2.a.a,23,-97.92
118.b,118.2.a.b,23,-89.52
118.c,118.2.a.c,23,-83.15
118.d,118.2.a.d,23,-92.86
120.a,120.2.a.a,22,-56.28
120.b,120.2.a.b,22,-54.61
121.a,121.2.a.a,24,-94.80
121.b,121.2.a.b,24,-92.38
121.c,121.2.a.c,24,-95.21
121.d,121.2.a.d,24,-92.80
122.a,122.2.a.a,23,-87.66
123.a,123.2.a.a,23,-85.38
123.b,123.2.a.b,23,-92.99
124.a,124.2.a.a,23,-72.87
124.b,124.2.a.b,23,-80.86
126.a,126.2.a.a,22,-53.57
126.b,126.2.a.b,22,-48.65
128.a,128.2.a.a,24,-81.37
128.b,128.2.a.b,24,-81.80
128.c,128.2.a.c,24,-81.89
128.d,128.2.a.d,24,-82.25
129.a,129.2.a.a,23,-91.98
129.b,129.2.a.b,23,-65.29
130.a,130.2.a.a,22,-55.19
130.b,130.2.a.b,22,-55.19
130.c,130.2.a.c,22,-66.08
131.a,131.2.a.a,25,-113.08
132.a,132.2.a.a,22,-63.71
132.b,132.2.a.b,22,-66.77
135.a,135.2.a.a,23,-93.06
135.b,135.2.a.b,23,-93.41
136.a,136.2.a.a,23,-74.18
136.b,136.2.a.b,23,-71.08
138.a,138.2.a.a,22,-64.05
138.b,138.2.a.b,22,-53.39
138.c,138.2.a.c,22,-57.39
139.a,139.2.a.a,25,-112.73
140.a,140.2.a.a,22,-65.03
140.b,140.2.a.b,22,-79.56
141.a,141.2.a.a,23,-83.92
141.b,141.2.a.b,23,-71.50
141.c,141.2.a.c,23,-66.61
141.d,141.2.a.d,23,-84.87
141.e,141.2.a.e,23,-87.55
142.a,142.2.a.a,23,-85.36
142.b,142.2.a.b,23,-71.64
142.c,142.2.a.c,23,-84.88
142.d,142.2.a.d,23,-90.60
142.e,142.2.a.e,23,-70.07
143.a,143.2.a.a,23,-85.81
144.a,144.2.a.a,23,-66.35
144.b,144.2.a.b,23,-62.52
145.a,145.2.a.a,23,-71.91
147.a,147.2.a.a,23,-63.18
147.b,147.2.a.b,23,-86.55
147.c,147.2.a.c,23,-88.09
148.a,148.2.a.a,23,-83.88
150.a,150.2.a.a,22,-58.13
150.b,150.2.a.b,22,-47.79
150.c,150.2.a.c,22,-57.89
152.a,152.2.a.a,23,-86.05
152.b,152.2.a.b,23,-87.16
153.a,153.2.a.a,23,-80.87
153.b,153.2.a.b,23,-72.86
153.c,153.2.a.c,23,-61.45
153.d,153.2.a.d,23,-81.55
154.a,154.2.a.a,22,-63.31
154.b,154.2.a.b,22,-67.81
154.c,154.2.a.c,22,-54.60
155.a,155.2.a.a,23,-89.30
155.b,155.2.a.b,23,-76.16
155.c,155.2.a.c,23,-88.54
156.a,156.2.a.a,22,-67.07
156.b,156.2.a.b,22,-52.64
158.a,158.2.a.a,23,-85.38
158.b,158.2.a.b,23,-77.49
158.c,158.2.a.c,23,-88.31
158.d,158.2.a.d,23,-79.72
158.e,158.2.a.e,23,-73.76
160.a,160.2.a.a,23,-74.16
160.b,160.2.a.b,23,-74.38
161.a,161.2.a.a,23,-64.35
162.a,162.2.a.a,23,-69.53
162.b,162.2.a.b,23,-74.15
162.c,162.2.a.c,23,-74.76
162.d,162.2.a.d,23,-70.21
163.a,163.2.a.a,25,-113.47
166.a,166.2.a.a,23,-85.03
168.a,168.2.a.a,22,-58.53
168.b,168.2.a.b,22,-55.29
170.a,170.2.a.a,22,-54.27
170.b,170.2.a.b,22,-64.38
170.c,170.2.a.c,22,-71.81
170.d,170.2.a.d,22,-86.64
170.e,170.2.a.e,22,-70.28
171.a,171.2.a.a,23,-64.68
171.b,171.2.a.b,23,-68.24
171.c,171.2.a.c,23,-78.41
171.d,171.2.a.d,23,-81.19
172.a,172.2.a.a,23,-77.90
174.a,174.2.a.a,22,-80.05
174.b,174.2.a.b,22,-65.53
174.c,174.2.a.c,22,-57.62
174.d,174.2.a.d,22,-78.90
174.e,174.2.a.e,22,-70.15
175.a,175.2.a.a,23,-75.85
175.b,175.2.a.b,23,-73.58
175.c,175.2.a.c,23,-78.09
176.a,176.2.a.a,23,-80.69
176.b,176.2.a.b,23,-81.67
176.c,176.2.a.c,23,-92.70
178.a,178.2.a.a,23,-72.29
178.b,178.2.a.b,23,-74.76
179.a,179.2.a.a,25,-112.12
180.a,180.2.a.a,22,-50.41
182.a,182.2.a.a,22,-85.72
182.b,182.2.a.b,22,-86.61
182.c,182.2.a.c,22,-55.81
182.d,182.2.a.d,22,-69.50
182.e,182.2.a.e,22,-85.87
184.a,184.2.a.a,23,-84.92
184.b,184.2.a.b,23,-88.68
184.c,184.2.a.c,23,-76.57
184.d,184.2.a.d,23,-88.96
185.a,185.2.a.a,23,-91.81
185.b,185.2.a.b,23,-86.47
185.c,185.2.a.c,23,-73.30
186.a,186.2.a.a,22,-81.46
186.b,186.2.a.b,22,-83.51
186.c,186.2.a.c,22,-76.45
187.a,187.2.a.a,23,-77.58
187.b,187.2.a.b,23,-88.14
189.a,189.2.a.a,23,-88.47
189.b,189.2.a.b,23,-70.00
189.c,189.2.a.c,23,-70.63
189.d,189.2.a.d,23,-89.17
190.a,190.2.a.a,22,-76.93
190.b,190.2.a.b,22,-78.94
190.c,190.2.a.c,22,-64.97
192.a,192.2.a.a,23,-66.04
192.b,192.2.a.b,23,-60.76
192.c,192.2.a.c,23,-65.51
192.d,192.2.a.d,23,-61.59
194.a,194.2.a.a,23,-70.14
195.a,195.2.a.a,22,-53.94
195.b,195.2.a.b,22,-84.62
195.c,195.2.a.c,22,-84.95
195.d,195.2.a.d,22,-84.73
196.a,196.2.a.a,23,-81.70
196.b,196.2.a.b,23,-79.97
197.a,197.2.a.a,25,-116.14
198.a,198.2.a.a,22,-56.87
198.b,198.2.a.b,22,-54.71
198.c,198.2.a.c,22,-62.52
198.d,198.2.a.d,22,-54.29
198.e,198.2.a.e,22,-54.73
200.a,200.2.a.a,23,-91.44
200.b,200.2.a.b,23,-77.20
200.c,200.2.a.c,23,-64.42
200.d,200.2.a.d,23,-80.03
200.e,200.2.a.e,23,-91.86
201.a,201.2.a.a,23,-84.64
201.b,201.2.a.b,23,-88.53
201.c,201.2.a.c,23,-89.59
202.a,202.2.a.a,24,-97.61
203.a,203.2.a.a,23,-89.33
203.b,203.2.a.b,23,-85.91
203.c,203.2.a.c,23,-75.69
204.a,204.2.a.a,22,-75.81
204.b,204.2.a.b,22,-72.39
205.a,205.2.a.a,23,-62.84
205.b,205.2.a.b,23,-74.89
205.c,205.2.a.c,23,-73.40
206.a,206.2.a.a,24,-80.48
207.a,207.2.a.a,23,-71.15
208.a,208.2.a.a,23,-70.26
208.b,208.2.a.b,23,-84.06
208.c,208.2.a.c,23,-70.59
208.d,208.2.a.d,23,-79.36
209.a,209.2.a.a,23,-76.47
210.a,210.2.a.a,21,-50.44
210.b,210.2.a.b,21,-38.18
210.c,210.2.a.c,21,-46.87
210.d,210.2.a.d,21,-40.35
210.e,210.2.a.e,21,-46.26
212.a,212.2.a.a,23,-88.46
212.b,212.2.a.b,23,-72.10
213.a,213.2.a.a,23,-64.44
214.a,214.2.a.a,24,-103.28
214.b,214.2.a.b,24,-101.34
214.c,214.2.a.c,24,-108.11
214.d,214.2.a.d,24,-90.71
215.a,215.2.a.a,23,-82.32
216.a,216.2.a.a,23,-88.09
216.b,216.2.a.b,23,-88.23
216.c,216.2.a.c,23,-87.04
216.d,216.2.a.d,23,-88.36
218.a,218.2.a.a,24,-93.77
219.a,219.2.a.a,23,-91.38
219.b,219.2.a.b,23,-81.66
219.c,219.2.a.c,23,-71.99
220.a,220.2.a.a,22,-55.79
220.b,220.2.a.b,22,-62.04
221.a,221.2.a.a,23,-71.27
221.b,221.2.a.b,23,-74.06
222.a,222.2.a.a,22,-85.03
222.b,222.2.a.b,22,-56.12
222.c,222.2.a.c,22,-78.09
222.d,222.2.a.d,22,-73.08
222.e,222.2.a.e,22,-64.49
224.a,224.2.a.a,23,-73.93
224.b,224.2.a.b,23,-74.32
225.a,225.2.a.a,23,-86.24
225.b,225.2.a.b,23,-63.17
225.c,225.2.a.c,23,-74.35
225.d,225.2.a.d,23,-73.23
225.e,225.2.a.e,23,-88.29
226.a,226.2.a.a,24,-85.26
228.a,228.2.a.a,22,-77.29
228.b,228.2.a.b,22,-63.34
229.a,229.2.a.a,25,-106.77
231.a,231.2.a.a,22,-54.85
232.a,232.2.a.a,23,-86.77
232.b,232.2.a.b,23,-78.67
233.a,233.2.a.a,25,-97.31
234.a,234.2.a.a,22,-61.35
234.b,234.2.a.b,22,-67.26
234.c,234.2.a.c,22,-57.97
234.d,234.2.a.d,22,-62.14
234.e,234.2.a.e,22,-60.27
235.a,235.2.a.a,23,-84.88
235.b,235.2.a.b,23,-93.26
235.c,235.2.a.c,23,-93.62
236.a,236.2.a.a,23,-77.31
236.b,236.2.a.b,23,-72.15
238.a,238.2.a.a,22,-57.06
238.b,238.2.a.b,22,-66.30
238.c,238.2.a.c,22,-66.10
238.d,238.2.a.d,22,-50.38
238.e,238.2.a.e,22,-61.60
240.a,240.2.a.a,22,-55.69
240.b,240.2.a.b,22,-47.17
240.c,240.2.a.c,22,-54.09
240.d,240.2.a.d,22,-52.31
242.a,242.2.a.a,23,-86.04
242.b,242.2.a.b,23,-87.01
243.a,243.2.a.a,24,-87.32
243.b,243.2.a.b,24,-84.75
244.a,244.2.a.a,23,-83.34
245.a,245.2.a.a,23,-90.72
245.b,245.2.a.b,23,-89.21
245.c,245.2.a.c,23,-72.72
246.a,246.2.a.a,22,-63.53
246.b,246.2.a.b,22,-78.30
246.c,246.2.a.c,22,-63.78
246.d,246.2.a.d,22,-68.85
246.e,246.2.a.e,22,-82.87
246.f,246.2.a.f,22,-53.97
246.g,246.2.a.g,22,-70.30
248.a,248.2.a.a,23,-82.53
248.b,248.2.a.b,23,-74.69
248.c,248.2.a.c,23,-81.48
249.a,249.2.a.a,23,-89.22
249.b,249.2.a.b,23,-87.67
252.a,252.2.a.a,22,-64.52
252.b,252.2.a.b,22,-55.53
254.a,254.2.a.a,24,-91.06
254.b,254.2.a.b,24,-83.46
254.c,254.2.a.c,24,-88.34
254.d,254.2.a.d,24,-71.43
256.a,256.2.a.a,24,-85.58
256.b,256.2.a.b,24,-82.54
256.c,256.2.a.c,24,-82.45
256.d,256.2.a.d,24,-85.30
258.a,258.2.a.a,22,-58.43
258.b,258.2.a.b,22,-75.77
258.c,258.2.a.c,22,-78.81
258.d,258.2.a.d,22,-55.70
258.e,258.2.a.e,22,-74.07
258.f,258.2.a.f,22,-73.74
258.g,258.2.a.g,22,-59.65
259.a,259.2.a.a,23,-70.39
260.a,260.2.a.a,22,-63.14
262.a,262.2.a.a,24,-97.02
262.b,262.2.a.b,24,-101.22
264.a,264.2.a.a,22,-55.35
264.b,264.2.a.b,22,-53.20
264.c,264.2.a.c,22,-62.53
264.d,264.2.a.d,22,-63.89
265.a,265.2.a.a,23,-73.98
267.a,267.2.a.a,23,-91.74
267.b,267.2.a.b,23,-76.50
268.a,268.2.a.a,23,-86.03
269.a,269.2.a.a,25,-110.92
270.a,270.2.a.a,22,-69.81
270.b,270.2.a.b,22,-67.78
270.c,270.2.a.c,22,-67.48
270.d,270.2.a.d,22,-69.12
272.a,272.2.a.a,23,-71.12
272.b,272.2.a.b,23,-60.25
272.c,272.2.a.c,23,-74.85
272.d,272.2.a.d,23,-61.47
273.a,273.2.a.a,22,-83.41
273.b,273.2.a.b,22,-84.78
274.a,274.2.a.a,24,-100.22
274.b,274.2.a.b,24,-86.36
274.c,274.2.a.c,24,-102.88
275.a,275.2.a.a,23,-63.91
275.b,275.2.a.b,23,-83.83
277.a,277.2.a.a,25,-106.95
278.a,278.2.a.a,24,-90.04
278.b,278.2.a.b,24,-97.19
280.a,280.2.a.a,22,-77.84
280.b,280.2.a.b,22,-72.47
282.a,282.2.a.a,22,-66.11
282.b,282.2.a.b,22,-50.21
285.a,285.2.a.a,22,-62.92
285.b,285.2.a.b,22,-60.49
285.c,285.2.a.c,22,-56.23
286.a,286.2.a.a,22,-71.43
286.b,286.2.a.b,22,-73.17
286.c,286.2.a.c,22,-79.01
286.d,286.2.a.d,22,-67.02
286.e,286.2.a.e,22,-75.14
286.f,286.2.a.f,22,-76.18
288.a,288.2.a.a,23,-74.18
288.b,288.2.a.b,23,-66.88
288.c,288.2.a.c,23,-66.02
288.d,288.2.a.d,23,-68.15
288.e,288.2.a.e,23,-74.33
289.a,289.2.a.a,24,-70.57
290.a,290.2.a.a,22,-62.32
291.a,291.2.a.a,23,-95.92
291.b,291.2.a.b,23,-70.87
291.c,291.2.a.c,23,-72.66
291.d,291.2.a.d,23,-95.93
294.a,294.2.a.a,22,-69.08
294.b,294.2.a.b,22,-62.16
294.c,294.2.a.c,22,-62.38
294.d,294.2.a.d,22,-66.97
294.e,294.2.a.e,22,-80.74
294.f,294.2.a.f,22,-78.65
294.g,294.2.a.g,22,-54.37
296.a,296.2.a.a,23,-85.03
296.b,296.2.a.b,23,-82.27
297.a,297.2.a.a,23,-90.48
297.b,297.2.a.b,23,-88.71
297.c,297.2.a.c,23,-88.46
297.d,297.2.a.d,23,-91.91
298.a,298.2.a.a,24,-97.04
298.b,298.2.a.b,24,-95.54
300.a,300.2.a.a,22,-62.17
300.b,300.2.a.b,22,-67.85
300.c,300.2.a.c,22,-64.49
300.d,300.2.a.d,22,-61.78
302.a,302.2.a.a,24,-78.16
302.b,302.2.a.b,24,-107.91
302.c,302.2.a.c,24,-96.02
303.a,303.2.a.a,24,-98.72
303.b,303.2.a.b,24,-102.70
304.a,304.2.a.a,23,-82.40
304.b,304.2.a.b,23,-85.35
304.c,304.2.a.c,23,-76.67
304.d,304.2.a.d,23,-80.97
304.e,304.2.a.e,23,-88.29
304.f,304.2.a.f,23,-72.39
306.a,306.2.a.a,22,-49.68
306.b,306.2.a.b,22,-54.15
306.c,306.2.a.c,22,-55.30
306.d,306.2.a.d,22,-65.27
307.a,307.2.a.a,25,-105.65
307.b,307.2.a.b,25,-106.34
307.c,307.2.a.c,25,-108.54
307.d,307.2.a.d,25,-108.48
308.a,308.2.a.a,22,-77.39
309.a,309.2.a.a,24,-101.90
310.a,310.2.a.a,22,-57.27
310.b,310.2.a.b,22,-59.18
312.a,312.2.a.a,22,-55.51
312.b,312.2.a.b,22,-60.79
312.c,312.2.a.c,22,-64.58
312.d,312.2.a.d,22,-68.08
312.e,312.2.a.e,22,-62.73
312.f,312.2.a.f,22,-57.79
314.a,314.2.a.a,24,-90.00
315.a,315.2.a.a,22,-54.85
315.b,315.2.a.b,22,-62.58
316.a,316.2.a.a,23,-86.11
316.b,316.2.a.b,23,-83.48
318.a,318.2.a.a,22,-71.77
318.b,318.2.a.b,22,-81.83
318.c,318.2.a.c,22,-70.11
318.d,318.2.a.d,22,-83.18
318.e,318.2.a.e,22,-74.86
319.a,319.2.a.a,23,-93.26
320.a,320.2.a.a,23,-61.67
320.b,320.2.a.b,23,-74.61
320.c,320.2.a.c,23,-63.52
320.d,320.2.a.d,23,-63.89
320.e,320.2.a.e,23,-74.76
320.f,320.2.a.f,23,-62.97
322.a,322.2.a.a,22,-64.37
322.b,322.2.a.b,22,-64.05
322.c,322.2.a.c,22,-60.09
322.d,322.2.a.d,22,-63.51
323.a,323.2.a.a,23,-81.27
324.a,324.2.a.a,23,-81.92
324.b,324.2.a.b,23,-78.03
324.c,324.2.a.c,23,-83.43
324.d,324.2.a.d,23,-77.87
325.a,325.2.a.a,23,-83.69
325.b,325.2.a.b,23,-74.26
325.c,325.2.a.c,23,-73.31
325.d,325.2.a.d,23,-73.16
325.e,325.2.a.e,23,-84.70
326.a,326.2.a.a,24,-88.54
326.b,326.2.a.b,24,-99.02
326.c,326.2.a.c,24,-98.91
327.a,327.2.a.a,24,-97.06
328.a,328.2.a.a,23,-68.55
328.b,328.2.a.b,23,-73.99
329.a,329.2.a.a,23,-88.89
330.a,330.2.a.a,21,-45.64
330.b,330.2.a.b,21,-49.84
330.c,330.2.a.c,21,-49.99
330.d,330.2.a.d,21,-43.93
330.e,330.2.a.e,21,-42.45
331.a,331.2.a.a,25,-108.93
333.a,333.2.a.a,23,-68.73
333.b,333.2.a.b,23,-71.82
333.c,333.2.a.c,23,-68.68
333.d,333.2.a.d,23,-87.45
334.a,334.2.a.a,24,-98.13
335.a,335.2.a.a,23,-77.88
336.a,336.2.a.a,22,-53.31
336.b,336.2.a.b,22,-57.02
336.c,336.2.a.c,22,-56.18
336.d,336.2.a.d,22,-53.57
336.e,336.2.a.e,22,-58.19
336.f,336.2.a.f,22,-64.47
338.a,338.2.a.a,23,-77.97
338.b,338.2.a.b,23,-74.60
338.c,338.2.a.c,23,-71.62
338.d,338.2.a.d,23,-73.19
338.e,338.2.a.e,23,-70.95
338.f,338.2.a.f,23,-72.14
339.a,339.2.a.a,24,-101.74
339.b,339.2.a.b,24,-100.26
339.c,339.2.a.c,24,-101.23
340.a,340.2.a.a,22,-61.87
342.a,342.2.a.a,22,-64.01
342.b,342.2.a.b,22,-57.76
342.c,342.2.a.c,22,-53.25
342.d,342.2.a.d,22,-72.69
342.e,342.2.a.e,22,-65.54
342.f,342.2.a.f,22,-69.14
342.g,342.2.a.g,22,-63.81
344.a,344.2.a.a,23,-87.42
345.a,345.2.a.a,22,-81.72
345.b,345.2.a.b,22,-53.19
345.c,345.2.a.c,22,-79.43
345.d,345.2.a.d,22,-83.61
345.e,345.2.a.e,22,-56.77
345.f,345.2.a.f,22,-83.07
346.a,346.2.a.a,24,-97.64
346.b,346.2.a.b,24,-99.55
347.a,347.2.a.a,25,-111.49
348.a,348.2.a.a,22,-73.61
348.b,348.2.a.b,22,-78.99
348.c,348.2.a.c,22,-77.82
348.d,348.2.a.d,22,-76.95
350.a,350.2.a.a,22,-69.05
350.b,350.2.a.b,22,-59.57
350.c,350.2.a.c,22,-83.16
350.d,350.2.a.d,22,-81.32
350.e,350.2.a.e,22,-68.25
350.f,350.2.a.f,22,-51.72
352.a,352.2.a.a,23,-93.84
352.b,352.2.a.b,23,-91.37
352.c,352.2.a.c,23,-91.36
352.d,352.2.a.d,23,-92.29
352.e,352.2.a.e,23,-89.98
352.f,352.2.a.f,23,-92.82
353.a,353.2.a.a,25,-89.88
354.a,354.2.a.a,22,-81.29
354.b,354.2.a.b,22,-56.94
354.c,354.2.a.c,22,-69.45
354.d,354.2.a.d,22,-79.51
354.e,354.2.a.e,22,-63.20
354.f,354.2.a.f,22,-67.17
355.a,355.2.a.a,23,-73.03
356.a,356.2.a.a,23,-79.67
357.a,357.2.a.a,22,-73.75
357.b,357.2.a.b,22,-80.42
357.c,357.2.a.c,22,-72.93
357.d,357.2.a.d,22,-65.52
358.a,358.2.a.a,24,-94.69
358.b,358.2.a.b,24,-80.52
359.a,359.2.a.a,25,-102.18
359.b,359.2.a.b,25,-98.88
360.a,360.2.a.a,22,-55.59
360.b,360.2.a.b,22,-54.70
360.c,360.2.a.c,22,-65.27
360.d,360.2.a.d,22,-65.32
360.e,360.2.a.e,22,-56.26
361.a,361.2.a.a,24,-92.99
361.b,361.2.a.b,24,-81.58
362.a,362.2.a.a,24,-105.00
362.b,362.2.a.b,24,-91.93
363.a,363.2.a.a,23,-91.09
363.b,363.2.a.b,23,-63.64
363.c,363.2.a.c,23,-90.18
364.a,364.2.a.a,22,-82.63
364.b,364.2.a.b,22,-82.88
366.a,366.2.a.a,22,-57.64
366.b,366.2.a.b,22,-64.50
366.c,366.2.a.c,22,-73.69
366.d,366.2.a.d,22,-80.27
366.e,366.2.a.e,22,-73.57
366.f,366.2.a.f,22,-75.03
366.g,366.2.a.g,22,-71.26
368.a,368.2.a.a,23,-87.55
368.b,368.2.a.b,23,-74.25
368.c,368.2.a.c,23,-76.54
368.d,368.2.a.d,23,-72.39
368.e,368.2.a.e,23,-85.81
368.f,368.2.a.f,23,-88.67
368.g,368.2.a.g,23,-91.55
369.a,369.2.a.a,23,-92.47
369.b,369.2.a.b,23,-85.52
370.a,370.2.a.a,22,-65.87
370.b,370.2.a.b,22,-50.38
370.c,370.2.a.c,22,-80.09
370.d,370.2.a.d,22,-50.31
371.a,371.2.a.a,23,-86.48
371.b,371.2.a.b,23,-91.93
372.a,372.2.a.a,22,-73.67
372.b,372.2.a.b,22,-79.93
372.c,372.2.a.c,22,-65.71
372.d,372.2.a.d,22,-60.89
373.a,373.2.a.a,25,-112.81
374.a,374.2.a.a,22,-55.96
377.a,377.2.a.a,23,-66.65
378.a,378.2.a.a,22,-82.09
378.b,378.2.a.b,22,-69.17
378.c,378.2.a.c,22,-79.82
378.d,378.2.a.d,22,-69.04
378.e,378.2.a.e,22,-68.48
378.f,378.2.a.f,22,-80.21
378.g,378.2.a.g,22,-69.15
378.h,378.2.a.h,22,-82.27
380.a,380.2.a.a,22,-65.12
380.b,380.2.a.b,22,-62.76
381.a,381.2.a.a,24,-99.14
381.b,381.2.a.b,24,-104.92
384.a,384.2.a.a,23,-72.84
384.b,384.2.a.b,23,-73.23
384.c,384.2.a.c,23,-74.16
384.d,384.2.a.d,23,-72.19
384.e,384.2.a.e,23,-71.87
384.f,384.2.a.f,23,-72.87
384.g,384.2.a.g,23,-74.07
384.h,384.2.a.h,23,-72.38
385.a,385.2.a.a,22,-65.82
385.b,385.2.a.b,22,-53.46
387.a,387.2.a.a,23,-64.50
387.b,387.2.a.b,23,-81.90
387.c,387.2.a.c,23,-92.52
387.d,387.2.a.d,23,-81.94
387.e,387.2.a.e,23,-88.89
389.a,389.2.a.a,25,-112.67
390.a,390.2.a.a,21,-43.20
390.b,390.2.a.b,21,-50.85
390.c,390.2.a.c,21,-46.81
390.d,390.2.a.d,21,-41.49
390.e,390.2.a.e,21,-51.60
390.f,390.2.a.f,21,-47.19
390.g,390.2.a.g,21,-38.86
392.a,392.2.a.a,23,-90.74
392.b,392.2.a.b,23,-71.28
392.c,392.2.a.c,23,-91.80
392.d,392.2.a.d,23,-65.03
392.e,392.2.a.e,23,-89.52
392.f,392.2.a.f,23,-90.95
395.a,395.2.a.a,23,-78.23
395.b,395.2.a.b,23,-63.15
395.c,395.2.a.c,23,-70.93
396.a,396.2.a.a,22,-66.53
396.b,396.2.a.b,22,-64.64
396.c,396.2.a.c,22,-70.84
398.a,398.2.a.a,24,-81.93
399.a,399.2.a.a,22,-59.55
399.b,399.2.a.b,22,-62.59
399.c,399.2.a.c,22,-57.21
400.a,400.2.a.a,23,-90.58
400.b,400.2.a.b,23,-79.79
400.c,400.2.a.c,23,-63.23
400.d,400.2.a.d,23,-73.54
400.e,400.2.a.e,23,-64.13
400.f,400.2.a.f,23,-74.10
400.g,400.2.a.g,23,-77.51
400.h,400.2.a.h,23,-90.32
402.a,402.2.a.a,22,-74.30
402.b,402.2.a.b,22,-65.36
402.c,402.2.a.c,22,-56.31
402.d,402.2.a.d,22,-61.52
404.a,404.2.a.a,24,-92.08
404.b,404.2.a.b,24,-83.51
405.a,405.2.a.a,23,-97.71
405.b,405.2.a.b,23,-87.76
405.c,405.2.a.c,23,-76.21
405.d,405.2.a.d,23,-76.75
405.e,405.2.a.e,23,-88.20
405.f,405.2.a.f,23,-96.64
406.a,406.2.a.a,22,-63.89
406.b,406.2.a.b,22,-63.09
406.c,406.2.a.c,22,-66.31
406.d,406.2.a.d,22,-72.13
408.a,408.2.a.a,22,-75.84
408.b,408.2.a.b,22,-75.47
408.c,408.2.a.c,22,-63.42
408.d,408.2.a.d,22,-55.99
410.a,410.2.a.a,22,-57.12
410.b,410.2.a.b,22,-64.00
410.c,410.2.a.c,22,-59.18
410.d,410.2.a.d,22,-56.54
414.a,414.2.a.a,22,-56.44
414.b,414.2.a.b,22,-63.76
414.c,414.2.a.c,22,-53.51
414.d,414.2.a.d,22,-65.02
415.a,415.2.a.a,23,-85.81
416.a,416.2.a.a,23,-80.81
416.b,416.2.a.b,23,-81.52
417.a,417.2.a.a,24,-99.15
418.a,418.2.a.a,22,-76.96
418.b,418.2.a.b,22,-59.25
418.c,418.2.a.c,22,-80.68
420.a,420.2.a.a,21,-56.98
420.b,420.2.a.b,21,-55.65
420.c,420.2.a.c,21,-47.76
420.d,420.2.a.d,21,-53.05
422.a,422.2.a.a,24,-99.56
423.a,423.2.a.a,23,-87.19
423.b,423.2.a.b,23,-86.73
423.c,423.2.a.c,23,-84.91
423.d,423.2.a.d,23,-66.17
423.e,423.2.a.e,23,-70.95
423.f,423.2.a.f,23,-84.63
423.g,423.2.a.g,23,-87.33
425.a,425.2.a.a,23,-71.95
425.b,425.2.a.b,23,-78.93
425.c,425.2.a.c,23,-77.48
425.d,425.2.a.d,23,-59.57
426.a,426.2.a.a,22,-57.28
426.b,426.2.a.b,22,-70.10
426.c,426.2.a.c,22,-77.41
427.a,427.2.a.a,23,-84.40
427.b,427.2.a.b,23,-81.80
427.c,427.2.a.c,23,-87.99
428.a,428.2.a.a,24,-96.10
428.b,428.2.a.b,24,-95.42
429.a,429.2.a.a,22,-61.12
429.b,429.2.a.b,22,-56.64
430.a,430.2.a.a,22,-75.07
430.b,430.2.a.b,22,-76.37
430.c,430.2.a.c,22,-67.15
430.d,430.2.a.d,22,-85.57
431.a,431.2.a.a,25,-102.01
431.b,431.2.a.b,25,-110.36
432.a,432.2.a.a,23,-90.58
432.b,432.2.a.b,23,-77.16
432.c,432.2.a.c,23,-87.22
432.d,432.2.a.d,23,-81.80
432.e,432.2.a.e,23,-76.99
432.f,432.2.a.f,23,-87.37
432.g,432.2.a.g,23,-77.72
432.h,432.2.a.h,23,-89.61
433.a,433.2.a.a,25,-111.08
434.a,434.2.a.a,22,-62.02
434.b,434.2.a.b,22,-81.40
434.c,434.2.a.c,22,-59.04
434.d,434.2.a.d,22,-67.06
434.e,434.2.a.e,22,-57.84
435.a,435.2.a.a,22,-61.10
435.b,435.2.a.b,22,-75.22
435.c,435.2.a.c,22,-66.72
435.d,435.2.a.d,22,-52.75
437.a,437.2.a.a,23,-86.78
437.b,437.2.a.b,23,-80.59
438.a,438.2.a.a,22,-60.48
438.b,438.2.a.b,22,-67.65
438.c,438.2.a.c,22,-54.80
438.d,438.2.a.d,22,-55.53
438.e,438.2.a.e,22,-53.52
438.f,438.2.a.f,22,-57.10
438.g,438.2.a.g,22,-48.17
440.a,440.2.a.a,22,-63.93
440.b,440.2.a.b,22,-56.89
440.c,440.2.a.c,22,-59.35
440.d,440.2.a.d,22,-89.50
441.a,441.2.a.a,23,-85.75
441.b,441.2.a.b,23,-88.80
441.c,441.2.a.c,23,-69.76
441.d,441.2.a.d,23,-75.10
441.e,441.2.a.e,23,-77.57
441.f,441.2.a.f,23,-62.21
442.a,442.2.a.a,22,-62.71
442.b,442.2.a.b,22,-67.76
442.c,442.2.a.c,22,-61.38
442.d,442.2.a.d,22,-67.40
442.e,442.2.a.e,22,-63.11
443.a,443.2.a.a,25,-111.03
443.b,443.2.a.b,25,-106.28
443.c,443.2.a.c,25,-111.40
444.a,444.2.a.a,22,-58.02
444.b,444.2.a.b,22,-62.17
446.a,446.2.a.a,24,-106.63
446.b,446.2.a.b,24,-98.51
446.c,446.2.a.c,24,-96.63
446.d,446.2.a.d,24,-89.21
448.a,448.2.a.a,23,-60.46
448.b,448.2.a.b,23,-74.35
448.c,448.2.a.c,23,-71.38
448.d,448.2.a.d,23,-64.76
448.e,448.2.a.e,23,-64.28
448.f,448.2.a.f,23,-74.06
448.g,448.2.a.g,23,-60.96
448.h,448.2.a.h,23,-71.43
450.a,450.2.a.a,22,-53.61
450.b,450.2.a.b,22,-57.04
450.c,450.2.a.c,22,-65.48
450.d,450.2.a.d,22,-48.13
450.e,450.2.a.e,22,-53.86
450.f,450.2.a.f,22,-57.10
450.g,450.2.a.g,22,-62.87
451.a,451.2.a.a,23,-90.20
455.a,455.2.a.a,22,-49.95
455.b,455.2.a.b,22,-49.00
456.a,456.2.a.a,22,-68.78
456.b,456.2.a.b,22,-62.89
456.c,456.2.a.c,22,-72.37
456.d,456.2.a.d,22,-50.51
458.a,458.2.a.a,24,-95.26
458.b,458.2.a.b,24,-94.80
459.a,459.2.a.a,23,-89.93
459.b,459.2.a.b,23,-88.35
459.c,459.2.a.c,23,-76.68
459.d,459.2.a.d,23,-71.73
459.e,459.2.a.e,23,-71.09
459.f,459.2.a.f,23,-76.12
459.g,459.2.a.g,23,-87.36
459.h,459.2.a.h,23,-89.15
460.a,460.2.a.a,22,-71.95
460.b,460.2.a.b,22,-86.07
460.c,460.2.a.c,22,-61.94
460.d,460.2.a.d,22,-77.02
462.a,462.2.a.a,21,-45.56
462.b,462.2.a.b,21,-55.96
462.c,462.2.a.c,21,-53.08
462.d,462.2.a.d,21,-58.69
462.e,462.2.a.e,21,-57.80
462.f,462.2.a.f,21,-37.98
462.g,462.2.a.g,21,-47.41
464.a,464.2.a.a,23,-77.28
464.b,464.2.a.b,23,-76.11
464.c,464.2.a.c,23,-80.43
464.d,464.2.a.d,23,-85.81
464.e,464.2.a.e,23,-85.75
464.f,464.2.a.f,23,-90.59
464.g,464.2.a.g,23,-92.82
465.a,465.2.a.a,22,-55.06
465.b,465.2.a.b,22,-65.87
466.a,466.2.a.a,24,-79.44
466.b,466.2.a.b,24,-87.34
467.a,467.2.a.a,25,-104.04
468.a,468.2.a.a,22,-65.79
468.b,468.2.a.b,22,-62.43
468.c,468.2.a.c,22,-52.71
468.d,468.2.a.d,22,-66.82
468.e,468.2.a.e,22,-66.09
469.a,469.2.a.a,23,-84.96
469.b,469.2.a.b,23,-83.83
470.a,470.2.a.a,22,-72.82
470.b,470.2.a.b,22,-74.72
470.c,470.2.a.c,22,-65.68
470.d,470.2.a.d,22,-79.57
470.e,470.2.a.e,22,-70.89
470.f,470.2.a.f,22,-65.89
471.a,471.2.a.a,24,-88.24
472.a,472.2.a.a,23,-84.77
472.b,472.2.a.b,23,-79.31
472.c,472.2.a.c,23,-78.38
472.d,472.2.a.d,23,-80.41
472.e,472.2.a.e,23,-95.19
473.a,473.2.a.a,23,-90.07
474.a,474.2.a.a,22,-80.59
474.b,474.2.a.b,22,-74.30
475.a,475.2.a.a,23,-73.28
475.b,475.2.a.b,23,-71.60
475.c,475.2.a.c,23,-73.39
477.a,477.2.a.a,23,-89.66
480.a,480.2.a.a,22,-55.39
480.b,480.2.a.b,22,-53.15
480.c,480.2.a.c,22,-60.88
480.d,480.2.a.d,22,-58.55
480.e,480.2.a.e,22,-54.02
480.f,480.2.a.f,22,-55.81
480.g,480.2.a.g,22,-58.20
480.h,480.2.a.h,22,-60.02
481.a,481.2.a.a,23,-69.11
482.a,482.2.a.a,24,-103.42
483.a,483.2.a.a,22,-75.78
483.b,483.2.a.b,22,-78.82
484.a,484.2.a.a,23,-82.22
485.a,485.2.a.a,23,-74.79
485.b,485.2.a.b,23,-87.37
486.a,486.2.a.a,23,-78.63
486.b,486.2.a.b,23,-73.64
486.c,486.2.a.c,23,-83.03
486.d,486.2.a.d,23,-82.96
486.e,486.2.a.e,23,-74.58
486.f,486.2.a.f,23,-79.16
490.a,490.2.a.a,22,-63.37
490.b,490.2.a.b,22,-73.60
490.c,490.2.a.c,22,-72.47
490.d,490.2.a.d,22,-63.73
490.e,490.2.a.e,22,-81.56
490.f,490.2.a.f,22,-71.39
490.g,490.2.a.g,22,-65.75
490.h,490.2.a.h,22,-59.10
490.i,490.2.a.i,22,-71.39
490.j,490.2.a.j,22,-65.81
490.k,490.2.a.k,22,-83.24
492.a,492.2.a.a,22,-70.16
492.b,492.2.a.b,22,-84.45
493.a,493.2.a.a,23,-83.85
493.b,493.2.a.b,23,-89.69
494.a,494.2.a.a,22,-68.68
494.b,494.2.a.b,22,-58.84
494.c,494.2.a.c,22,-77.40
494.d,494.2.a.d,22,-67.84
495.a,495.2.a.a,22,-55.14
496.a,496.2.a.a,23,-82.46
496.b,496.2.a.b,23,-63.54
496.c,496.2.a.c,23,-79.84
496.d,496.2.a.d,23,-75.14
496.e,496.2.a.e,23,-82.81
496.f,496.2.a.f,23,-73.57
497.a,497.2.a.a,23,-80.21
498.a,498.2.a.a,22,-74.86
498.b,498.2.a.b,22,-59.32
501.a,501.2.a.a,24,-82.93
503.a,503.2.a.a,25,-102.58
503.b,503.2.a.b,25,-100.88
503.c,503.2.a.c,25,-109.54
504.a,504.2.a.a,22,-61.75
504.b,504.2.a.b,22,-55.09
504.c,504.2.a.c,22,-56.61
504.d,504.2.a.d,22,-62.92
504.e,504.2.a.e,22,-59.16
504.f,504.2.a.f,22,-62.39
504.g,504.2.a.g,22,-63.56
504.h,504.2.a.h,22,-61.29
505.a,505.2.a.a,24,-73.62
506.a,506.2.a.a,22,-71.81
506.b,506.2.a.b,22,-74.19
506.c,506.2.a.c,22,-86.03
506.d,506.2.a.d,22,-78.43
506.e,506.2.a.e,22,-78.69
506.f,506.2.a.f,22,-83.46
507.a,507.2.a.a,23,-62.84
507.b,507.2.a.b,23,-79.84
507.c,507.2.a.c,23,-80.71
510.a,510.2.a.a,21,-58.87
510.b,510.2.a.b,21,-56.01
510.c,510.2.a.c,21,-51.54
510.d,510.2.a.d,21,-58.08
510.e,510.2.a.e,21,-39.11
510.f,510.2.a.f,21,-45.81
510.g,510.2.a.g,21,-43.56
513.a,513.2.a.a,23,-92.50
513.b,513.2.a.b,23,-92.78
514.a,514.2.a.a,24,-82.27
514.b,514.2.a.b,24,-76.50
516.a,516.2.a.a,22,-73.68
516.b,516.2.a.b,22,-76.06
516.c,516.2.a.c,22,-62.93
516.d,516.2.a.d,22,-69.76
517.a,517.2.a.a,23,-87.45
517.b,517.2.a.b,23,-95.91
517.c,517.2.a.c,23,-87.50
520.a,520.2.a.a,22,-54.51
520.b,520.2.a.b,22,-61.88
522.a,522.2.a.a,22,-66.54
522.b,522.2.a.b,22,-74.58
522.c,522.2.a.c,22,-76.97
522.d,522.2.a.d,22,-69.31
522.e,522.2.a.e,22,-65.75
522.f,522.2.a.f,22,-77.72
522.g,522.2.a.g,22,-78.39
522.h,522.2.a.h,22,-79.66
522.i,522.2.a.i,22,-57.90
522.j,522.2.a.j,22,-65.85
522.k,522.2.a.k,22,-78.32
522.l,522.2.a.l,22,-65.83
522.m,522.2.a.m,22,-65.69
524.a,524.2.a.a,24,-100.37
525.a,525.2.a.a,22,-53.67
525.b,525.2.a.b,22,-62.19
525.c,525.2.a.c,22,-63.21
525.d,525.2.a.d,22,-52.17
528.a,528.2.a.a,22,-61.65
528.b,528.2.a.b,22,-54.17
528.c,528.2.a.c,22,-62.69
528.d,528.2.a.d,22,-55.33
528.e,528.2.a.e,22,-66.37
528.f,528.2.a.f,22,-63.47
528.g,528.2.a.g,22,-54.17
528.h,528.2.a.h,22,-62.84
528.i,528.2.a.i,22,-54.76
528.j,528.2.a.j,22,-56.90
530.a,530.2.a.a,22,-75.74
530.b,530.2.a.b,22,-61.66
530.c,530.2.a.c,22,-68.16
530.d,530.2.a.d,22,-73.50
532.a,532.2.a.a,22,-63.68
534.a,534.2.a.a,22,-56.92
537.a,537.2.a.a,24,-100.49
537.b,537.2.a.b,24,-92.02
537.c,537.2.a.c,24,-95.87
537.d,537.2.a.d,24,-98.26
537.e,537.2.a.e,24,-97.31
539.a,539.2.a.a,23,-83.02
539.b,539.2.a.b,23,-75.23
539.c,539.2.a.c,23,-83.88
539.d,539.2.a.d,23,-76.38
540.a,540.2.a.a,22,-67.86
540.b,540.2.a.b,22,-66.68
540.c,540.2.a.c,22,-71.63
540.d,540.2.a.d,22,-68.13
540.e,540.2.a.e,22,-67.48
540.f,540.2.a.f,22,-71.82
542.a,542.2.a.a,24,-97.33
542.b,542.2.a.b,24,-79.08
544.a,544.2.a.a,23,-74.43
544.b,544.2.a.b,23,-68.48
544.c,544.2.a.c,23,-67.09
544.d,544.2.a.d,23,-67.69
544.e,544.2.a.e,23,-72.34
544.f,544.2.a.f,23,-68.48
545.a,545.2.a.a,24,-74.94
546.a,546.2.a.a,21,-65.62
546.b,546.2.a.b,21,-40.97
546.c,546.2.a.c,21,-65.80
546.d,546.2.a.d,21,-56.85
546.e,546.2.a.e,21,-71.42
546.f,546.2.a.f,21,-62.53
546.g,546.2.a.g,21,-42.95
549.a,549.2.a.a,23,-68.57
549.b,549.2.a.b,23,-69.43
549.c,549.2.a.c,23,-82.08
550.a,550.2.a.a,22,-77.04
550.b,550.2.a.b,22,-84.57
550.c,550.2.a.c,22,-68.82
550.d,550.2.a.d,22,-69.81
550.e,550.2.a.e,22,-72.89
550.f,550.2.a.f,22,-79.08
550.g,550.2.a.g,22,-77.24
550.h,550.2.a.h,22,-75.98
550.i,550.2.a.i,22,-72.41
550.j,550.2.a.j,22,-72.73
550.k,550.2.a.k,22,-69.10
550.l,550.2.a.l,22,-82.73
550.m,550.2.a.m,22,-77.64
551.a,551.2.a.a,23,-86.07
551.b,551.2.a.b,23,-74.75
551.c,551.2.a.c,23,-83.59
551.d,551.2.a.d,23,-78.46
552.a,552.2.a.a,22,-60.02
552.b,552.2.a.b,22,-62.95
552.c,552.2.a.c,22,-57.17
552.d,552.2.a.d,22,-66.48
552.e,552.2.a.e,22,-52.43
555.a,555.2.a.a,22,-73.00
555.b,555.2.a.b,22,-60.15
556.a,556.2.a.a,24,-93.74
557.a,557.2.a.a,25,-103.14
557.b,557.2.a.b,25,-114.59
558.a,558.2.a.a,22,-76.99
558.b,558.2.a.b,22,-76.05
558.c,558.2.a.c,22,-55.94
558.d,558.2.a.d,22,-74.81
558.e,558.2.a.e,22,-74.58
558.f,558.2.a.f,22,-84.29
558.g,558.2.a.g,22,-74.96
558.h,558.2.a.h,22,-81.60
560.a,560.2.a.a,22,-77.49
560.b,560.2.a.b,22,-66.89
560.c,560.2.a.c,22,-65.50
560.d,560.2.a.d,22,-57.97
560.e,560.2.a.e,22,-74.01
560.f,560.2.a.f,22,-78.36
561.a,561.2.a.a,22,-85.80
561.b,561.2.a.b,22,-56.55
561.c,561.2.a.c,22,-83.51
561.d,561.2.a.d,22,-74.55
562.a,562.2.a.a,24,-84.75
563.a,563.2.a.a,25,-106.29
564.a,564.2.a.a,22,-71.28
564.b,564.2.a.b,22,-64.36
565.a,565.2.a.a,24,-100.23
566.a,566.2.a.a,24,-94.75
566.b,566.2.a.b,24,-99.66
567.a,567.2.a.a,23,-87.09
567.b,567.2.a.b,23,-87.66
568.a,568.2.a.a,23,-88.98
570.a,570.2.a.a,21,-60.73
570.b,570.2.a.b,21,-54.20
570.c,570.2.a.c,21,-56.38
570.d,570.2.a.d,21,-41.91
570.e,570.2.a.e,21,-47.68
570.f,570.2.a.f,21,-41.47
570.g,570.2.a.g,21,-42.56
570.h,570.2.a.h,21,-55.48
570.i,570.2.a.i,21,-46.27
570.j,570.2.a.j,21,-53.94
570.k,570.2.a.k,21,-49.39
570.l,570.2.a.l,21,-49.47
570.m,570.2.a.m,21,-47.60
571.a,571.2.a.a,25,-109.43
571.b,571.2.a.b,25,-113.03
572.a,572.2.a.a,22,-66.49
573.a,573.2.a.a,24,-111.31
573.b,573.2.a.b,24,-85.47
573.c,573.2.a.c,24,-109.51
574.a,574.2.a.a,22,-66.14
574.b,574.2.a.b,22,-83.20
574.c,574.2.a.c,22,-64.79
574.d,574.2.a.d,22,-60.32
574.e,574.2.a.e,22,-64.24
574.f,574.2.a.f,22,-86.85
574.g,574.2.a.g,22,-84.99
574.h,574.2.a.h,22,-84.25
574.i,574.2.a.i,22,-74.17
574.j,574.2.a.j,22,-65.39
575.a,575.2.a.a,23,-93.00
575.b,575.2.a.b,23,-93.37
575.c,575.2.a.c,23,-83.90
575.d,575.2.a.d,23,-83.38
575.e,575.2.a.e,23,-95.13
576.a,576.2.a.a,23,-74.77
576.b,576.2.a.b,23,-60.80
576.c,576.2.a.c,23,-67.99
576.d,576.2.a.d,23,-61.82
576.e,576.2.a.e,23,-65.96
576.f,576.2.a.f,23,-66.99
576.g,576.2.a.g,23,-67.06
576.h,576.2.a.h,23,-66.09
576.i,576.2.a.i,23,-75.27
578.a,578.2.a.a,23,-62.22
579.a,579.2.a.a,24,-78.67
579.b,579.2.a.b,24,-107.06
580.a,580.2.a.a,22,-61.13
580.b,580.2.a.b,22,-61.49
582.a,582.2.a.a,22,-54.59
582.b,582.2.a.b,22,-55.95
582.c,582.2.a.c,22,-62.38
582.d,582.2.a.d,22,-57.26
583.a,583.2.a.a,23,-88.24
583.b,583.2.a.b,23,-84.78
583.c,583.2.a.c,23,-99.12
585.a,585.2.a.a,22,-86.93
585.b,585.2.a.b,22,-85.15
585.c,585.2.a.c,22,-82.60
585.d,585.2.a.d,22,-61.10
585.e,585.2.a.e,22,-71.27
585.f,585.2.a.f,22,-70.28
585.g,585.2.a.g,22,-54.06
585.h,585.2.a.h,22,-62.31
585.i,585.2.a.i,22,-61.25
586.a,586.2.a.a,24,-98.78
586.b,586.2.a.b,24,-95.94
586.c,586.2.a.c,24,-96.63
588.a,588.2.a.a,22,-81.92
588.b,588.2.a.b,22,-64.78
588.c,588.2.a.c,22,-56.48
588.d,588.2.a.d,22,-64.11
588.e,588.2.a.e,22,-65.20
588.f,588.2.a.f,22,-80.63
590.a,590.2.a.a,22,-65.15
590.b,590.2.a.b,22,-81.16
590.c,590.2.a.c,22,-49.85
590.d,590.2.a.d,22,-74.22
591.a,591.2.a.a,24,-91.73
592.a,592.2.a.a,23,-73.73
592.b,592.2.a.b,23,-84.25
592.c,592.2.a.c,23,-85.48
592.d,592.2.a.d,23,-83.96
592.e,592.2.a.e,23,-87.65
593.a,593.2.a.a,25,-90.17
593.b,593.2.a.b,25,-95.92
594.a,594.2.a.a,22,-72.35
594.b,594.2.a.b,22,-80.81
594.c,594.2.a.c,22,-80.61
594.d,594.2.a.d,22,-84.70
594.e,594.2.a.e,22,-85.84
594.f,594.2.a.f,22,-81.02
594.g,594.2.a.g,22,-82.85
594.h,594.2.a.h,22,-72.54
595.a,595.2.a.a,22,-79.80
595.b,595.2.a.b,22,-81.79
595.c,595.2.a.c,22,-76.12
598.a,598.2.a.a,22,-80.51
598.b,598.2.a.b,22,-60.70
598.c,598.2.a.c,22,-72.17
598.d,598.2.a.d,22,-67.86
600.a,600.2.a.a,22,-57.42
600.b,600.2.a.b,22,-81.12
600.c,600.2.a.c,22,-54.08
600.d,600.2.a.d,22,-63.51
600.e,600.2.a.e,22,-86.27
600.f,600.2.a.f,22,-83.46
600.g,600.2.a.g,22,-62.56
600.h,600.2.a.h,22,-51.21
600.i,600.2.a.i,22,-81.02
602.a,602.2.a.a,22,-76.67
602.b,602.2.a.b,22,-65.77
602.c,602.2.a.c,22,-73.75
603.a,603.2.a.a,23,-84.81
603.b,603.2.a.b,23,-72.08
603.c,603.2.a.c,23,-91.24
603.d,603.2.a.d,23,-72.13
603.e,603.2.a.e,23,-88.86
603.f,603.2.a.f,23,-85.39
605.a,605.2.a.a,23,-90.30
605.b,605.2.a.b,23,-65.19
605.c,605.2.a.c,23,-90.32
606.a,606.2.a.a,23,-91.13
606.b,606.2.a.b,23,-66.73
606.c,606.2.a.c,23,-81.72
606.d,606.2.a.d,23,-91.30
606.e,606.2.a.e,23,-94.87
606.f,606.2.a.f,23,-89.61
608.a,608.2.a.a,23,-86.10
608.b,608.2.a.b,23,-80.30
608.c,608.2.a.c,23,-80.55
608.d,608.2.a.d,23,-84.82
608.e,608.2.a.e,23,-86.10
608.f,608.2.a.f,23,-86.20
609.a,609.2.a.a,22,-54.07
609.b,609.2.a.b,22,-63.40
610.a,610.2.a.a,22,-76.09
610.b,610.2.a.b,22,-51.62
610.c,610.2.a.c,22,-65.22
611.a,611.2.a.a,23,-92.67
612.a,612.2.a.a,22,-62.71
612.b,612.2.a.b,22,-72.60
612.c,612.2.a.c,22,-76.15
612.d,612.2.a.d,22,-63.27
614.a,614.2.a.a,24,-87.40
614.b,614.2.a.b,24,-89.05
615.a,615.2.a.a,22,-61.17
615.b,615.2.a.b,22,-71.39
616.a,616.2.a.a,22,-64.81
616.b,616.2.a.b,22,-75.86
616.c,616.2.a.c,22,-54.64
616.d,616.2.a.d,22,-58.22
616.e,616.2.a.e,22,-67.03
618.a,618.2.a.a,23,-94.40
618.b,618.2.a.b,23,-86.96
618.c,618.2.a.c,23,-81.04
618.d,618.2.a.d,23,-83.13
618.e,618.2.a.e,23,-86.51
618.f,618.2.a.f,23,-91.06
618.g,618.2.a.g,23,-89.18
620.a,620.2.a.a,22,-82.65
620.b,620.2.a.b,22,-57.42
620.c,620.2.a.c,22,-67.80
621.a,621.2.a.a,23,-87.24
621.b,621.2.a.b,23,-87.82
622.a,622.2.a.a,24,-99.61
623.a,623.2.a.a,23,-82.94
624.a,624.2.a.a,22,-67.54
624.b,624.2.a.b,22,-53.14
624.c,624.2.a.c,22,-62.51
624.d,624.2.a.d,22,-58.72
624.e,624.2.a.e,22,-68.07
624.f,624.2.a.f,22,-55.06
624.g,624.2.a.g,22,-61.70
624.h,624.2.a.h,22,-59.17
624.i,624.2.a.i,22,-54.49
624.j,624.2.a.j,22,-65.38
626.a,626.2.a.a,24,-77.25
626.b,626.2.a.b,24,-95.35
627.a,627.2.a.a,22,-63.79
627.b,627.2.a.b,22,-76.55
628.a,628.2.a.a,24,-91.20
629.a,629.2.a.a,23,-82.42
629.b,629.2.a.b,23,-85.09
629.c,629.2.a.c,23,-84.26
629.d,629.2.a.d,23,-84.53
630.a,630.2.a.a,21,-47.44
630.b,630.2.a.b,21,-45.92
630.c,630.2.a.c,21,-44.66
630.d,630.2.a.d,21,-49.37
630.e,630.2.a.e,21,-61.65
630.f,630.2.a.f,21,-40.08
630.g,630.2.a.g,21,-61.37
630.h,630.2.a.h,21,-38.28
630.i,630.2.a.i,21,-49.32
630.j,630.2.a.j,21,-43.80
632.a,632.2.a.a,23,-80.06
633.a,633.2.a.a,24,-99.34
635.a,635.2.a.a,24,-96.43
635.b,635.2.a.b,24,-81.67
637.a,637.2.a.a,23,-93.61
637.b,637.2.a.b,23,-81.95
637.c,637.2.a.c,23,-85.29
637.d,637.2.a.d,23,-85.30
639.a,639.2.a.a,23,-63.58
640.a,640.2.a.a,23,-77.93
640.b,640.2.a.b,23,-77.56
640.c,640.2.a.c,23,-69.80
640.d,640.2.a.d,23,-69.82
640.e,640.2.a.e,23,-68.92
640.f,640.2.a.f,23,-70.74
640.g,640.2.a.g,23,-78.63
640.h,640.2.a.h,23,-77.96
642.a,642.2.a.a,23,-69.54
642.b,642.2.a.b,23,-75.93
642.c,642.2.a.c,23,-87.12
643.a,643.2.a.a,25,-108.61
644.a,644.2.a.a,22,-74.05
644.b,644.2.a.b,22,-69.02
645.a,645.2.a.a,22,-78.85
645.b,645.2.a.b,22,-81.28
645.c,645.2.a.c,22,-82.06
645.d,645.2.a.d,22,-58.52
645.e,645.2.a.e,22,-62.84
645.f,645.2.a.f,22,-80.31
646.a,646.2.a.a,22,-61.64
646.b,646.2.a.b,22,-52.09
646.c,646.2.a.c,22,-62.85
646.d,646.2.a.d,22,-55.75
646.e,646.2.a.e,22,-65.75
648.a,648.2.a.a,23,-93.78
648.b,648.2.a.b,23,-82.65
648.c,648.2.a.c,23,-93.48
648.d,648.2.a.d,23,-82.22
649.a,649.2.a.a,23,-73.73
650.a,650.2.a.a,22,-78.28
650.b,650.2.a.b,22,-70.23
650.c,650.2.a.c,22,-65.66
650.d,650.2.a.d,22,-53.88
650.e,650.2.a.e,22,-77.52
650.f,650.2.a.f,22,-72.55
650.g,650.2.a.g,22,-69.36
650.h,650.2.a.h,22,-72.33
650.i,650.2.a.i,22,-76.02
650.j,650.2.a.j,22,-61.05
650.k,650.2.a.k,22,-73.36
650.l,650.2.a.l,22,-56.30
650.m,650.2.a.m,22,-79.49
651.a,651.2.a.a,22,-56.81
651.b,651.2.a.b,22,-64.81
651.c,651.2.a.c,22,-70.25
651.d,651.2.a.d,22,-66.50
651.e,651.2.a.e,22,-61.60
654.a,654.2.a.a,23,-83.96
654.b,654.2.a.b,23,-81.81
655.a,655.2.a.a,24,-102.55
656.a,656.2.a.a,23,-73.98
656.b,656.2.a.b,23,-67.42
656.c,656.2.a.c,23,-76.05
657.a,657.2.a.a,23,-70.07
657.b,657.2.a.b,23,-73.25
657.c,657.2.a.c,23,-81.74
657.d,657.2.a.d,23,-90.60
658.a,658.2.a.a,22,-80.68
658.b,658.2.a.b,22,-65.85
658.c,658.2.a.c,22,-67.26
658.d,658.2.a.d,22,-71.52
658.e,658.2.a.e,22,-72.57
658.f,658.2.a.f,22,-56.53
659.a,659.2.a.a,25,-103.23
659.b,659.2.a.b,25,-105.74
660.a,660.2.a.a,21,-51.87
660.b,660.2.a.b,21,-55.26
660.c,660.2.a.c,21,-41.91
660.d,660.2.a.d,21,-38.47
662.a,662.2.a.a,24,-96.29
663.a,663.2.a.a,22,-51.57
663.b,663.2.a.b,22,-62.92
663.c,663.2.a.c,22,-62.55
664.a,664.2.a.a,23,-87.42
664.b,664.2.a.b,23,-76.85
664.c,664.2.a.c,23,-80.59
665.a,665.2.a.a,22,-71.73
665.b,665.2.a.b,22,-70.93
665.c,665.2.a.c,22,-72.27
665.d,665.2.a.d,22,-79.26
665.e,665.2.a.e,22,-51.98
666.a,666.2.a.a,22,-64.48
666.b,666.2.a.b,22,-74.29
666.c,666.2.a.c,22,-79.58
666.d,666.2.a.d,22,-75.44
666.e,666.2.a.e,22,-77.96
666.f,666.2.a.f,22,-55.74
666.g,666.2.a.g,22,-84.38
669.a,669.2.a.a,24,-99.68
670.a,670.2.a.a,22,-67.75
670.b,670.2.a.b,22,-76.56
670.c,670.2.a.c,22,-80.47
670.d,670.2.a.d,22,-75.59
672.a,672.2.a.a,22,-69.40
672.b,672.2.a.b,22,-53.98
672.c,672.2.a.c,22,-59.90
672.d,672.2.a.d,22,-56.23
672.e,672.2.a.e,22,-68.85
672.f,672.2.a.f,22,-54.74
672.g,672.2.a.g,22,-59.74
672.h,672.2.a.h,22,-56.03
674.a,674.2.a.a,24,-96.06
674.b,674.2.a.b,24,-108.32
674.c,674.2.a.c,24,-84.69
675.a,675.2.a.a,23,-94.93
675.b,675.2.a.b,23,-91.51
675.c,675.2.a.c,23,-92.64
675.d,675.2.a.d,23,-83.95
675.e,675.2.a.e,23,-78.25
675.f,675.2.a.f,23,-84.18
675.g,675.2.a.g,23,-92.11
675.h,675.2.a.h,23,-93.97
675.i,675.2.a.i,23,-94.90
676.a,676.2.a.a,23,-75.81
676.b,676.2.a.b,23,-76.71
676.c,676.2.a.c,23,-71.73
676.d,676.2.a.d,23,-91.82
676.e,676.2.a.e,23,-91.90
677.a,677.2.a.a,25,-106.35
678.a,678.2.a.a,23,-88.42
678.b,678.2.a.b,23,-87.14
678.c,678.2.a.c,23,-66.60
678.d,678.2.a.d,23,-72.59
678.e,678.2.a.e,23,-79.65
678.f,678.2.a.f,23,-68.74
680.a,680.2.a.a,22,-82.10
680.b,680.2.a.b,22,-50.27
680.c,680.2.a.c,22,-60.99
681.a,681.2.a.a,24,-102.45
681.b,681.2.a.b,24,-97.56
681.c,681.2.a.c,24,-96.05
681.d,681.2.a.d,24,-99.77
681.e,681.2.a.e,24,-74.45
682.a,682.2.a.a,22,-62.97
682.b,682.2.a.b,22,-72.32
684.a,684.2.a.a,22,-62.76
684.b,684.2.a.b,22,-71.47
684.c,684.2.a.c,22,-77.97
685.a,685.2.a.a,24,-96.61
688.a,688.2.a.a,23,-87.15
688.b,688.2.a.b,23,-88.07
688.c,688.2.a.c,23,-78.90
689.a,689.2.a.a,23,-68.75
690.a,690.2.a.a,21,-51.52
690.b,690.2.a.b,21,-57.01
690.c,690.2.a.c,21,-57.38
690.d,690.2.a.d,21,-57.43
690.e,690.2.a.e,21,-50.53
690.f,690.2.a.f,21,-44.02
690.g,690.2.a.g,21,-51.65
690.h,690.2.a.h,21,-47.11
690.i,690.2.a.i,21,-52.83
690.j,690.2.a.j,21,-56.83
690.k,690.2.a.k,21,-42.42
692.a,692.2.a.a,24,-82.70
693.a,693.2.a.a,22,-67.05
693.b,693.2.a.b,22,-64.15
693.c,693.2.a.c,22,-71.90
693.d,693.2.a.d,22,-54.38
696.a,696.2.a.a,22,-77.85
696.b,696.2.a.b,22,-73.32
696.c,696.2.a.c,22,-77.41
696.d,696.2.a.d,22,-76.14
696.e,696.2.a.e,22,-74.91
696.f,696.2.a.f,22,-69.34
696.g,696.2.a.g,22,-71.80
699.a,699.2.a.a,24,-96.34
700.a,700.2.a.a,22,-77.56
700.b,700.2.a.b,22,-79.77
700.c,700.2.a.c,22,-70.26
700.d,700.2.a.d,22,-67.79
700.e,700.2.a.e,22,-84.19
700.f,700.2.a.f,22,-59.24
700.g,700.2.a.g,22,-85.61
700.h,700.2.a.h,22,-60.36
700.i,700.2.a.i,22,-71.91
700.j,700.2.a.j,22,-77.49
701.a,701.2.a.a,25,-111.81
702.a,702.2.a.a,22,-63.09
702.b,702.2.a.b,22,-76.12
702.c,702.2.a.c,22,-79.62
702.d,702.2.a.d,22,-62.66
702.e,702.2.a.e,22,-74.07
702.f,702.2.a.f,22,-86.54
702.g,702.2.a.g,22,-83.24
702.h,702.2.a.h,22,-80.93
702.i,702.2.a.i,22,-80.84
702.j,702.2.a.j,22,-86.84
702.k,702.2.a.k,22,-82.60
702.l,702.2.a.l,22,-73.43
702.m,702.2.a.m,22,-63.50
702.n,702.2.a.n,22,-75.58
702.o,702.2.a.o,22,-79.21
702.p,702.2.a.p,22,-63.19
703.a,703.2.a.a,23,-87.23
703.b,703.2.a.b,23,-83.75
704.a,704.2.a.a,23,-91.74
704.b,704.2.a.b,23,-94.19
704.c,704.2.a.c,23,-79.90
704.d,704.2.a.d,23,-91.86
704.e,704.2.a.e,23,-92.48
704.f,704.2.a.f,23,-82.15
704.g,704.2.a.g,23,-90.74
704.h,704.2.a.h,23,-80.47
704.i,704.2.a.i,23,-81.53
704.j,704.2.a.j,23,-90.68
704.k,704.2.a.k,23,-93.46
704.l,704.2.a.l,23,-92.53
705.a,705.2.a.a,22,-84.41
705.b,705.2.a.b,22,-79.67
705.c,705.2.a.c,22,-79.28
705.d,705.2.a.d,22,-68.64
705.e,705.2.a.e,22,-77.61
705.f,705.2.a.f,22,-50.18
706.a,706.2.a.a,24,-98.07
706.b,706.2.a.b,24,-81.77
706.c,706.2.a.c,24,-79.85
706.d,706.2.a.d,24,-98.30
707.a,707.2.a.a,24,-101.99
708.a,708.2.a.a,22,-59.21
709.a,709.2.a.a,25,-105.41
710.a,710.2.a.a,22,-75.45
710.b,710.2.a.b,22,-81.43
710.c,710.2.a.c,22,-67.63
710.d,710.2.a.d,22,-76.37
711.a,711.2.a.a,23,-79.58
711.b,711.2.a.b,23,-79.15
711.c,711.2.a.c,23,-84.68
712.a,712.2.a.a,23,-77.34
713.a,713.2.a.a,23,-82.03
714.a,714.2.a.a,21,-48.32
714.b,714.2.a.b,21,-82.84
714.c,714.2.a.c,21,-79.95
714.d,714.2.a.d,21,-53.15
714.e,714.2.a.e,21,-49.01
714.f,714.2.a.f,21,-41.56
714.g,714.2.a.g,21,-75.71
714.h,714.2.a.h,21,-67.25
714.i,714.2.a.i,21,-63.07
715.a,715.2.a.a,22,-82.79
715.b,715.2.a.b,22,-65.98
718.a,718.2.a.a,24,-101.17
718.b,718.2.a.b,24,-107.47
718.c,718.2.a.c,24,-94.08
720.a,720.2.a.a,22,-64.38
720.b,720.2.a.b,22,-54.86
720.c,720.2.a.c,22,-52.17
720.d,720.2.a.d,22,-54.98
720.e,720.2.a.e,22,-55.57
720.f,720.2.a.f,22,-56.19
720.g,720.2.a.g,22,-53.67
720.h,720.2.a.h,22,-52.35
720.i,720.2.a.i,22,-65.65
720.j,720.2.a.j,22,-47.41
722.a,722.2.a.a,23,-92.85
722.b,722.2.a.b,23,-82.83
722.c,722.2.a.c,23,-75.18
722.d,722.2.a.d,23,-77.07
722.e,722.2.a.e,23,-75.78
722.f,722.2.a.f,23,-92.80
723.a,723.2.a.a,24,-78.57
723.b,723.2.a.b,24,-94.16
725.a,725.2.a.a,23,-72.02
726.a,726.2.a.a,22,-73.49
726.b,726.2.a.b,22,-60.90
726.c,726.2.a.c,22,-57.75
726.d,726.2.a.d,22,-60.95
726.e,726.2.a.e,22,-80.49
726.f,726.2.a.f,22,-72.65
726.g,726.2.a.g,22,-61.01
726.h,726.2.a.h,22,-82.05
726.i,726.2.a.i,22,-56.33
728.a,728.2.a.a,22,-81.61
728.b,728.2.a.b,22,-79.98
728.c,728.2.a.c,22,-80.63
728.d,728.2.a.d,22,-82.06
730.a,730.2.a.a,22,-81.20
730.b,730.2.a.b,22,-70.81
730.c,730.2.a.c,22,-78.25
730.d,730.2.a.d,22,-61.69
730.e,730.2.a.e,22,-61.75
730.f,730.2.a.f,22,-80.16
730.g,730.2.a.g,22,-82.12
730.h,730.2.a.h,22,-75.50
730.i,730.2.a.i,22,-80.31
730.j,730.2.a.j,22,-82.41
730.k,730.2.a.k,22,-73.23
731.a,731.2.a.a,23,-89.00
732.a,732.2.a.a,22,-75.92
732.b,732.2.a.b,22,-59.89
732.c,732.2.a.c,22,-57.88
733.a,733.2.a.a,25,-117.13
734.a,734.2.a.a,24,-77.96
735.a,735.2.a.a,22,-80.58
735.b,735.2.a.b,22,-80.45
735.c,735.2.a.c,22,-50.95
735.d,735.2.a.d,22,-64.72
735.e,735.2.a.e,22,-64.22
735.f,735.2.a.f,22,-54.85
737.a,737.2.a.a,23,-93.97
738.a,738.2.a.a,22,-71.28
738.b,738.2.a.b,22,-81.51
738.c,738.2.a.c,22,-85.93
738.d,738.2.a.d,22,-54.78
738.e,738.2.a.e,22,-78.65
738.f,738.2.a.f,22,-68.19
738.g,738.2.a.g,22,-85.35
738.h,738.2.a.h,22,-66.30
738.i,738.2.a.i,22,-64.63
738.j,738.2.a.j,22,-64.88
739.a,739.2.a.a,25,-112.48
740.a,740.2.a.a,22,-72.27
740.b,740.2.a.b,22,-60.98
740.c,740.2.a.c,22,-80.08
741.a,741.2.a.a,22,-77.33
741.b,741.2.a.b,22,-79.49
741.c,741.2.a.c,22,-79.59
741.d,741.2.a.d,22,-79.27
741.e,741.2.a.e,22,-73.86
742.a,742.2.a.a,22,-72.10
742.b,742.2.a.b,22,-71.85
742.c,742.2.a.c,22,-63.65
742.d,742.2.a.d,22,-65.78
742.e,742.2.a.e,22,-77.28
742.f,742.2.a.f,22,-81.78
742.g,742.2.a.g,22,-78.07
744.a,744.2.a.a,22,-78.55
744.b,744.2.a.b,22,-71.97
744.c,744.2.a.c,22,-71.43
744.d,744.2.a.d,22,-77.15
744.e,744.2.a.e,22,-72.43
744.f,744.2.a.f,22,-55.86
744.g,744.2.a.g,22,-73.68
747.a,747.2.a.a,23,-67.60
747.b,747.2.a.b,23,-85.68
747.c,747.2.a.c,23,-89.60
747.d,747.2.a.d,23,-85.84
747.e,747.2.a.e,23,-68.99
748.a,748.2.a.a,22,-83.39
749.a,749.2.a.a,24,-97.75
752.a,752.2.a.a,23,-68.51
753.a,753.2.a.a,24,-99.35
753.b,753.2.a.b,24,-83.47
753.c,753.2.a.c,24,-100.32
754.a,754.2.a.a,22,-61.11
754.b,754.2.a.b,22,-71.77
754.c,754.2.a.c,22,-67.27
754.d,754.2.a.d,22,-72.15
755.a,755.2.a.a,24,-97.05
755.b,755.2.a.b,24,-82.12
755.c,755.2.a.c,24,-92.34
755.d,755.2.a.d,24,-90.07
755.e,755.2.a.e,24,-90.93
755.f,755.2.a.f,24,-93.01
756.a,756.2.a.a,22,-71.34
756.b,756.2.a.b,22,-68.92
756.c,756.2.a.c,22,-76.13
756.d,756.2.a.d,22,-76.52
756.e,756.2.a.e,22,-70.17
756.f,756.2.a.f,22,-72.34
758.a,758.2.a.a,24,-101.07
758.b,758.2.a.b,24,-101.25
759.a,759.2.a.a,22,-57.94
759.b,759.2.a.b,22,-54.08
760.a,760.2.a.a,22,-63.25
760.b,760.2.a.b,22,-64.36
760.c,760.2.a.c,22,-52.97
760.d,760.2.a.d,22,-64.85
760.e,760.2.a.e,22,-78.31
762.a,762.2.a.a,23,-83.31
762.b,762.2.a.b,23,-88.63
762.c,762.2.a.c,23,-80.98
762.d,762.2.a.d,23,-81.53
762.e,762.2.a.e,23,-90.68
762.f,762.2.a.f,23,-80.15
762.g,762.2.a.g,23,-81.38
763.a,763.2.a.a,24,-98.30
765.a,765.2.a.a,22,-60.15
765.b,765.2.a.b,22,-61.16
765.c,765.2.a.c,22,-61.18
766.a,766.2.a.a,24,-101.62
768.a,768.2.a.a,23,-67.80
768.b,768.2.a.b,23,-70.31
768.c,768.2.a.c,23,-71.62
768.d,768.2.a.d,23,-68.71
768.e,768.2.a.e,23,-67.12
768.f,768.2.a.f,23,-70.89
768.g,768.2.a.g,23,-71.59
768.h,768.2.a.h,23,-68.26
770.a,770.2.a.a,21,-48.25
770.b,770.2.a.b,21,-54.53
770.c,770.2.a.c,21,-45.68
770.d,770.2.a.d,21,-42.50
770.e,770.2.a.e,21,-51.94
770.f,770.2.a.f,21,-47.47
770.g,770.2.a.g,21,-46.80
774.a,774.2.a.a,22,-73.40
774.b,774.2.a.b,22,-59.23
774.c,774.2.a.c,22,-71.40
774.d,774.2.a.d,22,-56.49
774.e,774.2.a.e,22,-64.18
774.f,774.2.a.f,22,-62.65
774.g,774.2.a.g,22,-77.17
774.h,774.2.a.h,22,-58.48
774.i,774.2.a.i,22,-79.04
775.a,775.2.a.a,23,-88.03
775.b,775.2.a.b,23,-77.77
775.c,775.2.a.c,23,-90.31
776.a,776.2.a.a,23,-76.26
777.a,777.2.a.a,22,-80.04
777.b,777.2.a.b,22,-77.73
777.c,777.2.a.c,22,-54.48
777.d,777.2.a.d,22,-75.75
777.e,777.2.a.e,22,-78.44
777.f,777.2.a.f,22,-59.84
777.g,777.2.a.g,22,-50.64
780.a,780.2.a.a,21,-50.56
780.b,780.2.a.b,21,-69.44
780.c,780.2.a.c,21,-55.42
780.d,780.2.a.d,21,-57.86
781.a,781.2.a.a,23,-90.49
781.b,781.2.a.b,23,-82.06
782.a,782.2.a.a,22,-63.60
782.b,782.2.a.b,22,-69.48
782.c,782.2.a.c,22,-50.32
782.d,782.2.a.d,22,-77.00
782.e,782.2.a.e,22,-69.93
784.a,784.2.a.a,23,-91.41
784.b,784.2.a.b,23,-61.32
784.c,784.2.a.c,23,-90.06
784.d,784.2.a.d,23,-82.49
784.e,784.2.a.e,23,-65.75
784.f,784.2.a.f,23,-69.23
784.g,784.2.a.g,23,-82.78
784.h,784.2.a.h,23,-90.97
784.i,784.2.a.i,23,-71.69
784.j,784.2.a.j,23,-90.12
786.a,786.2.a.a,23,-89.57
786.b,786.2.a.b,23,-87.75
786.c,786.2.a.c,23,-88.88
786.d,786.2.a.d,23,-70.06
786.e,786.2.a.e,23,-90.10
786.f,786.2.a.f,23,-82.38
786.g,786.2.a.g,23,-89.46
786.h,786.2.a.h,23,-93.07
786.i,786.2.a.i,23,-91.66
786.j,786.2.a.j,23,-89.73
786.k,786.2.a.k,23,-76.31
786.l,786.2.a.l,23,-88.88
786.m,786.2.a.m,23,-84.28
790.a,790.2.a.a,22,-55.95
791.a,791.2.a.a,24,-68.79
791.b,791.2.a.b,24,-87.40
791.c,791.2.a.c,24,-83.29
792.a,792.2.a.a,22,-64.05
792.b,792.2.a.b,22,-55.58
792.c,792.2.a.c,22,-60.17
792.d,792.2.a.d,22,-59.97
792.e,792.2.a.e,22,-63.34
792.f,792.2.a.f,22,-54.36
792.g,792.2.a.g,22,-81.72
793.a,793.2.a.a,23,-73.43
794.a,794.2.a.a,24,-101.91
794.b,794.2.a.b,24,-87.28
794.c,794.2.a.c,24,-91.86
794.d,794.2.a.d,24,-76.34
795.a,795.2.a.a,22,-78.24
795.b,795.2.a.b,22,-66.41
795.c,795.2.a.c,22,-56.27
795.d,795.2.a.d,22,-54.36
797.a,797.2.a.a,25,-108.30
798.a,798.2.a.a,21,-52.77
798.b,798.2.a.b,21,-49.40
798.c,798.2.a.c,21,-46.09
798.d,798.2.a.d,21,-46.91
798.e,798.2.a.e,21,-44.98
798.f,798.2.a.f,21,-57.80
798.g,798.2.a.g,21,-53.37
798.h,798.2.a.h,21,-56.51
798.i,798.2.a.i,21,-39.51
799.a,799.2.a.a,23,-76.70
799.b,799.2.a.b,23,-68.51
800.a,800.2.a.a,23,-73.54
800.b,800.2.a.b,23,-82.68
800.c,800.2.a.c,23,-85.06
800.d,800.2.a.d,23,-65.53
800.e,800.2.a.e,23,-73.20
800.f,800.2.a.f,23,-76.47
800.g,800.2.a.g,23,-83.24
800.h,800.2.a.h,23,-84.24
800.i,800.2.a.i,23,-74.31
801.a,801.2.a.a,23,-75.58
801.b,801.2.a.b,23,-90.66
801.c,801.2.a.c,23,-76.40
801.d,801.2.a.d,23,-82.93
802.a,802.2.a.a,24,-78.92
802.b,802.2.a.b,24,-109.05
804.a,804.2.a.a,22,-80.15
804.b,804.2.a.b,22,-78.08
804.c,804.2.a.c,22,-62.49
804.d,804.2.a.d,22,-78.23
805.a,805.2.a.a,22,-59.03
805.b,805.2.a.b,22,-66.71
805.c,805.2.a.c,22,-73.13
805.d,805.2.a.d,22,-80.57
806.a,806.2.a.a,22,-70.94
806.b,806.2.a.b,22,-65.56
806.c,806.2.a.c,22,-78.30
806.d,806.2.a.d,22,-67.53
806.e,806.2.a.e,22,-74.29
806.f,806.2.a.f,22,-52.93
807.a,807.2.a.a,24,-86.47
808.a,808.2.a.a,24,-97.83
808.b,808.2.a.b,24,-102.62
810.a,810.2.a.a,22,-69.87
810.b,810.2.a.b,22,-68.75
810.c,810.2.a.c,22,-71.97
810.d,810.2.a.d,22,-68.39
810.e,810.2.a.e,22,-68.68
810.f,810.2.a.f,22,-70.82
810.g,810.2.a.g,22,-70.15
810.h,810.2.a.h,22,-68.71
811.a,811.2.a.a,25,-100.23
812.a,812.2.a.a,22,-76.89
812.b,812.2.a.b,22,-81.88
813.a,813.2.a.a,24,-82.97
813.b,813.2.a.b,24,-104.06
814.a,814.2.a.a,22,-71.07
814.b,814.2.a.b,22,-77.87
815.a,815.2.a.a,24,-91.25
816.a,816.2.a.a,22,-76.71
816.b,816.2.a.b,22,-52.35
816.c,816.2.a.c,22,-62.57
816.d,816.2.a.d,22,-57.52
816.e,816.2.a.e,22,-71.09
816.f,816.2.a.f,22,-56.96
816.g,816.2.a.g,22,-66.02
816.h,816.2.a.h,22,-64.23
816.i,816.2.a.i,22,-75.59
816.j,816.2.a.j,22,-76.02
817.a,817.2.a.a,23,-87.71
817.b,817.2.a.b,23,-90.56
819.a,819.2.a.a,22,-85.00
819.b,819.2.a.b,22,-60.36
819.c,819.2.a.c,22,-69.05
819.d,819.2.a.d,22,-59.52
819.e,819.2.a.e,22,-83.58
819.f,819.2.a.f,22,-85.04
822.a,822.2.a.a,23,-96.99
822.b,822.2.a.b,23,-86.02
822.c,822.2.a.c,23,-74.26
822.d,822.2.a.d,23,-84.35
822.e,822.2.a.e,23,-70.16
822.f,822.2.a.f,23,-93.35
825.a,825.2.a.a,22,-52.05
825.b,825.2.a.b,22,-60.51
825.c,825.2.a.c,22,-57.92
826.a,826.2.a.a,22,-70.07
826.b,826.2.a.b,22,-73.94
827.a,827.2.a.a,25,-104.34
828.a,828.2.a.a,22,-62.23
828.b,828.2.a.b,22,-64.52
828.c,828.2.a.c,22,-78.34
828.d,828.2.a.d,22,-62.52
829.a,829.2.a.a,25,-97.64
830.a,830.2.a.a,22,-70.84
830.b,830.2.a.b,22,-79.56
830.c,830.2.a.c,22,-77.73
831.a,831.2.a.a,24,-94.18
832.a,832.2.a.a,23,-79.35
832.b,832.2.a.b,23,-82.12
832.c,832.2.a.c,23,-85.89
832.d,832.2.a.d,23,-70.52
832.e,832.2.a.e,23,-71.32
832.f,832.2.a.f,23,-70.84
832.g,832.2.a.g,23,-81.54
832.h,832.2.a.h,23,-85.28
832.i,832.2.a.i,23,-71.15
832.j,832.2.a.j,23,-79.80
833.a,833.2.a.a,23,-61.64
834.a,834.2.a.a,23,-88.85
834.b,834.2.a.b,23,-64.12
834.c,834.2.a.c,23,-83.13
834.d,834.2.a.d,23,-90.43
834.e,834.2.a.e,23,-86.72
834.f,834.2.a.f,23,-71.23
834.g,834.2.a.g,23,-84.26
836.a,836.2.a.a,22,-68.01
836.b,836.2.a.b,22,-72.18
840.a,840.2.a.a,21,-45.86
840.b,840.2.a.b,21,-41.26
840.c,840.2.a.c,21,-43.91
840.d,840.2.a.d,21,-44.08
840.e,840.2.a.e,21,-42.50
840.f,840.2.a.f,21,-43.95
840.g,840.2.a.g,21,-51.02
840.h,840.2.a.h,21,-44.35
840.i,840.2.a.i,21,-45.78
840.j,840.2.a.j,21,-43.48
842.a,842.2.a.a,24,-104.54
842.b,842.2.a.b,24,-96.83
843.a,843.2.a.a,24,-98.81
845.a,845.2.a.a,23,-75.20
846.a,846.2.a.a,22,-50.23
846.b,846.2.a.b,22,-59.23
846.c,846.2.a.c,22,-66.45
847.a,847.2.a.a,23,-77.15
847.b,847.2.a.b,23,-84.29
847.c,847.2.a.c,23,-76.37
848.a,848.2.a.a,23,-93.90
848.b,848.2.a.b,23,-71.61
848.c,848.2.a.c,23,-82.64
848.d,848.2.a.d,23,-87.89
848.e,848.2.a.e,23,-87.93
848.f,848.2.a.f,23,-81.84
848.g,848.2.a.g,23,-92.98
849.a,849.2.a.a,24,-97.01
850.a,850.2.a.a,22,-76.33
850.b,850.2.a.b,22,-73.43
850.c,850.2.a.c,22,-74.82
850.d,850.2.a.d,22,-78.43
850.e,850.2.a.e,22,-53.03
850.f,850.2.a.f,22,-85.51
850.g,850.2.a.g,22,-73.62
850.h,850.2.a.h,22,-78.05
850.i,850.2.a.i,22,-75.67
850.j,850.2.a.j,22,-55.74
850.k,850.2.a.k,22,-64.71
850.l,850.2.a.l,22,-75.03
851.a,851.2.a.a,23,-93.68
854.a,854.2.a.a,22,-75.27
854.b,854.2.a.b,22,-62.01
854.c,854.2.a.c,22,-75.85
854.d,854.2.a.d,22,-73.98
855.a,855.2.a.a,22,-56.31
855.b,855.2.a.b,22,-60.46
855.c,855.2.a.c,22,-63.30
856.a,856.2.a.a,24,-100.59
856.b,856.2.a.b,24,-104.44
856.c,856.2.a.c,24,-98.80
856.d,856.2.a.d,24,-102.55
858.a,858.2.a.a,21,-47.87
858.b,858.2.a.b,21,-53.29
858.c,858.2.a.c,21,-41.91
858.d,858.2.a.d,21,-59.69
858.e,858.2.a.e,21,-75.67
858.f,858.2.a.f,21,-40.46
858.g,858.2.a.g,21,-64.51
858.h,858.2.a.h,21,-44.34
858.i,858.2.a.i,21,-50.89
858.j,858.2.a.j,21,-61.58
858.k,858.2.a.k,21,-72.67
858.l,858.2.a.l,21,-57.88
858.m,858.2.a.m,21,-56.65
861.a,861.2.a.a,22,-55.37
861.b,861.2.a.b,22,-76.49
861.c,861.2.a.c,22,-88.17
861.d,861.2.a.d,22,-80.39
862.a,862.2.a.a,24,-97.05
862.b,862.2.a.b,24,-88.56
862.c,862.2.a.c,24,-97.93
862.d,862.2.a.d,24,-95.98
862.e,862.2.a.e,24,-77.52
862.f,862.2.a.f,24,-86.50
864.a,864.2.a.a,23,-95.20
864.b,864.2.a.b,23,-91.65
864.c,864.2.a.c,23,-90.78
864.d,864.2.a.d,23,-94.47
864.e,864.2.a.e,23,-89.74
864.f,864.2.a.f,23,-91.99
864.g,864.2.a.g,23,-88.08
864.h,864.2.a.h,23,-90.52
864.i,864.2.a.i,23,-94.14
864.j,864.2.a.j,23,-92.87
864.k,864.2.a.k,23,-91.57
864.l,864.2.a.l,23,-95.43
866.a,866.2.a.a,24,-88.28
867.a,867.2.a.a,23,-68.11
867.b,867.2.a.b,23,-69.68
867.c,867.2.a.c,23,-75.47
867.d,867.2.a.d,23,-76.04
867.e,867.2.a.e,23,-76.04
869.a,869.2.a.a,23,-85.61
869.b,869.2.a.b,23,-68.30
869.c,869.2.a.c,23,-78.99
869.d,869.2.a.d,23,-77.81
870.a,870.2.a.a,21,-47.00
870.b,870.2.a.b,21,-44.54
870.c,870.2.a.c,21,-45.25
870.d,870.2.a.d,21,-40.97
870.e,870.2.a.e,21,-52.16
870.f,870.2.a.f,21,-48.97
870.g,870.2.a.g,21,-42.94
870.h,870.2.a.h,21,-46.65
870.i,870.2.a.i,21,-49.46
871.a,871.2.a.a,23,-94.13
872.a,872.2.a.a,24,-93.75
873.a,873.2.a.a,23,-97.95
873.b,873.2.a.b,23,-73.58
873.c,873.2.a.c,23,-70.69
873.d,873.2.a.d,23,-94.26
874.a,874.2.a.a,22,-82.93
874.b,874.2.a.b,22,-78.83
874.c,874.2.a.c,22,-79.46
874.d,874.2.a.d,22,-74.61
874.e,874.2.a.e,22,-77.65
874.f,874.2.a.f,22,-71.20
876.a,876.2.a.a,22,-81.33
876.b,876.2.a.b,22,-76.35
880.a,880.2.a.a,22,-87.70
880.b,880.2.a.b,22,-62.57
880.c,880.2.a.c,22,-72.15
880.d,880.2.a.d,22,-69.26
880.e,880.2.a.e,22,-57.13
880.f,880.2.a.f,22,-64.94
880.g,880.2.a.g,22,-58.48
880.h,880.2.a.h,22,-55.61
880.i,880.2.a.i,22,-79.08
880.j,880.2.a.j,22,-57.38
882.a,882.2.a.a,22,-68.16
882.b,882.2.a.b,22,-53.85
882.c,882.2.a.c,22,-80.34
882.d,882.2.a.d,22,-78.02
882.e,882.2.a.e,22,-69.08
882.f,882.2.a.f,22,-62.05
882.g,882.2.a.g,22,-66.00
882.h,882.2.a.h,22,-69.15
882.i,882.2.a.i,22,-50.52
882.j,882.2.a.j,22,-67.59
882.k,882.2.a.k,22,-69.53
882.l,882.2.a.l,22,-62.57
885.a,885.2.a.a,22,-73.24
885.b,885.2.a.b,22,-76.55
885.c,885.2.a.c,22,-55.80
885.d,885.2.a.d,22,-84.25
886.a,886.2.a.a,24,-97.74
886.b,886.2.a.b,24,-99.00
886.c,886.2.a.c,24,-102.10
886.d,886.2.a.d,24,-89.23
886.e,886.2.a.e,24,-99.86
888.a,888.2.a.a,22,-81.55
888.b,888.2.a.b,22,-63.09
888.c,888.2.a.c,22,-54.92
888.d,888.2.a.d,22,-59.84
890.a,890.2.a.a,22,-57.11
890.b,890.2.a.b,22,-61.49
890.c,890.2.a.c,22,-58.85
890.d,890.2.a.d,22,-77.17
890.e,890.2.a.e,22,-64.16
890.f,890.2.a.f,22,-76.03
890.g,890.2.a.g,22,-68.34
890.h,890.2.a.h,22,-50.61
891.a,891.2.a.a,23,-90.66
891.b,891.2.a.b,23,-84.23
891.c,891.2.a.c,23,-84.35
891.d,891.2.a.d,23,-72.82
891.e,891.2.a.e,23,-73.24
891.f,891.2.a.f,23,-85.12
891.g,891.2.a.g,23,-85.69
891.h,891.2.a.h,23,-89.83
892.a,892.2.a.a,24,-99.90
892.b,892.2.a.b,24,-92.30
892.c,892.2.a.c,24,-100.88
894.a,894.2.a.a,23,-88.67
894.b,894.2.a.b,23,-87.63
894.c,894.2.a.c,23,-95.08
894.d,894.2.a.d,23,-89.43
894.e,894.2.a.e,23,-88.26
894.f,894.2.a.f,23,-88.74
894.g,894.2.a.g,23,-89.00
895.a,895.2.a.a,24,-107.73
895.b,895.2.a.b,24,-104.17
896.a,896.2.a.a,23,-64.18
896.b,896.2.a.b,23,-64.24
896.c,896.2.a.c,23,-63.77
896.d,896.2.a.d,23,-66.36
897.a,897.2.a.a,22,-48.92
897.b,897.2.a.b,22,-54.65
897.c,897.2.a.c,22,-65.26
897.d,897.2.a.d,22,-60.74
897.e,897.2.a.e,22,-65.21
897.f,897.2.a.f,22,-65.94
898.a,898.2.a.a,24,-96.95
898.b,898.2.a.b,24,-96.21
898.c,898.2.a.c,24,-101.51
898.d,898.2.a.d,24,-80.02
899.a,899.2.a.a,23,-83.01
899.b,899.2.a.b,23,-84.02
900.a,900.2.a.a,22,-62.47
900.b,900.2.a.b,22,-52.45
900.c,900.2.a.c,22,-64.61
900.d,900.2.a.d,22,-70.91
900.e,900.2.a.e,22,-67.18
900.f,900.2.a.f,22,-73.54
900.g,900.2.a.g,22,-56.74
900.h,900.2.a.h,22,-61.56
