type,l,k,delta_E_bits
BRIDGE,11,2,132.827
BRIDGE,13,2,137.150
BRIDGE,7,2,126.280
BRIDGE,11,2,167.431
BRIDGE,11,2,158.068
BRIDGE,5,2,112.223
BRIDGE,13,2,148.998
BRIDGE,13,2,161.431
BRIDGE,7,2,97.941
BRIDGE,7,2,135.572
BRIDGE,13,2,141.717
BRIDGE,13,2,157.808
BRIDGE,11,2,167.431
BRIDGE,11,2,167.431
BRIDGE,5,2,159.184
BRIDGE,11,2,148.961
BRIDGE,13,2,132.480
BRIDGE,13,2,155.431
BRIDGE,11,2,146.479
BRIDGE,11,2,142.692
BRIDGE,11,2,137.296
BRIDGE,7,2,152.861
BRIDGE,13,2,158.011
BRIDGE,11,2,179.431
BRIDGE,13,2,164.007
BRIDGE,5,2,123.318
BRIDGE,11,2,167.431
BRIDGE,11,2,146.146
BRIDGE,11,2,151.561
BRIDGE,5,2,138.900
BRIDGE,11,2,145.775
BRIDGE,7,2,147.017
BRIDGE,5,2,165.319
BRIDGE,11,2,164.486
BRIDGE,13,2,151.384
BRIDGE,7,2,128.924
BRIDGE,11,2,163.791
BRIDGE,11,2,161.431
BRIDGE,13,2,152.751
BRIDGE,13,2,151.590
BRIDGE,13,2,142.601
BRIDGE,13,2,155.431
BRIDGE,13,2,143.282
BRIDGE,5,2,179.431
BRIDGE,11,2,149.431
BRIDGE,7,2,135.262
BRIDGE,13,2,167.431
BRIDGE,5,2,146.759
BRIDGE,13,2,151.987
BRIDGE,11,2,149.092
BRIDGE,7,2,126.579
BRIDGE,11,2,126.535
BRIDGE,13,2,139.186
BRIDGE,13,2,142.153
BRIDGE,5,2,136.407
BRIDGE,7,2,132.003
BRIDGE,5,2,128.380
BRIDGE,7,2,126.154
BRIDGE,5,2,150.705
BRIDGE,11,2,142.544
BRIDGE,11,2,114.978
BRIDGE,13,2,110.806
BRIDGE,7,2,143.487
BRIDGE,13,2,142.547
BRIDGE,11,2,142.311
BRIDGE,5,2,134.608
BRIDGE,5,2,153.479
BRIDGE,13,2,148.209
BRIDGE,5,2,110.422
BRIDGE,13,2,163.504
BRIDGE,5,2,101.056
BRIDGE,5,2,103.365
BRIDGE,5,2,115.797
BRIDGE,5,2,121.816
BRIDGE,13,2,151.373
BRIDGE,7,2,135.347
BRIDGE,7,2,129.232
BRIDGE,7,2,117.554
BRIDGE,13,2,158.673
BRIDGE,11,2,143.196
BRIDGE,13,2,132.883
BRIDGE,11,2,158.479
BRIDGE,5,2,159.456
BRIDGE,11,2,146.191
BRIDGE,5,2,142.072
BRIDGE,5,2,150.391
BRIDGE,11,2,141.898
BRIDGE,5,2,128.115
BRIDGE,7,2,143.717
BRIDGE,5,2,143.197
BRIDGE,5,2,125.744
BRIDGE,7,2,135.014
BRIDGE,11,2,142.910
BRIDGE,11,2,148.939
BRIDGE,7,2,143.589
BRIDGE,11,2,127.553
BRIDGE,5,2,137.116
BRIDGE,7,2,139.705
BRIDGE,13,2,136.437
BRIDGE,13,2,167.431
BRIDGE,11,2,161.431
BRIDGE,5,2,151.255
BRIDGE,5,2,117.588
BRIDGE,11,2,149.169
BRIDGE,11,2,167.431
BRIDGE,13,2,145.521
BRIDGE,11,2,157.739
BRIDGE,5,2,118.983
BRIDGE,11,2,163.997
BRIDGE,11,2,152.538
BRIDGE,5,2,112.148
BRIDGE,5,2,145.365
BRIDGE,11,2,140.285
BRIDGE,5,2,129.619
BRIDGE,13,2,150.756
BRIDGE,7,2,155.466
BRIDGE,11,2,167.431
BRIDGE,5,2,152.704
BRIDGE,11,2,158.603
BRIDGE,7,2,146.880
BRIDGE,5,2,138.266
BRIDGE,13,2,167.431
BRIDGE,7,2,147.286
BRIDGE,7,2,99.660
BRIDGE,13,2,163.373
BRIDGE,5,2,100.758
BRIDGE,7,2,170.792
BRIDGE,13,2,145.704
BRIDGE,13,2,125.373
BRIDGE,13,2,158.098
BRIDGE,13,2,151.678
BRIDGE,7,2,107.746
BRIDGE,13,2,147.631
BRIDGE,11,2,148.142
BRIDGE,13,2,136.297
BRIDGE,7,2,158.291
BRIDGE,5,2,133.793
BRIDGE,5,2,111.519
BRIDGE,7,2,146.371
BRIDGE,11,2,158.174
BRIDGE,7,2,149.812
BRIDGE,7,2,150.168
BRIDGE,11,2,139.811
BRIDGE,5,2,125.051
BRIDGE,13,2,137.568
BRIDGE,7,2,117.287
BRIDGE,7,2,129.543
BRIDGE,5,2,128.054
BRIDGE,5,2,136.529
BRIDGE,11,2,140.392
BRIDGE,13,2,142.831
BRIDGE,11,2,139.269
BRIDGE,11,2,130.334
BRIDGE,13,2,161.431
BRIDGE,7,2,131.429
BRIDGE,5,2,151.182
BRIDGE,5,2,106.785
BRIDGE,13,2,124.111
BRIDGE,11,2,145.957
BRIDGE,7,2,129.963
BRIDGE,11,2,158.239
BRIDGE,11,2,134.441
BRIDGE,11,2,161.431
BRIDGE,11,2,163.837
BRIDGE,5,2,141.719
BRIDGE,13,2,142.018
BRIDGE,5,2,148.245
BRIDGE,5,2,159.274
BRIDGE,5,2,142.495
BRIDGE,13,2,152.673
BRIDGE,11,2,152.376
BRIDGE,13,2,152.220
BRIDGE,7,2,125.761
BRIDGE,11,2,161.431
BRIDGE,7,2,144.097
BRIDGE,7,2,159.017
BRIDGE,13,2,152.432
BRIDGE,7,2,155.479
BRIDGE,5,2,118.064
BRIDGE,5,2,133.215
BRIDGE,7,2,152.213
BRIDGE,7,2,138.509
BRIDGE,5,2,132.505
BRIDGE,13,2,154.671
BRIDGE,11,2,134.031
BRIDGE,5,2,121.920
BRIDGE,5,2,124.803
BRIDGE,5,2,150.718
BRIDGE,13,2,167.431
BRIDGE,11,2,133.806
BRIDGE,7,2,117.610
BRIDGE,13,2,155.431
BRIDGE,11,2,154.275
BRIDGE,5,2,133.163
BRIDGE,5,2,129.832
BRIDGE,7,2,103.413
BRIDGE,7,2,114.322
BRIDGE,11,2,164.088
BRIDGE,5,2,130.150
BRIDGE,13,2,127.020
BRIDGE,13,2,148.657
BRIDGE,7,2,140.321
BRIDGE,7,2,135.096
BRIDGE,13,2,161.431
BRIDGE,5,2,126.063
BRIDGE,5,2,125.898
BRIDGE,7,2,126.617
BRIDGE,5,2,134.212
BRIDGE,5,2,120.537
BRIDGE,5,2,127.921
BRIDGE,5,2,144.093
BRIDGE,7,2,117.151
BRIDGE,13,2,142.021
BRIDGE,7,2,142.256
BRIDGE,7,2,115.811
BRIDGE,5,2,167.431
BRIDGE,7,2,152.401
BRIDGE,11,2,154.562
BRIDGE,7,2,118.211
BRIDGE,13,2,136.092
BRIDGE,11,2,143.442
BRIDGE,11,2,143.354
BRIDGE,5,2,105.480
BRIDGE,5,2,116.261
BRIDGE,11,2,152.088
BRIDGE,7,2,146.906
BRIDGE,5,2,119.937
BRIDGE,13,2,167.431
BRIDGE,7,2,152.514
BRIDGE,11,2,167.431
BRIDGE,5,2,145.119
BRIDGE,5,2,133.423
BRIDGE,5,2,118.081
BRIDGE,7,2,144.088
BRIDGE,13,2,153.970
BRIDGE,5,2,133.634
BRIDGE,11,2,129.310
BRIDGE,13,2,157.891
BRIDGE,5,2,125.084
BRIDGE,11,2,142.683
BRIDGE,11,2,146.220
BRIDGE,11,2,158.247
BRIDGE,5,2,151.183
BRIDGE,11,2,145.952
BRIDGE,7,2,135.332
BRIDGE,7,2,119.559
BRIDGE,11,2,139.476
BRIDGE,13,2,148.297
BRIDGE,5,2,134.482
BRIDGE,5,2,128.605
BRIDGE,7,2,138.834
BRIDGE,5,2,128.693
BRIDGE,13,2,142.684
BRIDGE,5,2,130.092
BRIDGE,13,2,152.673
BRIDGE,7,2,131.398
BRIDGE,13,2,157.572
BRIDGE,13,2,161.431
BRIDGE,7,2,152.592
BRIDGE,5,2,136.424
BRIDGE,11,2,137.037
BRIDGE,13,2,142.711
BRIDGE,7,2,117.562
BRIDGE,5,2,111.732
BRIDGE,11,2,157.866
BRIDGE,7,2,155.431
BRIDGE,5,2,142.249
BRIDGE,5,2,111.714
BRIDGE,11,2,138.977
BRIDGE,11,2,146.362
BRIDGE,5,2,127.141
BRIDGE,5,2,142.596
BRIDGE,7,2,130.718
BRIDGE,13,2,145.972
BRIDGE,13,2,113.577
BRIDGE,7,2,149.856
BRIDGE,7,2,155.903
BRIDGE,5,2,135.026
BRIDGE,5,2,116.212
BRIDGE,5,2,111.718
BRIDGE,7,2,155.431
BRIDGE,11,2,173.431
BRIDGE,11,2,145.669
BRIDGE,5,2,136.972
BRIDGE,13,2,146.527
BRIDGE,7,2,135.450
BRIDGE,5,2,114.504
BRIDGE,5,2,95.508
BRIDGE,11,2,152.673
BRIDGE,11,2,167.431
BRIDGE,11,2,135.720
BRIDGE,7,2,132.146
BRIDGE,5,2,120.273
BRIDGE,5,2,127.712
BRIDGE,5,2,148.122
BRIDGE,11,2,152.264
BRIDGE,11,2,127.472
BRIDGE,7,2,127.051
BRIDGE,13,2,167.431
BRIDGE,11,2,142.369
BRIDGE,7,2,152.502
BRIDGE,13,2,127.989
BRIDGE,11,2,155.431
BRIDGE,13,2,136.667
BRIDGE,11,2,158.264
BRIDGE,11,2,133.467
BRIDGE,5,2,138.227
BRIDGE,13,2,163.668
BRIDGE,5,2,125.333
BRIDGE,7,2,131.580
BRIDGE,11,2,133.491
BRIDGE,7,2,132.054
BRIDGE,5,2,147.426
BRIDGE,11,2,153.542
BRIDGE,7,2,143.714
BRIDGE,13,2,133.452
BRIDGE,5,2,109.370
BRIDGE,13,2,140.029
BRIDGE,13,2,152.252
BRIDGE,13,2,167.431
BRIDGE,11,2,139.530
BRIDGE,13,2,137.299
BRIDGE,5,2,142.672
BRIDGE,11,2,127.336
BRIDGE,7,2,129.803
BRIDGE,13,2,137.241
BRIDGE,11,2,151.957
BRIDGE,7,2,131.178
BRIDGE,5,2,125.361
BRIDGE,5,2,133.837
BRIDGE,5,2,144.767
BRIDGE,5,2,142.670
BRIDGE,11,2,139.566
BRIDGE,11,2,133.054
BRIDGE,7,2,152.836
BRIDGE,13,2,155.431
BRIDGE,5,2,139.280
BRIDGE,5,2,161.431
BRIDGE,7,2,117.611
BRIDGE,7,2,146.908
BRIDGE,13,2,149.265
BRIDGE,11,2,158.487
BRIDGE,7,2,158.922
BRIDGE,7,2,123.212
BRIDGE,5,2,119.330
BRIDGE,11,2,143.179
BRIDGE,7,2,141.042
BRIDGE,11,2,152.310
BRIDGE,13,2,145.166
BRIDGE,7,2,135.077
BRIDGE,5,2,140.079
BRIDGE,7,2,143.673
BRIDGE,13,2,136.675
BRIDGE,5,2,126.343
BRIDGE,13,2,155.431
BRIDGE,7,2,137.928
BRIDGE,7,2,158.944
BRIDGE,5,2,150.434
BRIDGE,7,2,141.373
BRIDGE,11,2,157.590
BRIDGE,7,2,140.686
BRIDGE,11,2,167.431
BRIDGE,7,2,126.228
BRIDGE,11,2,158.539
BRIDGE,5,2,88.410
BRIDGE,13,2,117.959
BRIDGE,5,2,140.139
BRIDGE,7,2,137.628
BRIDGE,5,2,137.334
BRIDGE,11,2,155.431
BRIDGE,13,2,161.431
BRIDGE,13,2,123.645
BRIDGE,7,2,123.658
BRIDGE,13,2,151.458
BRIDGE,7,2,123.670
BRIDGE,13,2,139.799
BRIDGE,11,2,163.978
BRIDGE,7,2,144.217
BRIDGE,11,2,118.909
BRIDGE,7,2,137.977
BRIDGE,13,2,141.357
BRIDGE,5,2,119.771
BRIDGE,11,2,167.431
BRIDGE,11,2,143.313
BRIDGE,5,2,130.222
BRIDGE,7,2,122.975
BRIDGE,11,2,136.028
BRIDGE,7,2,156.064
BRIDGE,11,2,136.433
BRIDGE,11,2,137.535
BRIDGE,5,2,96.256
BRIDGE,7,2,155.431
BRIDGE,5,2,117.867
BRIDGE,7,2,141.187
BRIDGE,5,2,126.124
BRIDGE,5,2,114.499
BRIDGE,5,2,112.065
BRIDGE,13,2,146.228
BRIDGE,7,2,143.091
BRIDGE,13,2,132.678
BRIDGE,7,2,114.690
BRIDGE,7,2,126.942
BRIDGE,7,2,116.659
BRIDGE,7,2,152.687
BRIDGE,5,2,110.083
BRIDGE,5,2,156.804
BRIDGE,7,2,143.885
BRIDGE,7,2,135.381
BRIDGE,5,2,134.461
BRIDGE,13,2,143.083
BRIDGE,13,2,157.449
BRIDGE,5,2,142.209
BRIDGE,7,2,157.588
BRIDGE,5,2,117.300
BRIDGE,13,2,158.483
BRIDGE,13,2,158.082
BRIDGE,5,2,134.320
BRIDGE,13,2,151.384
BRIDGE,7,2,141.735
BRIDGE,11,2,152.154
BRIDGE,5,2,118.013
BRIDGE,5,2,125.648
BRIDGE,11,2,122.890
BRIDGE,5,2,119.600
BRIDGE,5,2,95.397
BRIDGE,7,2,143.980
BRIDGE,7,2,143.527
BRIDGE,13,2,154.656
BRIDGE,5,2,150.961
BRIDGE,11,2,146.603
BRIDGE,13,2,173.431
BRIDGE,11,2,151.952
BRIDGE,7,2,141.566
BRIDGE,13,2,148.573
BRIDGE,11,2,152.094
BRIDGE,11,2,143.233
BRIDGE,5,2,136.601
BRIDGE,5,2,131.023
BRIDGE,13,2,148.774
BRIDGE,11,2,154.231
BRIDGE,11,2,151.342
BRIDGE,13,2,167.431
BRIDGE,5,2,127.994
BRIDGE,13,2,167.431
BRIDGE,13,2,161.431
BRIDGE,5,2,128.647
BRIDGE,11,2,123.972
BRIDGE,7,2,143.812
BRIDGE,11,2,158.348
BRIDGE,13,2,146.301
BRIDGE,7,2,150.281
BRIDGE,11,2,152.213
BRIDGE,11,2,125.533
BRIDGE,11,2,119.004
BRIDGE,7,2,132.763
BRIDGE,11,2,118.916
BRIDGE,7,2,135.323
BRIDGE,5,2,150.499
BRIDGE,13,2,161.431
BRIDGE,7,2,131.217
BRIDGE,11,2,143.131
BRIDGE,11,2,151.879
BRIDGE,11,2,131.418
BRIDGE,7,2,134.672
BRIDGE,5,2,132.134
BRIDGE,11,2,146.627
BRIDGE,11,2,161.431
BRIDGE,5,2,127.394
BRIDGE,7,2,131.728
BRIDGE,7,2,126.522
BRIDGE,5,2,133.869
BRIDGE,11,2,139.208
BRIDGE,11,2,152.227
BRIDGE,11,2,133.065
BRIDGE,7,2,122.440
BRIDGE,11,2,161.431
BRIDGE,11,2,151.464
BRIDGE,11,2,149.242
BRIDGE,13,2,129.487
BRIDGE,5,2,128.036
BRIDGE,11,2,158.640
BRIDGE,13,2,160.988
BRIDGE,11,2,142.945
BRIDGE,13,2,133.161
BRIDGE,7,2,100.574
BRIDGE,11,2,148.654
BRIDGE,7,2,129.194
BRIDGE,5,2,140.322
BRIDGE,7,2,116.424
BRIDGE,5,2,107.505
BRIDGE,7,2,144.441
BRIDGE,13,2,118.819
BRIDGE,7,2,147.126
BRIDGE,13,2,124.783
BRIDGE,13,2,136.276
BRIDGE,13,2,133.582
BRIDGE,13,2,161.431
BRIDGE,11,2,126.798
BRIDGE,7,2,135.446
BRIDGE,13,2,151.998
BRIDGE,5,2,156.882
BRIDGE,7,2,125.918
BRIDGE,7,2,144.319
BRIDGE,13,2,163.972
BRIDGE,5,2,104.065
BRIDGE,5,2,63.667
BRIDGE,5,2,108.757
BRIDGE,7,2,112.142
BRIDGE,7,2,144.278
BRIDGE,13,2,152.819
BRIDGE,7,2,146.730
BRIDGE,11,2,157.919
BRIDGE,11,2,155.431
BRIDGE,11,2,132.974
BRIDGE,7,2,158.787
BRIDGE,5,2,111.364
BRIDGE,7,2,173.431
BRIDGE,11,2,144.444
BRIDGE,13,2,142.238
BRIDGE,7,2,122.997
BRIDGE,11,2,140.553
BRIDGE,5,2,150.867
BRIDGE,13,2,142.302
BRIDGE,13,2,139.391
BRIDGE,13,2,146.404
BRIDGE,5,2,125.982
BRIDGE,5,2,149.942
BRIDGE,5,2,128.492
BRIDGE,5,2,131.991
BRIDGE,5,2,134.793
BRIDGE,7,2,158.852
BRIDGE,7,2,143.932
BRIDGE,11,2,158.277
BRIDGE,5,2,167.431
BRIDGE,13,2,153.754
BRIDGE,7,2,118.726
BRIDGE,5,2,149.283
BRIDGE,7,2,144.447
BRIDGE,7,2,126.950
BRIDGE,5,2,138.650
BRIDGE,13,2,155.431
BRIDGE,5,2,136.409
BRIDGE,11,2,164.006
BRIDGE,7,2,144.263
BRIDGE,13,2,151.791
BRIDGE,5,2,142.740
BRIDGE,11,2,148.772
BRIDGE,5,2,104.795
BRIDGE,7,2,102.265
BRIDGE,5,2,116.217
BRIDGE,11,2,136.869
BRIDGE,5,2,150.952
BRIDGE,5,2,118.076
BRIDGE,5,2,128.274
BRIDGE,13,2,142.722
BRIDGE,13,2,128.936
BRIDGE,13,2,145.853
BRIDGE,11,2,158.469
BRIDGE,13,2,173.431
BRIDGE,13,2,155.431
BRIDGE,11,2,143.060
BRIDGE,13,2,152.308
BRIDGE,13,2,145.881
BRIDGE,13,2,167.431
BRIDGE,11,2,167.431
BRIDGE,5,2,134.294
BRIDGE,11,2,137.446
BRIDGE,7,2,135.656
BRIDGE,5,2,126.400
BRIDGE,5,2,173.431
BRIDGE,13,2,161.431
BRIDGE,7,2,144.183
BRIDGE,7,2,138.647
BRIDGE,11,2,170.340
BRIDGE,11,2,145.635
BRIDGE,5,2,122.894
BRIDGE,5,2,88.708
BRIDGE,5,2,136.266
BRIDGE,7,2,143.463
BRIDGE,5,2,157.367
BRIDGE,7,2,146.508
BRIDGE,7,2,141.518
BRIDGE,5,2,150.671
BRIDGE,5,2,128.447
BRIDGE,7,2,126.217
BRIDGE,5,2,135.318
BRIDGE,13,2,142.632
BRIDGE,13,2,142.749
BRIDGE,5,2,133.496
BRIDGE,11,2,158.469
BRIDGE,11,2,146.187
BRIDGE,13,2,145.060
BRIDGE,11,2,134.092
BRIDGE,11,2,145.788
BRIDGE,5,2,150.427
BRIDGE,11,2,158.264
BRIDGE,13,2,148.898
BRIDGE,11,2,143.434
BRIDGE,11,2,124.680
BRIDGE,5,2,128.027
BRIDGE,7,2,116.585
BRIDGE,5,2,143.298
BRIDGE,7,2,138.660
BRIDGE,11,2,164.312
BRIDGE,7,2,132.381
BRIDGE,13,2,151.590
BRIDGE,7,2,143.503
BRIDGE,11,2,125.624
BRIDGE,7,2,146.454
BRIDGE,11,2,142.292
BRIDGE,11,2,167.431
BRIDGE,13,2,157.154
BRIDGE,13,2,145.728
BRIDGE,5,2,144.889
BRIDGE,13,2,135.702
BRIDGE,11,2,149.020
BRIDGE,7,2,121.071
BRIDGE,5,2,118.184
BRIDGE,5,2,136.523
BRIDGE,7,2,138.320
BRIDGE,5,2,124.829
BRIDGE,11,2,151.739
BRIDGE,7,2,144.113
BRIDGE,11,2,128.203
BRIDGE,7,2,77.842
BRIDGE,5,2,134.668
BRIDGE,5,2,122.110
BRIDGE,13,2,141.471
BRIDGE,13,2,156.589
BRIDGE,7,2,143.314
BRIDGE,7,2,132.649
BRIDGE,13,2,132.700
BRIDGE,13,2,154.871
BRIDGE,13,2,152.240
BRIDGE,7,2,117.411
BRIDGE,13,2,147.527
BRIDGE,5,2,133.081
BRIDGE,5,2,134.059
BRIDGE,11,2,120.994
BRIDGE,5,2,138.318
BRIDGE,7,2,132.056
BRIDGE,11,2,157.919
BRIDGE,13,2,161.431
BRIDGE,5,2,131.090
BRIDGE,5,2,136.471
BRIDGE,7,2,128.824
BRIDGE,11,2,141.486
BRIDGE,13,2,136.540
BRIDGE,5,2,126.378
BRIDGE,13,2,161.431
BRIDGE,11,2,151.677
BRIDGE,7,2,149.295
BRIDGE,11,2,134.273
BRIDGE,11,2,157.639
BRIDGE,5,2,98.147
BRIDGE,7,2,146.277
BRIDGE,11,2,136.994
BRIDGE,5,2,105.301
BRIDGE,7,2,126.268
BRIDGE,5,2,139.377
BRIDGE,5,2,142.347
BRIDGE,5,2,120.431
BRIDGE,7,2,116.296
BRIDGE,7,2,130.126
BRIDGE,7,2,140.838
BRIDGE,11,2,158.348
BRIDGE,11,2,128.090
BRIDGE,7,2,135.529
BRIDGE,5,2,125.311
BRIDGE,13,2,129.570
BRIDGE,11,2,133.706
BRIDGE,11,2,146.353
BRIDGE,7,2,143.990
BRIDGE,7,2,147.511
BRIDGE,13,2,158.083
BRIDGE,5,2,130.584
BRIDGE,13,2,146.450
BRIDGE,5,2,121.767
BRIDGE,7,2,135.414
BRIDGE,7,2,120.163
BRIDGE,7,2,147.746
BRIDGE,7,2,146.990
BRIDGE,7,2,141.280
BRIDGE,5,2,95.089
BRIDGE,7,2,144.317
BRIDGE,11,2,134.282
BRIDGE,5,2,140.990
BRIDGE,5,2,122.410
BRIDGE,7,2,156.093
BRIDGE,5,2,109.463
BRIDGE,11,2,161.431
BRIDGE,5,2,128.699
BRIDGE,13,2,138.706
BRIDGE,5,2,112.611
BRIDGE,7,2,138.066
BRIDGE,13,2,134.284
BRIDGE,13,2,163.484
BRIDGE,7,2,121.303
BRIDGE,7,2,150.091
BRIDGE,13,2,139.317
BRIDGE,13,2,152.088
BRIDGE,11,2,151.802
BRIDGE,5,2,111.632
BRIDGE,7,2,146.842
BRIDGE,7,2,173.431
BRIDGE,5,2,153.187
BRIDGE,11,2,133.765
BRIDGE,7,2,146.660
BRIDGE,5,2,139.258
BRIDGE,7,2,141.123
BRIDGE,11,2,158.717
BRIDGE,7,2,131.950
BRIDGE,5,2,122.629
BRIDGE,11,2,161.431
BRIDGE,11,2,140.024
BRIDGE,13,2,164.297
BRIDGE,5,2,115.585
BRIDGE,5,2,136.853
BRIDGE,5,2,125.317
BRIDGE,5,2,136.295
BRIDGE,5,2,128.373
BRIDGE,13,2,167.431
BRIDGE,5,2,128.454
BRIDGE,5,2,150.898
BRIDGE,7,2,161.431
BRIDGE,11,2,137.725
BRIDGE,5,2,136.919
BRIDGE,7,2,152.891
BRIDGE,13,2,155.431
BRIDGE,11,2,161.431
BRIDGE,13,2,152.279
BRIDGE,5,2,134.224
BRIDGE,7,2,137.200
BRIDGE,5,2,132.015
BRIDGE,13,2,155.431
BRIDGE,7,2,152.880
BRIDGE,7,2,164.547
BRIDGE,13,2,123.941
BRIDGE,7,2,155.431
BRIDGE,11,2,146.717
BRIDGE,7,2,138.103
BRIDGE,13,2,134.091
BRIDGE,11,2,157.817
BRIDGE,5,2,138.580
BRIDGE,13,2,146.110
BRIDGE,11,2,139.586
BRIDGE,13,2,121.368
BRIDGE,5,2,119.478
BRIDGE,5,2,156.845
BRIDGE,5,2,147.170
BRIDGE,13,2,161.431
BRIDGE,13,2,148.926
BRIDGE,11,2,155.431
BRIDGE,13,2,152.468
BRIDGE,5,2,142.776
BRIDGE,5,2,127.898
BRIDGE,11,2,167.431
BRIDGE,7,2,129.154
BRIDGE,5,2,161.431
BRIDGE,7,2,126.824
BRIDGE,11,2,142.683
BRIDGE,5,2,143.070
BRIDGE,13,2,148.216
BRIDGE,13,2,159.847
BRIDGE,7,2,158.508
BRIDGE,5,2,145.320
BRIDGE,13,2,161.431
BRIDGE,13,2,164.359
BRIDGE,13,2,143.667
BRIDGE,5,2,136.170
BRIDGE,5,2,111.868
BRIDGE,13,2,167.431
BRIDGE,7,2,161.431
BRIDGE,13,2,127.709
BRIDGE,5,2,109.991
BRIDGE,7,2,147.264
BRIDGE,5,2,126.885
BRIDGE,11,2,152.169
BRIDGE,5,2,128.941
BRIDGE,5,2,146.133
BRIDGE,11,2,144.945
BRIDGE,5,2,136.690
BRIDGE,13,2,152.079
BRIDGE,13,2,142.342
BRIDGE,5,2,132.245
BRIDGE,13,2,152.360
BRIDGE,11,2,140.420
BRIDGE,5,2,133.537
BRIDGE,11,2,141.964
BRIDGE,11,2,152.181
BRIDGE,11,2,142.732
BRIDGE,11,2,139.855
BRIDGE,7,2,161.431
BRIDGE,11,2,163.995
BRIDGE,7,2,152.454
BRIDGE,5,2,150.759
BRIDGE,11,2,148.829
BRIDGE,5,2,109.432
BRIDGE,11,2,161.431
BRIDGE,13,2,141.880
BRIDGE,13,2,136.158
BRIDGE,7,2,164.827
BRIDGE,13,2,161.431
BRIDGE,11,2,125.056
BRIDGE,7,2,147.174
BRIDGE,5,2,150.559
BRIDGE,7,2,149.913
BRIDGE,7,2,149.944
BRIDGE,13,2,156.991
BRIDGE,11,2,142.925
BRIDGE,11,2,140.399
BRIDGE,5,2,121.149
BRIDGE,5,2,119.294
BRIDGE,5,2,128.103
BRIDGE,7,2,152.506
BRIDGE,11,2,161.431
BRIDGE,7,2,125.652
BRIDGE,13,2,155.431
BRIDGE,7,2,152.439
BRIDGE,13,2,135.345
BRIDGE,5,2,159.359
BRIDGE,5,2,128.127
BRIDGE,5,2,119.633
BRIDGE,13,2,143.145
BRIDGE,5,2,138.641
BRIDGE,11,2,127.254
BRIDGE,11,2,164.329
BRIDGE,13,2,142.750
BRIDGE,13,2,155.034
BRIDGE,13,2,164.375
BRIDGE,11,2,157.808
BRIDGE,11,2,158.469
BRIDGE,5,2,137.594
BRIDGE,11,2,127.076
BRIDGE,5,2,111.267
BRIDGE,11,2,155.431
BRIDGE,5,2,123.072
BRIDGE,5,2,108.817
BRIDGE,11,2,158.538
BRIDGE,5,2,144.995
BRIDGE,7,2,132.264
BRIDGE,7,2,150.028
BRIDGE,7,2,123.237
BRIDGE,13,2,161.431
BRIDGE,7,2,143.630
BRIDGE,11,2,141.451
BRIDGE,11,2,149.186
BRIDGE,11,2,142.849
BRIDGE,11,2,142.109
BRIDGE,7,2,123.333
BRIDGE,7,2,134.536
BRIDGE,13,2,179.431
BRIDGE,5,2,167.431
BRIDGE,13,2,133.689
BRIDGE,13,2,143.476
BRIDGE,13,2,152.057
BRIDGE,11,2,130.402
BRIDGE,13,2,145.899
BRIDGE,5,2,87.415
BRIDGE,13,2,126.489
BRIDGE,13,2,155.431
BRIDGE,7,2,167.431
BRIDGE,13,2,142.489
BRIDGE,11,2,151.140
BRIDGE,7,2,149.343
BRIDGE,11,2,130.413
BRIDGE,7,2,135.304
BRIDGE,13,2,152.067
BRIDGE,11,2,152.469
BRIDGE,11,2,122.307
BRIDGE,11,2,161.431
BRIDGE,11,2,143.464
BRIDGE,11,2,163.997
BRIDGE,5,2,142.805
BRIDGE,11,2,127.247
BRIDGE,7,2,126.424
BRIDGE,13,2,142.973
BRIDGE,11,2,152.657
BRIDGE,11,2,152.174
BRIDGE,11,2,136.618
BRIDGE,7,2,112.109
BRIDGE,7,2,138.119
BRIDGE,7,2,118.041
BRIDGE,7,2,152.792
BRIDGE,11,2,152.253
BRIDGE,5,2,128.832
BRIDGE,11,2,149.926
BRIDGE,5,2,108.538
BRIDGE,13,2,163.433
BRIDGE,13,2,137.093
BRIDGE,7,2,112.268
BRIDGE,13,2,151.914
BRIDGE,5,2,127.183
BRIDGE,11,2,117.808
BRIDGE,7,2,164.003
BRIDGE,13,2,139.634
BRIDGE,13,2,143.236
BRIDGE,5,2,128.779
BRIDGE,7,2,158.360
BRIDGE,5,2,110.264
BRIDGE,5,2,102.859
BRIDGE,13,2,136.083
BRIDGE,11,2,158.122
BRIDGE,7,2,114.556
BRIDGE,5,2,148.132
BRIDGE,7,2,161.431
BRIDGE,7,2,134.586
BRIDGE,5,2,139.496
BRIDGE,11,2,135.116
BRIDGE,13,2,142.995
BRIDGE,7,2,134.607
BRIDGE,11,2,145.571
BRIDGE,13,2,142.665
BRIDGE,5,2,136.519
BRIDGE,13,2,152.186
BRIDGE,11,2,173.431
BRIDGE,7,2,135.529
BRIDGE,13,2,152.043
BRIDGE,13,2,151.587
BRIDGE,5,2,147.403
BRIDGE,7,2,152.650
BRIDGE,11,2,140.709
BRIDGE,7,2,135.204
BRIDGE,7,2,140.561
BRIDGE,13,2,158.172
BRIDGE,13,2,151.119
BRIDGE,7,2,132.052
BRIDGE,7,2,152.388
BRIDGE,13,2,112.809
BRIDGE,5,2,107.093
BRIDGE,13,2,145.903
BRIDGE,13,2,142.842
BRIDGE,7,2,135.440
BRIDGE,13,2,137.400
BRIDGE,13,2,158.088
BRIDGE,7,2,149.651
BRIDGE,5,2,96.886
BRIDGE,5,2,141.542
BRIDGE,7,2,149.899
BRIDGE,13,2,151.853
BRIDGE,5,2,112.610
BRIDGE,5,2,136.931
BRIDGE,5,2,94.827
BRIDGE,7,2,132.220
BRIDGE,11,2,145.892
BRIDGE,7,2,146.782
BRIDGE,13,2,151.392
BRIDGE,7,2,150.175
BRIDGE,11,2,157.919
BRIDGE,5,2,108.284
BRIDGE,7,2,126.253
BRIDGE,11,2,133.323
BRIDGE,11,2,150.026
BRIDGE,11,2,158.277
BRIDGE,5,2,142.407
BRIDGE,7,2,147.367
BRIDGE,5,2,142.568
BRIDGE,13,2,152.506
BRIDGE,7,2,126.491
BRIDGE,13,2,154.673
BRIDGE,11,2,149.188
BRIDGE,13,2,137.583
BRIDGE,5,2,134.595
BRIDGE,13,2,161.431
BRIDGE,13,2,136.980
BRIDGE,7,2,161.431
BRIDGE,7,2,173.431
BRIDGE,5,2,142.364
BRIDGE,7,2,124.296
BRIDGE,7,2,125.420
BRIDGE,5,2,145.356
BRIDGE,11,2,139.011
BRIDGE,13,2,151.598
BRIDGE,13,2,154.434
BRIDGE,5,2,108.432
BRIDGE,7,2,131.841
BRIDGE,5,2,120.831
BRIDGE,11,2,151.829
BRIDGE,13,2,144.433
BRIDGE,13,2,158.315
BRIDGE,7,2,141.181
BRIDGE,13,2,125.867
BRIDGE,7,2,126.259
BRIDGE,5,2,142.465
BRIDGE,13,2,163.963
BRIDGE,5,2,95.023
BRIDGE,7,2,141.343
BRIDGE,13,2,148.946
BRIDGE,11,2,124.657
BRIDGE,5,2,134.070
BRIDGE,11,2,139.790
BRIDGE,11,2,123.181
BRIDGE,7,2,144.113
BRIDGE,13,2,143.544
BRIDGE,13,2,155.431
BRIDGE,11,2,149.602
BRIDGE,11,2,128.394
BRIDGE,11,2,141.863
BRIDGE,5,2,143.349
BRIDGE,13,2,163.458
PATTERN,11,2,272.692
PATTERN,11,2,300.780
PATTERN,7,2,258.455
PATTERN,13,2,289.486
PATTERN,11,3,432.456
PATTERN,13,2,264.057
PATTERN,13,2,309.605
PATTERN,11,2,269.927
PATTERN,7,2,284.341
PATTERN,5,2,219.758
PATTERN,13,2,292.474
PATTERN,7,2,257.923
PATTERN,5,2,269.498
PATTERN,5,2,226.570
PATTERN,11,2,279.686
PATTERN,11,2,299.629
PATTERN,11,2,290.953
PATTERN,5,2,203.292
PATTERN,7,2,293.488
PATTERN,5,2,295.037
PATTERN,7,3,380.225
PATTERN,5,3,361.660
PATTERN,13,2,318.587
PATTERN,5,2,303.241
PATTERN,7,3,434.220
PATTERN,5,2,262.213
PATTERN,13,2,318.880
PATTERN,5,2,217.541
PATTERN,11,2,271.193
PATTERN,11,2,290.914
PATTERN,5,2,246.400
PATTERN,11,2,319.227
PATTERN,13,2,309.254
PATTERN,11,2,289.986
PATTERN,7,2,258.364
PATTERN,13,2,281.074
PATTERN,13,3,445.278
PATTERN,13,2,299.684
PATTERN,5,2,211.947
PATTERN,11,2,264.190
PATTERN,11,2,281.985
PATTERN,5,2,261.705
PATTERN,13,2,285.229
PATTERN,7,2,266.764
PATTERN,11,3,467.248
PATTERN,5,2,295.884
PATTERN,13,2,291.189
PATTERN,7,2,301.390
PATTERN,13,2,308.029
PATTERN,5,2,245.572
PATTERN,13,5,679.351
PATTERN,13,2,298.401
PATTERN,5,2,252.672
PATTERN,11,2,309.530
PATTERN,7,2,266.347
PATTERN,11,2,283.117
PATTERN,11,2,286.930
PATTERN,13,6,908.014
PATTERN,11,2,318.396
PATTERN,5,2,252.310
PATTERN,5,2,262.156
PATTERN,11,2,279.762
PATTERN,11,2,281.220
PATTERN,11,3,404.192
PATTERN,7,2,284.464
PATTERN,11,2,309.974
PATTERN,5,2,245.959
PATTERN,5,2,254.610
PATTERN,7,2,264.488
PATTERN,7,2,302.576
PATTERN,5,2,217.992
PATTERN,5,2,220.433
PATTERN,11,2,318.342
PATTERN,7,2,276.077
PATTERN,5,2,271.764
PATTERN,13,2,318.880
PATTERN,7,2,235.811
PATTERN,13,2,308.940
PATTERN,7,2,267.328
PATTERN,5,2,244.157
PATTERN,13,2,318.773
PATTERN,13,2,289.685
PATTERN,11,2,262.442
PATTERN,5,2,295.134
PATTERN,5,2,261.520
PATTERN,13,2,299.482
PATTERN,13,2,298.166
PATTERN,5,2,197.302
PATTERN,7,3,409.342
PATTERN,5,2,263.148
PATTERN,11,2,301.819
PATTERN,11,2,199.377
PATTERN,11,3,447.418
PATTERN,13,2,291.543
PATTERN,5,2,255.258
PATTERN,11,2,328.431
PATTERN,11,2,318.879
PATTERN,13,2,279.294
PATTERN,11,2,299.553
PATTERN,11,2,290.946
PATTERN,13,2,281.364
PATTERN,13,2,318.474
PATTERN,11,2,279.482
PATTERN,11,2,308.998
PATTERN,7,2,293.413
PATTERN,5,2,271.131
PATTERN,13,2,309.119
PATTERN,7,2,250.361
PATTERN,5,2,269.392
PATTERN,11,2,299.893
PATTERN,13,2,218.964
PATTERN,11,2,291.280
PATTERN,13,4,585.287
PATTERN,7,2,275.037
PATTERN,5,3,403.554
PATTERN,11,2,281.668
PATTERN,11,2,309.717
PATTERN,5,2,221.932
PATTERN,5,2,243.869
PATTERN,11,2,300.914
PATTERN,13,5,748.308
PATTERN,11,2,262.625
PATTERN,13,2,272.708
PATTERN,7,2,301.423
PATTERN,7,2,248.646
PATTERN,13,2,269.134
PATTERN,11,2,263.095
PATTERN,13,2,289.431
PATTERN,11,2,298.258
PATTERN,13,3,448.380
PATTERN,5,2,254.149
PATTERN,5,2,263.210
PATTERN,5,2,213.957
PATTERN,13,2,298.413
PATTERN,13,2,309.181
PATTERN,13,3,443.279
PATTERN,13,2,289.262
PATTERN,5,2,249.997
PATTERN,5,2,277.294
PATTERN,5,3,395.249
PATTERN,5,2,288.035
PATTERN,11,3,440.837
PATTERN,5,2,252.984
PATTERN,5,2,253.777
PATTERN,13,2,308.615
PATTERN,5,5,651.372
PATTERN,13,2,318.521
PATTERN,11,2,291.943
PATTERN,7,2,242.361
PATTERN,11,2,300.193
PATTERN,11,5,759.853
PATTERN,5,2,303.528
PATTERN,11,2,308.632
PATTERN,11,2,282.235
PATTERN,7,3,373.868
PATTERN,7,2,257.975
PATTERN,11,2,271.544
PATTERN,11,2,289.641
PATTERN,13,2,281.229
PATTERN,13,2,299.685
PATTERN,13,2,328.431
PATTERN,7,3,381.657
PATTERN,5,2,269.755
PATTERN,13,2,278.484
PATTERN,7,5,711.971
PATTERN,11,2,299.841
PATTERN,13,2,319.483
PATTERN,7,2,274.825
PATTERN,5,2,247.046
PATTERN,5,2,278.910
PATTERN,11,7,990.677
PATTERN,7,2,302.580
PATTERN,5,2,236.729
PATTERN,5,2,287.624
PATTERN,5,2,279.216
PATTERN,13,2,282.061
PATTERN,7,2,266.433
PATTERN,5,2,268.571
PATTERN,13,2,318.733
PATTERN,13,2,300.501
PATTERN,13,2,279.320
PATTERN,5,2,270.186
PATTERN,7,2,284.613
PATTERN,7,2,257.220
PATTERN,13,2,297.950
PATTERN,5,2,218.248
PATTERN,7,2,266.640
PATTERN,11,2,298.560
PATTERN,11,2,282.233
PATTERN,13,2,273.391
PATTERN,7,2,293.391
PATTERN,11,2,300.503
PATTERN,7,2,301.977
PATTERN,13,2,290.014
PATTERN,5,2,285.642
PATTERN,11,2,281.984
PATTERN,13,2,273.349
PATTERN,5,2,271.405
PATTERN,7,2,250.015
PATTERN,11,3,432.193
PATTERN,7,2,294.029
PATTERN,5,2,208.778
PATTERN,7,2,285.210
PATTERN,7,2,258.296
PATTERN,13,2,309.743
PATTERN,11,6,919.908
PATTERN,11,17,2492.529
PATTERN,7,2,293.420
PATTERN,5,2,261.783
PATTERN,5,3,388.076
PATTERN,13,2,328.431
PATTERN,11,4,465.862
PATTERN,5,2,238.794
PATTERN,7,2,274.004
PATTERN,5,3,371.164
PATTERN,11,2,290.697
PATTERN,5,2,270.141
PATTERN,7,2,257.459
PATTERN,5,2,244.060
PATTERN,13,2,281.324
PATTERN,7,2,266.587
PATTERN,7,3,426.324
PATTERN,7,2,293.851
PATTERN,7,3,435.103
PATTERN,5,2,236.345
PATTERN,13,3,424.021
PATTERN,11,2,280.372
PATTERN,13,2,278.141
PATTERN,11,3,458.790
PATTERN,7,2,258.058
PATTERN,5,3,397.752
PATTERN,13,2,319.819
PATTERN,13,2,298.125
PATTERN,11,2,280.231
PATTERN,11,2,273.391
PATTERN,13,2,308.112
PATTERN,5,2,271.094
PATTERN,5,2,261.683
PATTERN,7,3,390.308
PATTERN,5,2,245.333
PATTERN,13,2,328.431
PATTERN,5,2,254.960
PATTERN,7,2,267.197
PATTERN,11,2,309.515
PATTERN,7,2,293.592
PATTERN,7,2,275.132
PATTERN,5,2,252.481
PATTERN,11,2,281.377
PATTERN,13,2,309.332
PATTERN,7,2,220.459
PATTERN,11,2,289.896
PATTERN,13,2,328.431
PATTERN,5,4,549.800
PATTERN,7,3,397.250
PATTERN,5,2,253.281
PATTERN,7,3,442.777
PATTERN,13,2,292.887
PATTERN,5,2,230.650
PATTERN,11,2,299.992
PATTERN,13,2,328.431
PATTERN,5,2,244.009
PATTERN,13,2,309.743
PATTERN,13,2,266.371
PATTERN,13,2,260.320
PATTERN,13,2,276.856
PATTERN,5,2,220.585
PATTERN,11,2,281.063
PATTERN,11,2,309.852
PATTERN,5,2,245.386
PATTERN,13,2,318.482
PATTERN,13,2,318.881
PATTERN,5,2,278.448
PATTERN,11,2,282.304
PATTERN,7,2,284.803
PATTERN,11,2,319.088
PATTERN,11,2,280.165
PATTERN,13,2,297.761
PATTERN,7,2,302.395
PATTERN,7,2,283.716
PATTERN,13,2,309.270
PATTERN,11,2,318.248
PATTERN,5,2,287.304
PATTERN,11,2,290.631
PATTERN,7,2,310.893
PATTERN,7,2,256.176
PATTERN,13,2,281.628
PATTERN,13,2,307.964
PATTERN,5,2,271.016
PATTERN,7,2,283.905
PATTERN,5,2,252.367
PATTERN,13,2,299.102
PATTERN,11,2,317.412
PATTERN,5,2,279.434
PATTERN,11,2,310.174
PATTERN,5,2,294.570
PATTERN,11,2,273.196
PATTERN,5,2,236.001
PATTERN,5,3,377.779
PATTERN,7,2,289.915
PATTERN,5,2,245.854
PATTERN,7,2,266.889
PATTERN,11,2,290.571
PATTERN,5,2,252.915
PATTERN,13,2,291.286
PATTERN,11,2,277.001
PATTERN,13,2,291.361
PATTERN,11,2,281.533
PATTERN,7,2,258.410
PATTERN,5,4,468.413
PATTERN,7,2,257.179
PATTERN,7,2,283.642
PATTERN,5,2,254.246
PATTERN,7,3,433.910
PATTERN,13,2,302.381
PATTERN,5,2,261.505
PATTERN,7,3,417.063
PATTERN,5,2,288.161
PATTERN,7,6,808.641
PATTERN,11,2,300.029
PATTERN,13,6,877.034
PATTERN,7,2,248.931
PATTERN,5,2,271.064
PATTERN,13,2,291.166
PATTERN,11,4,543.591
PATTERN,11,2,265.589
PATTERN,11,2,310.034
PATTERN,7,2,258.941
PATTERN,13,2,328.431
PATTERN,7,2,274.342
PATTERN,11,2,300.612
PATTERN,7,2,274.697
PATTERN,11,2,281.806
PATTERN,11,3,420.703
PATTERN,11,2,292.018
PATTERN,11,2,300.138
PATTERN,7,2,292.327
PATTERN,5,3,345.320
PATTERN,7,2,294.331
PATTERN,7,2,283.986
PATTERN,5,2,269.793
PATTERN,5,2,270.017
PATTERN,5,2,279.551
PATTERN,11,2,319.277
PATTERN,5,2,229.270
PATTERN,5,2,268.719
PATTERN,11,2,300.441
PATTERN,7,2,274.609
PATTERN,13,2,298.018
PATTERN,11,2,300.408
PATTERN,13,3,372.981
PATTERN,5,2,221.317
PATTERN,11,3,411.259
PATTERN,7,2,258.045
PATTERN,11,2,262.797
PATTERN,7,2,267.100
PATTERN,5,2,253.379
PATTERN,13,3,428.735
PATTERN,11,2,309.519
PATTERN,7,2,266.226
PATTERN,7,2,241.807
PATTERN,13,3,415.369
PATTERN,7,2,267.970
PATTERN,5,2,252.726
PATTERN,11,2,319.253
PATTERN,7,6,749.016
PATTERN,5,2,245.207
PATTERN,5,2,294.747
PATTERN,13,2,299.506
PATTERN,13,2,299.252
PATTERN,11,2,309.651
PATTERN,5,2,243.284
PATTERN,5,4,510.517
PATTERN,5,2,253.577
PATTERN,5,2,286.613
PATTERN,7,2,293.122
PATTERN,13,3,458.357
PATTERN,5,2,263.200
PATTERN,13,2,318.958
PATTERN,11,2,290.853
PATTERN,13,2,297.105
PATTERN,7,2,293.124
PATTERN,11,2,291.722
PATTERN,7,3,399.200
PATTERN,5,2,278.782
PATTERN,11,2,309.289
PATTERN,11,2,309.780
PATTERN,11,2,296.864
PATTERN,7,3,366.340
PATTERN,7,2,302.442
PATTERN,7,2,310.620
PATTERN,11,2,309.549
PATTERN,11,2,309.923
PATTERN,5,2,278.143
PATTERN,5,2,270.337
PATTERN,13,2,280.216
PATTERN,7,3,382.441
PATTERN,13,2,298.150
PATTERN,7,2,265.575
PATTERN,5,3,401.949
PATTERN,11,2,300.204
PATTERN,7,2,284.450
PATTERN,7,2,302.676
PATTERN,11,2,300.071
PATTERN,13,2,319.466
PATTERN,13,3,438.411
PATTERN,13,2,300.627
PATTERN,11,2,255.247
PATTERN,13,2,299.357
PATTERN,7,3,382.778
PATTERN,5,2,295.483
PATTERN,13,3,466.778
PATTERN,7,3,451.316
PATTERN,13,2,299.774
PATTERN,13,2,288.311
PATTERN,7,3,398.245
PATTERN,13,5,723.270
PATTERN,7,2,285.527
PATTERN,11,2,297.777
PATTERN,13,2,309.504
PATTERN,5,2,255.724
PATTERN,13,4,556.600
PATTERN,5,2,205.425
PATTERN,7,2,274.789
PATTERN,11,2,246.010
PATTERN,5,2,262.842
PATTERN,5,2,303.921
PATTERN,5,2,242.899
PATTERN,5,2,253.872
PATTERN,5,2,177.053
PATTERN,5,2,246.223
PATTERN,7,3,423.483
PATTERN,13,2,282.912
PATTERN,5,2,170.227
PATTERN,5,3,353.212
PATTERN,13,2,298.313
PATTERN,7,2,249.243
PATTERN,7,2,250.817
PATTERN,11,2,273.895
PATTERN,13,4,600.213
PATTERN,5,2,219.486
PATTERN,13,2,308.735
PATTERN,7,2,258.842
PATTERN,7,2,284.940
PATTERN,13,3,459.184
PATTERN,11,3,412.904
PATTERN,5,4,471.617
PATTERN,5,2,238.241
PATTERN,5,2,236.837
PATTERN,11,2,300.074
PATTERN,13,2,307.908
PATTERN,7,2,266.619
PATTERN,11,2,281.435
PATTERN,7,2,274.841
PATTERN,5,3,404.153
PATTERN,11,2,300.741
PATTERN,5,3,396.165
PATTERN,11,2,328.431
PATTERN,5,2,295.473
PATTERN,7,2,284.449
PATTERN,11,2,282.201
PATTERN,13,3,430.010
PATTERN,13,2,288.897
PATTERN,11,3,420.460
PATTERN,5,2,263.132
PATTERN,7,3,401.133
PATTERN,5,2,255.004
PATTERN,5,3,370.113
PATTERN,13,2,299.964
PATTERN,5,2,253.968
PATTERN,7,2,285.138
PATTERN,13,3,403.408
PATTERN,5,2,244.865
PATTERN,5,2,261.681
PATTERN,5,2,254.770
PATTERN,13,2,278.961
PATTERN,7,2,275.183
PATTERN,13,2,319.008
PATTERN,11,2,290.619
PATTERN,7,3,425.908
PATTERN,11,2,292.681
PATTERN,7,2,293.750
PATTERN,7,2,274.675
PATTERN,13,2,273.395
PATTERN,13,2,299.890
PATTERN,7,2,264.822
PATTERN,5,2,226.852
PATTERN,11,2,298.239
PATTERN,7,2,253.766
PATTERN,5,2,237.515
PATTERN,5,4,507.655
PATTERN,13,2,289.266
PATTERN,5,3,379.549
PATTERN,13,3,430.181
PATTERN,11,2,269.855
PATTERN,13,2,289.474
PATTERN,13,2,277.590
PATTERN,13,2,308.867
PATTERN,13,2,310.400
PATTERN,7,2,259.841
PATTERN,13,4,582.207
PATTERN,7,2,275.240
PATTERN,7,2,266.168
PATTERN,7,2,293.249
PATTERN,7,2,266.661
PATTERN,11,2,289.684
PATTERN,11,2,253.522
PATTERN,7,2,284.606
PATTERN,5,2,270.017
PATTERN,11,2,301.120
PATTERN,7,2,266.750
PATTERN,5,3,403.932
PATTERN,13,5,710.340
PATTERN,11,2,302.131
PATTERN,11,2,299.974
PATTERN,13,3,437.421
PATTERN,7,2,284.630
PATTERN,5,2,262.518
PATTERN,13,2,290.556
PATTERN,11,3,429.978
PATTERN,5,2,286.924
PATTERN,11,2,282.444
PATTERN,13,2,289.514
PATTERN,7,2,256.316
PATTERN,11,2,273.019
PATTERN,11,2,299.860
PATTERN,5,2,275.364
PATTERN,11,2,309.635
PATTERN,13,2,309.330
PATTERN,13,2,287.452
PATTERN,13,3,459.170
PATTERN,5,2,279.634
PATTERN,13,2,307.972
PATTERN,11,2,310.062
PATTERN,5,2,252.574
PATTERN,11,2,281.614
PATTERN,13,2,271.682
PATTERN,7,2,300.768
PATTERN,5,2,278.398
PATTERN,5,3,357.956
PATTERN,5,2,246.953
PATTERN,5,2,278.201
PATTERN,7,3,416.488
PATTERN,5,2,228.952
PATTERN,7,2,257.676
PATTERN,11,2,263.066
PATTERN,5,4,477.986
PATTERN,7,2,266.580
PATTERN,13,3,477.989
PATTERN,13,2,279.976
PATTERN,13,3,418.782
PATTERN,5,3,365.028
PATTERN,13,4,610.376
PATTERN,11,2,290.168
PATTERN,13,2,328.431
PATTERN,11,2,319.162
PATTERN,5,2,295.267
PATTERN,13,2,280.173
PATTERN,5,2,253.644
PATTERN,13,2,281.836
PATTERN,11,2,288.972
PATTERN,5,2,255.530
PATTERN,5,2,285.150
PATTERN,13,3,423.270
PATTERN,5,2,263.148
PATTERN,11,2,308.121
PATTERN,11,2,280.677
PATTERN,13,3,458.925
PATTERN,11,2,281.751
PATTERN,11,2,307.364
PATTERN,11,2,309.808
PATTERN,13,3,428.567
PATTERN,5,2,278.178
PATTERN,13,10,1419.214
PATTERN,7,2,275.791
PATTERN,5,2,304.279
PATTERN,7,2,272.457
PATTERN,7,2,284.953
PATTERN,11,2,263.452
PATTERN,7,3,417.434
PATTERN,5,2,245.858
PATTERN,11,2,308.234
PATTERN,11,2,309.666
PATTERN,7,2,267.104
PATTERN,5,2,220.421
PATTERN,5,2,279.131
PATTERN,11,2,272.596
PATTERN,7,2,275.382
PATTERN,11,3,442.229
PATTERN,5,2,252.963
PATTERN,7,2,293.143
PATTERN,13,2,302.147
PATTERN,11,2,299.487
PATTERN,7,2,283.656
PATTERN,11,2,308.642
PATTERN,13,2,259.182
PATTERN,11,2,282.408
PATTERN,5,2,268.557
PATTERN,5,2,252.270
PATTERN,13,2,309.443
PATTERN,11,2,282.823
PATTERN,11,2,290.526
PATTERN,7,2,275.337
PATTERN,13,2,299.223
PATTERN,5,2,270.243
PATTERN,13,2,280.050
PATTERN,13,5,728.417
PATTERN,13,2,309.927
PATTERN,7,2,265.758
PATTERN,5,2,252.797
PATTERN,11,2,310.277
PATTERN,7,4,499.220
PATTERN,11,2,209.793
PATTERN,7,3,372.677
PATTERN,11,2,252.448
PATTERN,13,3,457.745
PATTERN,13,2,297.594
PATTERN,13,2,309.422
PATTERN,7,2,293.103
PATTERN,5,3,430.668
PATTERN,5,2,279.477
PATTERN,5,2,262.358
PATTERN,13,2,290.204
PATTERN,13,2,300.439
PATTERN,5,2,252.373
PATTERN,7,2,258.858
PATTERN,7,6,809.332
PATTERN,7,2,266.795
PATTERN,13,2,298.732
PATTERN,7,2,311.148
PATTERN,7,2,258.247
PATTERN,13,2,269.557
PATTERN,11,2,299.763
PATTERN,7,2,266.929
PATTERN,13,3,457.909
PATTERN,7,2,302.500
PATTERN,7,2,283.386
PATTERN,5,2,236.778
PATTERN,11,2,290.421
PATTERN,11,2,310.253
PATTERN,5,2,247.484
PATTERN,11,2,328.431
PATTERN,7,2,293.352
PATTERN,13,3,487.646
PATTERN,7,2,267.027
PATTERN,11,2,299.505
PATTERN,13,2,298.871
PATTERN,13,2,328.431
PATTERN,7,2,231.258
PATTERN,13,2,309.142
PATTERN,7,2,256.745
PATTERN,5,2,277.716
PATTERN,7,2,249.292
PATTERN,7,2,241.867
PATTERN,7,2,283.650
PATTERN,5,2,220.662
PATTERN,11,2,272.810
PATTERN,13,2,309.243
PATTERN,7,2,285.024
PATTERN,11,2,299.644
PATTERN,7,2,267.062
PATTERN,7,2,276.209
PATTERN,5,2,238.756
PATTERN,7,2,284.460
PATTERN,5,2,235.669
PATTERN,7,2,266.904
PATTERN,11,2,289.871
PATTERN,11,2,310.207
PATTERN,7,3,417.857
PATTERN,11,4,566.525
PATTERN,13,2,328.431
PATTERN,13,2,266.760
PATTERN,13,2,308.080
PATTERN,7,2,285.620
PATTERN,11,3,459.475
PATTERN,5,2,220.154
PATTERN,5,2,278.566
PATTERN,11,2,271.259
PATTERN,11,3,478.377
PATTERN,11,4,510.384
PATTERN,5,3,453.463
PATTERN,11,2,319.469
PATTERN,5,2,263.446
PATTERN,7,3,415.114
PATTERN,7,2,293.431
PATTERN,5,2,228.284
PATTERN,7,2,284.862
PATTERN,11,3,429.616
PATTERN,13,2,309.327
PATTERN,5,2,268.358
PATTERN,11,2,290.608
PATTERN,5,3,396.130
PATTERN,11,2,309.845
PATTERN,7,2,248.463
PATTERN,7,2,285.002
PATTERN,13,2,307.684
PATTERN,7,2,302.856
PATTERN,13,2,318.260
PATTERN,5,2,286.665
PATTERN,7,2,292.599
PATTERN,11,2,246.102
PATTERN,11,2,290.662
PATTERN,13,2,280.417
PATTERN,13,2,309.039
PATTERN,5,2,236.333
PATTERN,13,3,477.989
PATTERN,13,2,301.725
PATTERN,11,3,401.978
PATTERN,11,2,298.670
PATTERN,7,4,569.890
PATTERN,5,2,277.543
PATTERN,13,2,317.073
PATTERN,5,3,392.712
PATTERN,5,2,286.188
PATTERN,5,2,287.058
PATTERN,11,3,430.481
PATTERN,13,2,299.217
PATTERN,13,2,282.438
PATTERN,11,2,318.561
PATTERN,7,2,293.373
PATTERN,11,4,628.694
PATTERN,7,2,240.876
PATTERN,13,2,279.604
PATTERN,5,2,245.438
PATTERN,5,2,254.094
PATTERN,11,3,450.063
PATTERN,11,2,300.631
PATTERN,13,2,272.963
PATTERN,5,2,261.266
PATTERN,11,2,254.368
PATTERN,13,3,429.083
PATTERN,7,2,275.062
PATTERN,7,3,408.386
PATTERN,5,2,262.087
PATTERN,5,2,271.675
PATTERN,7,2,265.441
PATTERN,7,2,267.009
PATTERN,11,2,251.838
PATTERN,5,2,285.639
PATTERN,13,2,328.431
PATTERN,7,2,231.014
PATTERN,7,2,248.205
PATTERN,11,2,264.489
PATTERN,11,2,300.008
PATTERN,7,2,302.457
PATTERN,11,2,261.494
PATTERN,7,2,283.910
PATTERN,5,2,261.482
PATTERN,13,2,259.643
PATTERN,5,2,234.693
PATTERN,7,2,274.940
PATTERN,13,2,300.947
PATTERN,13,2,328.431
PATTERN,11,2,270.808
PATTERN,5,2,262.163
PATTERN,5,2,236.041
PATTERN,13,2,328.431
PATTERN,13,2,288.948
PATTERN,7,2,276.529
PATTERN,13,2,292.518
PATTERN,5,2,294.718
PATTERN,13,2,298.710
PATTERN,7,2,266.887
PATTERN,5,2,277.305
PATTERN,11,2,289.266
PATTERN,11,2,299.694
PATTERN,7,2,267.065
PATTERN,5,2,255.180
PATTERN,5,2,254.499
PATTERN,11,2,318.879
PATTERN,7,2,247.511
PATTERN,5,3,388.322
PATTERN,13,2,283.840
PATTERN,5,2,270.661
PATTERN,11,2,290.273
PATTERN,11,2,298.559
PATTERN,7,2,284.384
PATTERN,7,3,397.341
PATTERN,7,2,291.909
PATTERN,7,3,372.153
PATTERN,5,2,228.126
PATTERN,13,2,309.408
PATTERN,11,3,449.395
PATTERN,5,2,262.045
PATTERN,7,2,276.184
PATTERN,11,2,281.733
PATTERN,7,2,285.497
PATTERN,5,2,252.823
PATTERN,5,3,328.360
PATTERN,11,2,249.203
PATTERN,11,2,278.598
PATTERN,7,2,291.735
PATTERN,5,2,253.660
PATTERN,5,2,227.113
PATTERN,13,2,318.675
PATTERN,5,2,95.815
PATTERN,13,6,876.719
PATTERN,13,5,761.317
PATTERN,5,2,294.095
PATTERN,5,2,243.864
PATTERN,11,2,309.940
PATTERN,7,2,265.847
PATTERN,11,3,428.799
PATTERN,13,2,261.342
PATTERN,13,2,278.841
PATTERN,7,3,416.331
PATTERN,11,2,309.604
PATTERN,11,2,319.253
PATTERN,5,2,260.269
PATTERN,11,2,270.853
PATTERN,11,2,309.368
PATTERN,13,2,299.659
PATTERN,13,2,298.319
PATTERN,13,3,401.842
PATTERN,7,2,302.018
PATTERN,11,2,319.657
PATTERN,13,2,270.526
PATTERN,13,2,300.253
PATTERN,5,2,235.005
PATTERN,13,2,319.365
PATTERN,5,2,238.322
PATTERN,5,2,237.847
PATTERN,7,5,683.813
PATTERN,7,2,266.504
PATTERN,5,2,279.373
PATTERN,7,2,257.337
PATTERN,7,2,302.636
PATTERN,7,2,275.433
PATTERN,11,2,271.624
PATTERN,13,3,440.255
PATTERN,11,2,328.431
PATTERN,5,2,244.326
PATTERN,7,2,284.743
PATTERN,11,2,299.064
PATTERN,5,2,260.928
PATTERN,5,2,230.035
PATTERN,11,2,272.320
PATTERN,5,2,261.855
PATTERN,11,3,422.084
PATTERN,11,3,430.634
PATTERN,13,2,290.074
PATTERN,5,2,261.888
PATTERN,11,2,289.409
PATTERN,7,2,284.683
PATTERN,7,4,549.246
PATTERN,13,2,317.112
PATTERN,13,2,298.800
PATTERN,13,2,279.233
PATTERN,11,2,271.981
PATTERN,13,3,450.615
PATTERN,5,2,253.077
PATTERN,11,2,281.418
PATTERN,7,2,310.808
PATTERN,11,2,300.470
PATTERN,13,3,459.015
PATTERN,13,2,265.929
PATTERN,7,3,409.017
PATTERN,7,2,302.490
PATTERN,5,2,214.577
PATTERN,7,2,285.050
PATTERN,5,2,278.398
PATTERN,13,2,297.719
PATTERN,5,2,228.935
PATTERN,7,2,230.466
PATTERN,7,2,301.651
PATTERN,13,2,299.449
PATTERN,5,2,304.051
PATTERN,11,2,299.826
PATTERN,5,2,245.114
PATTERN,11,2,308.794
PATTERN,7,2,284.343
PATTERN,5,2,261.156
PATTERN,11,2,300.765
PATTERN,7,2,266.112
PATTERN,13,2,328.431
PATTERN,7,2,267.156
PATTERN,5,2,270.342
PATTERN,7,2,249.267
PATTERN,13,2,328.431
PATTERN,11,2,308.758
PATTERN,7,2,267.415
PATTERN,5,2,294.764
PATTERN,13,2,288.907
PATTERN,11,2,290.274
PATTERN,5,2,271.444
PATTERN,5,4,509.930
PATTERN,13,11,1554.674
PATTERN,13,2,319.389
PATTERN,13,2,308.845
PATTERN,7,2,267.419
PATTERN,7,2,284.576
PATTERN,11,3,411.959
PATTERN,7,2,301.740
PATTERN,5,2,271.105
PATTERN,5,2,274.975
PATTERN,13,2,291.456
PATTERN,7,2,264.800
PATTERN,7,2,274.379
PATTERN,11,2,272.001
PATTERN,7,2,266.720
PATTERN,11,2,274.567
PATTERN,5,4,460.041
PATTERN,11,2,300.318
PATTERN,11,2,328.431
PATTERN,11,2,261.276
PATTERN,11,2,299.787
PATTERN,5,3,412.951
PATTERN,11,2,300.658
PATTERN,11,2,289.426
PATTERN,11,2,307.781
PATTERN,13,2,318.371
PATTERN,13,2,268.734
PATTERN,11,2,261.351
PATTERN,5,2,244.269
PATTERN,5,2,234.406
PATTERN,5,2,279.648
PATTERN,5,2,287.357
PATTERN,5,2,286.757
PATTERN,11,2,290.551
PATTERN,7,2,240.862
PATTERN,11,2,281.758
PATTERN,7,2,292.810
PATTERN,7,2,248.922
PATTERN,5,2,243.069
PATTERN,13,2,279.279
PATTERN,11,2,271.885
PATTERN,5,2,238.704
PATTERN,5,2,196.682
PATTERN,13,2,289.579
PATTERN,5,2,254.149
PATTERN,13,2,288.981
PATTERN,11,5,740.458
PATTERN,11,3,422.897
PATTERN,11,2,319.405
PATTERN,5,2,218.473
PATTERN,11,2,271.266
PATTERN,5,2,244.980
PATTERN,7,2,239.363
PATTERN,7,2,284.968
PATTERN,5,4,533.393
PATTERN,13,2,271.200
PATTERN,11,2,301.028
PATTERN,13,5,714.302
PATTERN,11,2,309.109
PATTERN,5,2,262.464
PATTERN,7,2,276.134
PATTERN,13,2,269.586
PATTERN,11,2,260.473
PATTERN,7,2,258.174
PATTERN,7,2,267.333
PATTERN,5,2,277.951
PATTERN,13,2,298.101
PATTERN,11,2,300.162
PATTERN,11,2,298.476
PATTERN,11,2,253.365
PATTERN,13,2,302.073
PATTERN,13,2,307.769
PATTERN,5,4,480.675
PATTERN,13,2,309.234
PATTERN,5,2,255.551
PATTERN,5,2,244.664
PATTERN,5,2,243.886
PATTERN,11,2,291.900
PATTERN,5,2,278.317
PATTERN,7,2,247.310
PATTERN,13,2,264.816
PATTERN,13,2,291.255
PATTERN,7,4,516.213
PATTERN,7,2,256.805
PATTERN,5,4,480.471
PATTERN,7,2,291.172
PATTERN,5,2,245.954
PATTERN,11,5,679.860
PATTERN,5,2,234.803
PATTERN,11,2,309.623
PATTERN,7,2,259.079
PATTERN,13,3,437.168
PATTERN,11,4,530.292
PATTERN,11,2,281.736
PATTERN,7,2,274.754
PATTERN,13,2,298.092
PATTERN,11,2,289.910
PATTERN,11,2,300.599
PATTERN,5,2,269.694
PATTERN,11,3,459.332
PATTERN,7,2,246.218
PATTERN,13,2,319.506
PATTERN,13,2,309.200
PATTERN,7,2,293.287
PATTERN,11,2,279.687
PATTERN,5,2,270.165
PATTERN,7,2,310.623
PATTERN,13,2,328.431
PATTERN,11,4,574.012
PATTERN,7,2,311.229
PATTERN,5,2,271.012
PATTERN,11,2,280.905
PATTERN,13,4,589.753
PATTERN,7,2,258.505
PATTERN,13,2,309.659
PATTERN,11,2,300.341
HUB,5,2,299.259
HUB,5,2,331.052
HUB,7,2,364.795
HUB,7,2,325.109
HUB,13,2,350.105
HUB,7,5,734.231
HUB,11,3,465.490
HUB,7,2,367.038
HUB,5,2,340.881
HUB,7,2,366.025
HUB,13,2,395.827
HUB,11,2,368.377
HUB,13,2,386.435
HUB,7,2,341.506
HUB,7,2,376.285
HUB,7,2,332.191
HUB,7,2,296.181
HUB,11,2,371.769
HUB,7,2,356.646
HUB,5,2,314.424
HUB,5,2,297.934
HUB,13,2,358.873
HUB,11,2,391.210
HUB,13,2,386.668
HUB,7,2,348.837
HUB,7,2,357.489
HUB,13,2,395.441
HUB,5,3,432.349
HUB,11,2,363.105
HUB,13,2,386.221
HUB,11,3,522.453
HUB,7,2,332.547
HUB,11,2,381.427
HUB,11,2,344.567
HUB,11,3,484.489
HUB,13,2,415.241
HUB,5,2,298.456
HUB,7,2,331.017
HUB,11,2,390.894
HUB,13,4,658.165
HUB,7,2,340.143
HUB,11,10,1512.967
HUB,7,2,340.906
HUB,5,2,356.518
HUB,11,2,373.483
HUB,13,2,364.396
HUB,7,3,464.172
HUB,5,2,364.092
HUB,13,2,377.172
HUB,13,3,498.206
HUB,5,2,332.260
HUB,13,2,396.932
HUB,5,2,289.551
HUB,13,2,358.706
HUB,7,2,367.221
HUB,11,2,380.341
HUB,5,2,305.138
HUB,5,2,331.910
HUB,13,2,397.471
HUB,11,2,389.790
HUB,5,2,314.998
HUB,7,2,358.118
HUB,7,2,385.189
HUB,5,2,313.605
HUB,11,5,785.299
HUB,7,2,297.656
HUB,13,2,396.453
HUB,5,2,348.296
HUB,5,2,282.354
HUB,7,2,332.399
HUB,13,2,378.259
HUB,7,2,357.585
HUB,7,2,323.111
HUB,5,2,291.018
HUB,11,2,390.516
HUB,11,4,674.209
HUB,7,2,306.440
HUB,5,2,321.934
HUB,11,3,485.961
HUB,7,2,314.706
HUB,5,2,248.257
HUB,11,4,617.031
HUB,11,2,372.451
HUB,11,2,362.003
HUB,11,2,400.503
HUB,7,2,331.512
HUB,11,2,345.827
HUB,5,3,459.534
HUB,11,2,343.898
HUB,11,2,370.033
HUB,11,3,482.811
HUB,11,2,363.223
HUB,11,2,362.498
HUB,5,2,313.811
HUB,11,2,390.984
HUB,7,2,349.191
HUB,13,2,405.366
HUB,7,2,305.359
HUB,11,2,389.636
HUB,11,2,381.377
HUB,13,2,397.125
HUB,13,2,359.696
HUB,5,3,466.376
HUB,13,2,387.475
HUB,13,2,356.991
HUB,7,2,367.179
HUB,13,2,383.941
HUB,13,2,386.936
HUB,5,2,316.288
HUB,7,2,331.659
HUB,13,2,367.615
HUB,5,2,323.794
HUB,5,3,466.803
HUB,7,2,340.700
HUB,7,3,464.567
HUB,11,2,371.973
HUB,11,2,353.826
HUB,7,5,705.374
HUB,7,2,323.650
HUB,7,2,339.885
HUB,11,2,390.707
HUB,5,2,314.658
HUB,5,2,262.643
HUB,5,2,332.345
HUB,11,2,372.957
HUB,7,4,609.767
HUB,11,2,391.335
HUB,7,2,368.102
HUB,11,2,336.719
HUB,13,2,367.585
HUB,5,2,323.700
HUB,13,2,376.474
HUB,7,2,339.765
HUB,5,5,709.787
HUB,7,2,350.003
HUB,5,2,315.458
HUB,7,2,321.242
HUB,5,3,448.958
HUB,11,2,352.342
HUB,5,2,324.513
HUB,7,2,314.688
HUB,5,2,323.105
HUB,13,2,396.855
HUB,7,2,331.484
HUB,11,2,354.312
HUB,13,3,515.936
HUB,11,3,513.655
HUB,11,2,358.767
HUB,5,2,288.482
HUB,7,2,350.366
HUB,13,5,836.496
HUB,7,2,306.594
HUB,11,2,380.486
HUB,11,2,342.879
HUB,7,2,304.722
HUB,13,3,496.327
HUB,13,2,365.810
HUB,5,2,306.310
HUB,13,2,395.839
HUB,11,2,399.875
HUB,13,2,374.980
HUB,11,2,350.362
HUB,13,2,377.254
HUB,7,2,297.128
HUB,11,2,391.307
HUB,5,2,340.096
HUB,11,2,390.759
HUB,11,2,371.317
HUB,5,2,306.269
HUB,13,2,394.184
HUB,11,2,370.846
HUB,13,2,385.459
HUB,11,2,381.316
HUB,13,2,395.590
HUB,11,2,352.156
HUB,13,2,406.562
HUB,7,3,439.280
HUB,13,2,378.394
HUB,7,2,339.017
HUB,11,2,354.040
HUB,11,2,371.971
HUB,11,2,400.110
HUB,7,2,349.118
HUB,13,2,376.317
HUB,5,2,316.496
HUB,5,2,322.628
HUB,13,2,377.621
HUB,13,2,368.139
HUB,13,2,415.241
HUB,7,2,332.008
HUB,11,2,354.343
HUB,7,2,330.814
HUB,5,2,298.473
HUB,7,3,464.897
HUB,11,3,519.221
HUB,5,2,341.111
HUB,11,2,371.170
HUB,5,2,323.763
HUB,13,2,396.443
HUB,13,2,386.956
HUB,11,2,351.457
HUB,5,2,290.418
HUB,11,2,381.802
HUB,13,2,385.994
HUB,7,3,498.824
HUB,5,2,264.930
HUB,7,2,348.729
HUB,13,4,661.739
HUB,11,2,380.804
HUB,5,2,305.614
HUB,5,2,332.743
HUB,5,2,305.913
HUB,5,3,417.666
HUB,7,2,367.981
HUB,13,2,357.369
HUB,11,2,359.051
HUB,13,2,396.585
HUB,13,2,357.791
HUB,7,2,358.148
HUB,5,2,300.145
HUB,11,5,815.096
HUB,13,2,405.690
HUB,11,2,342.382
HUB,7,2,357.827
HUB,5,2,323.887
HUB,7,2,341.016
HUB,11,2,364.063
HUB,11,2,409.457
HUB,11,2,351.196
HUB,13,2,395.509
HUB,7,3,464.947
HUB,7,2,348.775
HUB,11,2,360.631
HUB,13,2,376.468
HUB,5,2,305.133
HUB,7,2,366.592
HUB,11,2,348.772
HUB,11,2,388.722
HUB,7,2,350.235
HUB,7,2,357.998
HUB,5,2,306.758
HUB,13,2,395.872
HUB,5,2,291.632
HUB,7,2,324.049
HUB,13,2,375.862
HUB,7,2,350.034
HUB,11,3,540.238
HUB,5,2,313.518
HUB,7,2,349.750
HUB,7,2,287.143
HUB,5,2,341.103
HUB,5,2,315.532
HUB,7,2,322.249
HUB,7,2,331.596
HUB,5,2,280.884
HUB,7,2,331.716
HUB,7,2,339.634
HUB,11,2,352.854
HUB,13,2,387.250
HUB,5,3,415.475
HUB,13,2,384.640
HUB,11,2,371.455
HUB,7,3,492.164
HUB,13,2,393.692
HUB,11,2,389.925
HUB,5,2,272.814
HUB,11,2,350.457
HUB,11,3,474.874
HUB,5,4,560.383
HUB,13,3,518.749
HUB,13,2,397.376
HUB,5,2,297.737
HUB,5,5,642.871
HUB,11,2,361.605
HUB,5,2,357.699
HUB,13,2,358.391
HUB,5,2,312.468
HUB,13,2,348.469
HUB,5,2,279.383
HUB,5,4,634.751
HUB,7,2,320.725
HUB,5,2,304.968
HUB,7,2,332.773
HUB,5,2,314.837
HUB,13,4,708.139
HUB,13,2,384.051
HUB,13,2,405.967
HUB,13,2,375.396
HUB,7,2,348.741
HUB,13,2,396.766
HUB,11,2,390.915
HUB,13,2,404.370
HUB,5,2,315.960
HUB,11,2,372.334
HUB,13,6,928.344
HUB,5,4,562.259
HUB,5,2,340.115
HUB,5,2,331.852
HUB,11,2,400.120
HUB,5,2,312.508
HUB,5,2,332.465
HUB,5,2,296.899
HUB,7,2,358.771
HUB,7,3,500.712
HUB,13,2,376.377
HUB,7,2,359.058
HUB,5,2,287.655
HUB,11,2,373.557
HUB,5,2,348.628
HUB,7,3,463.165
HUB,7,2,367.372
HUB,5,2,233.644
HUB,13,2,377.283
HUB,7,2,341.442
HUB,5,2,322.760
HUB,5,2,314.823
HUB,11,2,372.761
HUB,7,2,358.054
HUB,5,2,280.690
HUB,5,2,324.316
HUB,11,2,390.857
HUB,7,2,331.828
HUB,7,2,329.285
HUB,11,2,379.973
HUB,7,2,303.973
HUB,11,2,380.905
HUB,5,2,323.982
HUB,11,2,352.412
HUB,13,2,394.493
HUB,7,2,322.879
HUB,11,2,369.602
HUB,13,2,404.626
HUB,11,3,512.683
HUB,13,2,355.974
HUB,7,2,313.536
HUB,11,2,390.233
HUB,13,2,395.545
HUB,11,3,494.717
HUB,5,2,324.756
HUB,7,5,741.170
HUB,7,2,314.094
HUB,7,2,339.080
HUB,7,2,322.823
HUB,7,2,315.306
HUB,5,3,465.233
HUB,7,2,367.649
HUB,5,2,281.000
HUB,7,3,499.632
HUB,5,2,288.522
HUB,7,2,324.648
HUB,7,2,356.635
HUB,13,2,377.670
HUB,11,2,399.815
HUB,13,2,385.680
HUB,7,3,470.898
HUB,7,2,350.534
HUB,13,2,406.484
HUB,7,2,314.191
HUB,13,3,534.792
HUB,5,2,306.703
HUB,7,2,349.425
HUB,13,3,518.605
HUB,5,3,456.002
HUB,11,2,360.418
HUB,11,2,372.902
HUB,5,2,274.052
HUB,13,2,396.501
HUB,13,2,388.133
HUB,11,2,363.209
HUB,7,2,314.538
HUB,7,2,359.065
HUB,7,2,366.773
HUB,11,2,371.617
HUB,13,2,405.793
HUB,7,2,322.946
HUB,13,2,386.692
HUB,5,2,315.093
HUB,13,2,396.957
HUB,13,2,415.241
HUB,7,2,304.169
HUB,5,2,288.338
HUB,11,2,390.951
HUB,13,2,405.898
HUB,13,2,366.964
HUB,13,2,406.063
HUB,5,2,289.429
HUB,5,2,265.747
HUB,13,3,565.182
HUB,5,2,307.222
HUB,13,2,405.961
HUB,7,2,367.139
HUB,13,5,828.995
HUB,5,2,306.527
HUB,11,2,361.575
HUB,13,2,396.188
HUB,7,2,358.695
HUB,7,2,324.197
HUB,11,2,390.706
HUB,5,2,323.122
HUB,11,2,399.801
HUB,13,2,378.295
HUB,13,2,395.123
HUB,11,2,380.150
HUB,13,4,706.064
HUB,11,2,380.462
HUB,11,3,550.048
HUB,5,2,339.628
HUB,5,2,257.514
HUB,7,2,340.647
HUB,5,2,338.644
HUB,11,2,380.253
HUB,5,2,315.250
HUB,7,2,376.256
HUB,7,2,322.158
HUB,5,3,424.972
HUB,5,4,586.077
HUB,11,5,784.114
HUB,11,2,400.339
HUB,7,3,473.963
HUB,7,2,332.523
HUB,11,2,390.492
HUB,11,2,342.547
HUB,13,2,404.939
HUB,13,2,387.652
HUB,11,3,509.826
HUB,11,2,361.384
HUB,11,2,409.457
HUB,11,4,654.116
HUB,7,2,305.114
HUB,11,2,371.385
HUB,5,2,314.306
HUB,13,2,377.990
HUB,7,2,340.293
HUB,13,2,378.277
HUB,5,2,297.082
HUB,5,3,450.937
HUB,7,2,349.455
HUB,7,3,466.007
HUB,11,6,932.386
HUB,7,2,305.823
HUB,7,2,340.203
HUB,13,2,394.597
HUB,5,3,377.806
HUB,13,2,373.963
HUB,7,5,757.015
HUB,13,3,517.728
HUB,5,2,322.791
HUB,7,2,341.063
HUB,11,2,372.335
HUB,7,2,342.156
HUB,13,2,415.241
HUB,11,2,343.695
HUB,5,2,331.286
HUB,7,2,339.562
HUB,7,2,341.564
HUB,7,2,358.669
HUB,11,2,390.750
HUB,5,2,282.142
HUB,11,2,391.133
HUB,5,3,413.963
HUB,13,2,367.405
HUB,13,2,386.956
HUB,13,2,376.597
HUB,7,2,358.122
HUB,5,4,592.684
HUB,13,2,349.720
HUB,13,2,387.654
HUB,7,2,287.496
HUB,5,2,332.827
HUB,11,2,362.877
HUB,5,2,273.366
HUB,5,2,329.903
HUB,13,3,554.254
HUB,13,2,386.102
HUB,13,2,385.881
HUB,11,2,362.348
HUB,7,4,616.168
HUB,5,2,339.113
HUB,11,2,351.777
HUB,5,2,341.248
HUB,5,2,260.312
HUB,5,2,315.128
HUB,5,2,308.526
HUB,11,2,371.901
HUB,7,2,332.770
HUB,7,2,339.718
HUB,13,2,385.022
HUB,11,2,382.050
HUB,7,2,323.950
HUB,7,2,331.794
HUB,7,2,340.308
HUB,5,2,272.076
HUB,7,3,473.916
HUB,7,2,324.066
HUB,7,3,490.593
HUB,7,2,331.461
HUB,11,2,381.050
HUB,5,3,473.440
HUB,13,2,377.297
HUB,13,2,386.302
HUB,11,2,354.385
HUB,11,2,371.624
HUB,5,2,331.741
HUB,13,2,386.398
HUB,5,2,315.079
HUB,5,2,307.234
HUB,13,8,1212.430
HUB,7,2,341.930
HUB,13,2,358.933
HUB,5,2,299.550
HUB,13,2,386.198
HUB,11,2,381.270
HUB,5,2,306.277
HUB,11,2,380.337
HUB,7,2,350.238
HUB,11,2,380.280
HUB,11,3,491.754
HUB,7,2,288.817
HUB,5,2,290.459
HUB,13,3,524.887
HUB,7,2,341.909
HUB,13,2,385.309
HUB,13,2,376.451
HUB,7,2,339.916
HUB,5,2,314.385
HUB,13,2,396.892
HUB,5,4,578.204
HUB,13,2,358.378
HUB,7,2,349.066
HUB,5,2,271.573
HUB,7,2,320.896
HUB,5,2,289.703
HUB,13,2,363.886
HUB,5,2,254.403
HUB,7,2,314.800
HUB,11,2,390.874
HUB,13,2,388.001
HUB,7,2,339.774
HUB,13,2,375.959
HUB,5,2,306.811
HUB,11,2,361.570
HUB,7,3,482.738
HUB,11,2,389.607
HUB,5,2,330.332
HUB,5,2,315.683
HUB,7,2,312.220
HUB,7,2,295.958
HUB,5,3,489.096
HUB,7,2,349.589
HUB,5,2,340.082
HUB,5,2,289.836
HUB,7,2,358.890
HUB,11,2,380.201
HUB,13,2,387.143
HUB,5,2,307.693
HUB,5,2,306.138
HUB,7,2,340.075
HUB,11,2,400.195
HUB,11,2,372.052
HUB,13,2,386.777
HUB,7,2,314.022
HUB,13,2,396.837
HUB,13,2,386.709
HUB,7,3,447.852
HUB,13,2,395.711
HUB,7,3,481.259
HUB,11,2,390.270
HUB,7,2,366.443
HUB,11,2,390.598
HUB,5,2,298.292
HUB,11,2,399.510
HUB,5,2,330.652
HUB,7,3,448.246
HUB,7,2,331.102
HUB,5,2,331.887
HUB,13,2,384.961
HUB,13,3,545.463
HUB,7,2,358.075
HUB,11,2,353.230
HUB,5,2,306.468
HUB,5,3,448.591
HUB,5,2,290.229
HUB,13,2,394.619
HUB,11,2,363.119
HUB,13,2,376.190
HUB,5,2,291.120
HUB,11,2,390.846
HUB,11,3,518.479
HUB,7,4,565.094
HUB,11,4,681.560
HUB,11,2,390.582
HUB,5,2,357.020
HUB,13,2,366.602
HUB,13,2,396.345
HUB,11,2,372.863
HUB,7,3,507.784
HUB,7,2,341.430
HUB,5,2,340.051
HUB,11,2,372.702
HUB,13,2,404.223
HUB,7,2,331.795
HUB,11,2,353.156
HUB,5,2,308.143
HUB,7,2,314.082
HUB,13,3,544.223
HUB,5,2,281.608
HUB,13,2,376.264
HUB,13,2,375.789
HUB,7,3,445.532
HUB,11,2,332.659
HUB,13,2,386.364
HUB,5,2,332.790
HUB,11,2,362.372
HUB,7,2,323.299
HUB,13,2,376.030
HUB,5,2,307.003
HUB,11,3,511.530
HUB,5,2,324.151
HUB,7,2,277.930
HUB,13,2,357.963
HUB,5,2,272.140
HUB,7,3,483.120
HUB,7,2,367.043
HUB,7,2,341.388
HUB,7,2,376.325
HUB,13,2,386.965
HUB,13,2,386.312
HUB,5,3,413.830
HUB,7,2,358.930
HUB,11,3,502.534
HUB,7,2,358.686
HUB,5,3,492.036
HUB,13,2,367.880
HUB,13,2,406.031
HUB,11,2,390.926
HUB,5,3,447.294
HUB,11,2,378.534
HUB,11,2,381.012
HUB,7,2,341.603
HUB,7,2,349.621
HUB,11,2,341.054
HUB,13,2,376.759
HUB,5,2,307.592
HUB,13,2,387.330
HUB,7,2,340.061
HUB,11,2,381.317
HUB,11,2,381.779
HUB,11,2,353.861
HUB,7,2,376.119
HUB,13,2,377.298
HUB,11,2,352.182
HUB,13,2,385.462
HUB,5,2,256.874
HUB,13,2,395.095
HUB,11,3,540.789
HUB,11,2,334.682
HUB,11,3,501.295
HUB,11,3,500.281
HUB,13,2,394.996
HUB,13,2,356.400
HUB,7,2,359.531
HUB,7,2,331.896
HUB,7,2,312.342
HUB,7,2,358.353
HUB,5,2,298.097
HUB,5,2,323.597
HUB,13,3,544.947
HUB,5,2,286.978
HUB,13,2,405.766
HUB,11,2,362.125
HUB,5,2,348.625
HUB,5,2,314.913
HUB,5,2,323.206
HUB,13,2,366.615
HUB,13,2,365.366
HUB,7,2,367.431
HUB,11,2,400.506
HUB,5,2,313.994
HUB,5,3,455.802
HUB,5,2,281.681
HUB,5,2,340.669
HUB,7,2,367.342
HUB,11,6,950.175
HUB,11,2,409.457
HUB,13,2,396.529
HUB,11,2,353.476
HUB,11,2,353.601
HUB,5,2,329.259
HUB,5,2,296.407
HUB,13,2,397.438
HUB,5,2,305.234
HUB,7,2,349.217
HUB,7,2,330.546
HUB,7,2,338.977
HUB,5,2,306.701
HUB,5,2,307.465
HUB,11,2,380.326
HUB,13,2,393.448
HUB,13,2,377.059
HUB,11,3,531.017
HUB,5,2,330.716
HUB,7,2,340.366
HUB,7,2,331.951
HUB,7,2,359.180
HUB,13,2,387.074
HUB,5,2,323.898
HUB,11,3,520.552
HUB,13,2,396.146
HUB,11,2,409.457
HUB,11,2,409.457
HUB,7,2,341.235
HUB,11,2,355.002
HUB,5,2,282.805
HUB,13,3,545.162
HUB,5,2,329.744
HUB,11,2,362.713
HUB,11,2,381.679
HUB,11,2,380.866
HUB,11,2,372.486
HUB,13,2,395.956
HUB,7,2,312.872
HUB,5,2,323.073
HUB,11,2,381.451
HUB,13,2,366.697
HUB,7,2,341.353
HUB,5,3,425.580
HUB,11,2,372.121
HUB,7,3,500.208
HUB,7,2,337.899
HUB,5,2,291.027
HUB,11,2,350.274
HUB,11,2,362.687
HUB,13,2,374.738
HUB,11,2,380.942
HUB,5,2,265.277
HUB,7,3,474.207
HUB,11,2,372.400
HUB,5,2,279.881
HUB,7,4,571.803
HUB,5,2,323.936
HUB,7,10,1413.588
HUB,7,2,315.325
HUB,13,2,365.044
HUB,11,2,409.457
HUB,11,4,681.654
HUB,7,2,331.886
HUB,7,2,340.754
HUB,11,2,370.660
HUB,7,2,340.907
HUB,11,2,400.204
HUB,7,3,491.045
HUB,5,2,365.917
HUB,11,2,390.594
HUB,11,2,391.312
HUB,5,2,331.245
HUB,11,2,391.072
HUB,11,2,361.891
HUB,13,2,375.968
HUB,13,2,345.978
HUB,11,2,390.664
HUB,11,2,379.535
HUB,11,2,390.890
HUB,13,2,395.816
HUB,11,2,390.689
HUB,5,2,281.288
HUB,13,2,395.606
HUB,11,5,794.480
HUB,11,2,336.168
HUB,13,2,405.035
HUB,5,2,314.554
HUB,7,2,366.261
HUB,7,2,358.807
HUB,11,2,381.099
HUB,13,3,555.159
HUB,5,2,347.846
HUB,7,2,330.800
HUB,11,2,381.538
HUB,7,2,331.319
HUB,13,2,405.607
HUB,13,3,515.961
HUB,7,2,315.041
HUB,7,3,471.608
HUB,11,8,1239.632
HUB,7,2,350.035
HUB,13,2,405.725
HUB,7,2,358.539
HUB,5,2,333.107
HUB,5,2,313.414
HUB,11,2,352.601
HUB,13,2,345.946
HUB,7,2,349.221
HUB,7,2,348.104
HUB,7,2,367.366
HUB,7,3,482.335
HUB,5,3,491.311
HUB,11,2,390.597
HUB,11,2,362.281
HUB,7,2,339.646
HUB,13,2,404.769
HUB,13,2,387.090
HUB,11,2,371.529
HUB,11,2,390.600
HUB,11,2,353.041
HUB,13,2,405.766
HUB,11,2,361.159
HUB,13,2,386.493
HUB,5,2,340.196
HUB,13,4,690.047
HUB,11,2,390.737
HUB,11,2,381.360
HUB,11,2,379.556
HUB,5,3,456.736
HUB,11,2,372.090
HUB,11,2,390.867
HUB,11,2,342.405
HUB,13,2,386.179
HUB,5,2,305.947
HUB,7,2,304.948
HUB,7,2,331.783
HUB,13,2,385.985
HUB,7,2,332.578
HUB,7,2,358.816
HUB,13,2,349.350
HUB,7,2,333.119
HUB,5,2,288.180
HUB,5,2,313.235
HUB,7,3,492.162
HUB,13,2,406.108
HUB,13,2,385.496
HUB,11,4,666.041
HUB,7,2,322.454
HUB,7,2,321.344
HUB,5,2,306.822
HUB,11,2,362.257
HUB,5,2,298.550
HUB,11,3,512.392
HUB,5,2,340.561
HUB,13,2,375.065
HUB,13,5,826.350
HUB,11,2,381.217
HUB,13,2,387.072
HUB,7,2,359.066
HUB,7,2,375.390
HUB,11,2,389.967
HUB,5,2,298.388
HUB,5,2,332.473
HUB,5,3,404.365
HUB,13,2,386.276
HUB,5,2,315.274
HUB,11,2,361.521
HUB,11,2,389.244
HUB,5,2,315.101
HUB,5,2,313.947
HUB,5,2,348.203
HUB,7,2,332.084
HUB,7,2,350.235
HUB,5,2,311.571
HUB,5,5,683.186
HUB,5,2,278.163
HUB,7,2,340.621
HUB,11,2,360.727
HUB,5,4,551.470
HUB,13,2,415.241
HUB,11,2,342.056
HUB,11,6,885.650
HUB,13,3,525.749
HUB,11,2,351.053
HUB,7,2,323.050
HUB,5,2,299.990
HUB,11,2,345.037
HUB,7,2,320.674
HUB,7,2,348.924
HUB,13,2,368.186
HUB,13,2,395.883
HUB,7,2,332.274
HUB,7,6,898.052
HUB,11,4,633.094
HUB,11,2,388.831
HUB,5,2,299.664
HUB,7,2,349.189
HUB,7,3,508.165
HUB,13,2,360.563
HUB,7,2,349.549
HUB,13,2,384.946
HUB,13,2,375.336
HUB,11,2,382.063
HUB,5,2,349.667
HUB,11,2,390.928
HUB,5,2,308.728
HUB,13,2,375.517
HUB,11,2,361.258
HUB,13,2,365.774
HUB,5,2,306.272
HUB,5,2,314.614
HUB,7,2,323.492
HUB,5,2,323.560
HUB,13,2,365.154
HUB,7,2,359.178
HUB,13,2,364.672
HUB,13,2,405.881
HUB,13,2,415.241
HUB,11,2,371.220
HUB,13,2,384.560
HUB,11,2,353.610
HUB,7,2,324.122
HUB,5,2,280.978
HUB,5,2,324.006
HUB,7,2,340.915
HUB,7,3,472.316
HUB,7,2,341.539
HUB,13,2,367.775
HUB,13,3,461.219
HUB,7,2,367.128
HUB,11,2,371.774
HUB,11,2,362.661
HUB,11,2,353.380
HUB,7,2,358.366
HUB,7,5,716.350
HUB,5,2,338.924
HUB,11,2,361.577
HUB,13,3,574.456
HUB,11,4,664.147
HUB,5,2,349.271
HUB,13,6,939.466
HUB,13,2,375.912
HUB,5,2,324.051
HUB,13,2,396.242
HUB,11,2,360.488
HUB,11,2,371.923
HUB,13,3,526.824
HUB,11,3,531.925
HUB,11,3,532.269
HUB,11,2,390.379
HUB,7,2,330.262
HUB,13,2,395.195
HUB,5,2,305.168
HUB,11,2,400.181
HUB,5,2,315.581
HUB,13,2,397.537
HUB,7,2,323.974
HUB,11,3,511.521
HUB,7,2,321.294
HUB,7,2,313.069
HUB,7,2,332.521
HUB,13,2,376.737
HUB,5,5,597.717
HUB,7,2,311.595
HUB,7,2,357.888
HUB,13,2,377.004
HUB,5,2,315.356
HUB,11,2,354.805
HUB,13,2,385.548
HUB,5,2,322.497
HUB,5,2,322.215
HUB,13,2,386.019
HUB,13,2,396.443
HUB,13,2,376.399
HUB,13,2,375.053
HUB,5,2,315.041
HUB,11,2,371.639
HUB,11,4,660.152
HUB,13,2,396.340
HUB,11,2,371.638
HUB,11,2,371.504
HUB,7,2,384.890
HUB,7,2,306.616
HUB,11,2,361.110
HUB,7,2,331.249
HUB,13,2,385.054
HUB,13,2,396.869
HUB,7,2,323.175
HUB,7,2,376.417
HUB,13,2,415.241
HUB,11,3,484.623
HUB,5,2,298.659
HUB,5,2,291.167
HUB,11,2,380.068
HUB,13,2,415.241
HUB,13,2,397.182
HUB,11,2,381.892
HUB,13,2,394.101
HUB,13,2,396.738
HUB,11,2,372.418
HUB,7,2,333.005
HUB,13,2,396.650
HUB,13,2,405.538
HUB,5,3,464.985
HUB,5,6,777.944
HUB,5,2,274.345
HUB,7,2,302.891
HUB,11,2,354.301
HUB,5,4,568.585
HUB,11,2,351.216
HUB,7,2,350.257
HUB,5,2,314.299
HUB,5,2,332.312
HUB,7,2,350.726
HUB,7,2,331.989
HUB,5,2,274.275
HUB,7,2,331.432
