l,k,A_hub_meas,A_hub_pred,negative,in_band
5,143,-3131.73,-2840.36,1,1
5,64,-1375.32,-1245.35,1,1
5,53,-1107.15,-1024.98,1,1
5,37,-778.38,-701.54,1,1
5,22,-393.19,-400.31,1,1
5,20,-394.92,-359.88,1,1
5,17,-323.94,-299.23,1,1
5,17,-323.86,-299.23,1,1
5,14,-255.72,-240.58,1,1
5,10,-153.94,-159.72,1,1
5,10,-151.69,-159.72,1,1
5,8,-113.28,-119.29,1,1
5,8,-117.87,-119.29,1,1
5,8,-111.20,-119.29,1,1
5,8,-122.39,-119.29,1,1
5,8,-122.14,-119.29,1,1
5,7,-91.43,-101.08,1,1
5,7,-95.05,-101.08,1,1
5,7,-97.42,-101.08,1,1
5,7,-97.54,-101.08,1,1
5,7,-112.53,-101.08,1,1
5,7,-94.88,-101.08,1,1
5,7,-106.75,-101.08,1,1
5,6,-72.19,-80.86,1,1
5,6,-78.18,-80.86,1,1
5,6,-73.18,-80.86,1,1
5,6,-79.63,-80.86,1,1
5,6,-68.99,-80.86,1,1
5,6,-73.66,-80.86,1,1
5,6,-73.67,-80.86,1,1
5,6,-73.33,-80.86,1,1
5,6,-73.37,-80.86,1,1
5,6,-68.49,-80.86,1,1
5,6,-73.55,-80.86,1,1
5,6,-71.21,-80.86,1,1
5,6,-71.29,-80.86,1,1
5,6,-71.75,-80.86,1,1
5,6,-72.63,-80.86,1,1
5,6,-72.67,-80.86,1,1
5,6,-71.79,-80.86,1,1
5,6,-76.83,-80.86,1,1
5,6,-68.40,-80.86,1,1
5,6,-72.36,-80.86,1,1
5,6,-72.42,-80.86,1,1
5,6,-89.77,-80.86,1,1
5,6,-88.01,-80.86,1,1
5,6,-70.10,-80.86,1,1
5,6,-85.28,-80.86,1,1
5,5,-54.44,-60.65,1,1
5,5,-58.20,-60.65,1,1
5,5,-52.63,-60.65,1,1
5,5,-51.94,-60.65,1,1
5,5,-52.69,-60.65,1,1
5,5,-54.66,-60.65,1,1
5,5,-59.10,-60.65,1,1
5,5,-52.88,-60.65,1,1
5,5,-58.88,-60.65,1,1
5,5,-52.02,-60.65,1,1
5,5,-55.24,-60.65,1,1
5,5,-54.86,-60.65,1,1
5,5,-48.52,-60.65,1,1
5,5,-55.20,-60.65,1,1
5,5,-52.00,-60.65,1,1
5,5,-54.33,-60.65,1,1
5,5,-54.85,-60.65,1,1
5,5,-48.49,-60.65,1,0
5,5,-51.58,-60.65,1,1
5,5,-51.55,-60.65,1,1
5,5,-52.51,-60.65,1,1
5,5,-54.77,-60.65,1,1
5,5,-50.41,-60.65,1,1
5,5,-53.82,-60.65,1,1
5,5,-54.64,-60.65,1,1
5,5,-63.71,-60.65,1,1
5,5,-51.94,-60.65,1,1
5,5,-53.57,-60.65,1,1
5,5,-48.78,-60.65,1,1
5,5,-52.31,-60.65,1,1
5,5,-55.67,-60.65,1,1
5,5,-55.58,-60.65,1,1
5,5,-48.50,-60.65,1,0
5,5,-55.69,-60.65,1,1
5,5,-55.55,-60.65,1,1
5,5,-55.30,-60.65,1,1
5,5,-50.85,-60.65,1,1
5,5,-53.15,-60.65,1,1
5,5,-51.34,-60.65,1,1
5,5,-53.09,-60.65,1,1
5,5,-53.13,-60.65,1,1
5,5,-48.47,-60.65,1,0
5,5,-56.19,-60.65,1,1
5,5,-56.04,-60.65,1,1
5,5,-61.66,-60.65,1,1
5,5,-52.46,-60.65,1,1
5,5,-50.00,-60.65,1,1
5,5,-49.13,-60.65,1,1
5,5,-51.11,-60.65,1,1
5,5,-62.12,-60.65,1,1
5,5,-48.24,-60.65,1,0
5,5,-52.62,-60.65,1,1
5,5,-53.88,-60.65,1,1
5,5,-54.03,-60.65,1,1
5,5,-53.50,-60.65,1,1
5,5,-53.51,-60.65,1,1
5,5,-51.75,-60.65,1,1
5,5,-51.70,-60.65,1,1
5,5,-65.83,-60.65,1,1
5,5,-52.66,-60.65,1,1
5,5,-61.68,-60.65,1,1
5,5,-67.06,-60.65,1,1
5,5,-66.64,-60.65,1,1
5,5,-54.46,-60.65,1,1
5,5,-54.96,-60.65,1,1
5,5,-54.68,-60.65,1,1
5,4,-35.18,-40.43,1,1
5,4,-32.33,-40.43,1,0
5,4,-33.19,-40.43,1,1
5,4,-33.77,-40.43,1,1
5,4,-34.30,-40.43,1,1
5,4,-33.35,-40.43,1,1
5,4,-32.01,-40.43,1,0
5,4,-32.48,-40.43,1,1
5,4,-32.32,-40.43,1,0
5,4,-34.41,-40.43,1,1
5,4,-36.40,-40.43,1,1
5,4,-35.55,-40.43,1,1
5,4,-32.63,-40.43,1,1
5,4,-32.53,-40.43,1,1
5,4,-32.06,-40.43,1,0
5,4,-31.68,-40.43,1,0
5,4,-31.77,-40.43,1,0
5,4,-30.87,-40.43,1,0
5,4,-33.68,-40.43,1,1
5,4,-32.64,-40.43,1,1
5,4,-32.12,-40.43,1,0
5,4,-31.89,-40.43,1,0
5,4,-33.65,-40.43,1,1
5,4,-28.36,-40.43,1,0
5,4,-34.39,-40.43,1,1
5,4,-34.46,-40.43,1,1
5,4,-34.55,-40.43,1,1
5,4,-34.49,-40.43,1,1
5,4,-28.74,-40.43,1,0
5,4,-29.37,-40.43,1,0
5,4,-32.82,-40.43,1,1
5,4,-31.87,-40.43,1,0
5,4,-32.41,-40.43,1,1
5,4,-34.56,-40.43,1,1
5,4,-33.32,-40.43,1,1
5,4,-34.93,-40.43,1,1
5,4,-33.35,-40.43,1,1
5,4,-35.09,-40.43,1,1
5,4,-31.15,-40.43,1,0
5,4,-31.11,-40.43,1,0
5,4,-34.58,-40.43,1,1
5,4,-30.92,-40.43,1,0
5,4,-31.48,-40.43,1,0
5,4,-31.10,-40.43,1,0
5,4,-30.12,-40.43,1,0
5,4,-29.17,-40.43,1,0
5,4,-32.53,-40.43,1,1
5,4,-32.49,-40.43,1,1
5,4,-31.83,-40.43,1,0
5,4,-31.72,-40.43,1,0
5,4,-33.53,-40.43,1,1
5,4,-33.34,-40.43,1,1
5,4,-29.47,-40.43,1,0
5,4,-34.99,-40.43,1,1
5,4,-28.82,-40.43,1,0
5,4,-29.62,-40.43,1,0
5,4,-29.58,-40.43,1,0
5,4,-29.62,-40.43,1,0
5,4,-28.43,-40.43,1,0
5,4,-32.49,-40.43,1,1
5,4,-29.93,-40.43,1,0
5,4,-30.18,-40.43,1,0
5,4,-28.85,-40.43,1,0
5,4,-28.56,-40.43,1,0
5,4,-29.51,-40.43,1,0
5,4,-29.43,-40.43,1,0
5,4,-32.60,-40.43,1,1
5,4,-32.62,-40.43,1,1
5,4,-31.45,-40.43,1,0
5,4,-31.36,-40.43,1,0
5,4,-30.14,-40.43,1,0
5,4,-27.69,-40.43,1,0
5,4,-35.01,-40.43,1,1
5,4,-35.44,-40.43,1,1
5,4,-35.22,-40.43,1,1
5,4,-28.49,-40.43,1,0
5,4,-35.54,-40.43,1,1
5,4,-31.46,-40.43,1,0
5,4,-31.79,-40.43,1,0
5,4,-39.60,-40.43,1,1
5,4,-30.37,-40.43,1,0
5,4,-31.91,-40.43,1,0
5,4,-31.95,-40.43,1,0
5,4,-29.69,-40.43,1,0
5,4,-33.66,-40.43,1,1
5,4,-28.93,-40.43,1,0
5,4,-28.91,-40.43,1,0
5,4,-28.70,-40.43,1,0
5,4,-35.93,-40.43,1,1
5,4,-35.78,-40.43,1,1
5,4,-32.27,-40.43,1,0
5,4,-32.17,-40.43,1,0
5,4,-32.21,-40.43,1,0
5,4,-33.18,-40.43,1,1
5,4,-33.16,-40.43,1,1
5,4,-43.02,-40.43,1,1
5,4,-27.95,-40.43,1,0
5,4,-32.41,-40.43,1,1
5,4,-37.32,-40.43,1,1
5,4,-39.92,-40.43,1,1
5,4,-32.98,-40.43,1,1
5,4,-33.07,-40.43,1,1
5,4,-41.30,-40.43,1,1
5,4,-34.89,-40.43,1,1
5,4,-34.61,-40.43,1,1
5,4,-34.54,-40.43,1,1
5,4,-32.01,-40.43,1,0
5,4,-32.96,-40.43,1,1
5,4,-33.11,-40.43,1,1
5,4,-38.49,-40.43,1,1
5,4,-32.47,-40.43,1,1
5,4,-38.70,-40.43,1,1
5,4,-32.76,-40.43,1,1
5,4,-32.92,-40.43,1,1
5,4,-34.67,-40.43,1,1
5,4,-29.04,-40.43,1,0
5,4,-29.02,-40.43,1,0
5,3,-15.08,-22.22,1,0
5,3,-18.79,-22.22,1,1
5,3,-15.56,-22.22,1,0
5,3,-19.23,-22.22,1,1
5,3,-16.96,-22.22,1,0
5,3,-14.25,-22.22,1,0
5,3,-14.28,-22.22,1,0
5,3,-16.28,-22.22,1,0
5,3,-14.96,-22.22,1,0
5,3,-18.87,-22.22,1,1
5,3,-12.15,-22.22,1,0
5,3,-19.94,-22.22,1,1
5,3,-16.06,-22.22,1,0
5,3,-13.99,-22.22,1,0
5,3,-17.89,-22.22,1,1
5,3,-15.88,-22.22,1,0
5,3,-15.07,-22.22,1,0
5,3,-16.53,-22.22,1,0
5,3,-17.65,-22.22,1,0
5,3,-20.13,-22.22,1,1
5,3,-9.86,-22.22,1,0
5,3,-10.38,-22.22,1,0
5,3,-14.46,-22.22,1,0
5,3,-16.66,-22.22,1,0
5,3,-14.23,-22.22,1,0
5,3,-14.12,-22.22,1,0
5,3,-15.48,-22.22,1,0
5,3,-14.65,-22.22,1,0
5,3,-14.60,-22.22,1,0
5,3,-12.02,-22.22,1,0
5,3,-17.07,-22.22,1,0
5,3,-14.69,-22.22,1,0
5,3,-14.07,-22.22,1,0
5,3,-15.52,-22.22,1,0
5,3,-10.18,-22.22,1,0
5,3,-15.79,-22.22,1,0
5,3,-17.05,-22.22,1,0
5,3,-15.39,-22.22,1,0
5,3,-13.40,-22.22,1,0
5,3,-18.50,-22.22,1,1
5,3,-13.65,-22.22,1,0
5,3,-11.32,-22.22,1,0
5,3,-10.15,-22.22,1,0
5,3,-19.84,-22.22,1,1
5,3,-14.98,-22.22,1,0
5,3,-14.70,-22.22,1,0
5,3,-9.53,-22.22,1,0
5,3,-10.07,-22.22,1,0
5,3,-14.21,-22.22,1,0
5,3,-15.40,-22.22,1,0
5,3,-14.24,-22.22,1,0
5,3,-14.70,-22.22,1,0
5,3,-12.35,-22.22,1,0
5,3,-10.29,-22.22,1,0
5,3,-20.92,-22.22,1,1
5,3,-14.52,-22.22,1,0
5,3,-15.02,-22.22,1,0
5,3,-15.38,-22.22,1,0
5,3,-21.04,-22.22,1,1
5,3,-18.62,-22.22,1,1
5,3,-16.71,-22.22,1,0
5,3,-13.99,-22.22,1,0
5,3,-14.01,-22.22,1,0
5,3,-14.53,-22.22,1,0
5,3,-12.75,-22.22,1,0
5,3,-15.61,-22.22,1,0
5,3,-14.96,-22.22,1,0
5,3,-15.91,-22.22,1,0
5,3,-16.18,-22.22,1,0
5,3,-12.18,-22.22,1,0
5,3,-16.11,-22.22,1,0
5,3,-10.46,-22.22,1,0
5,3,-15.31,-22.22,1,0
5,3,-15.66,-22.22,1,0
5,3,-13.69,-22.22,1,0
5,3,-10.07,-22.22,1,0
5,3,-15.49,-22.22,1,0
5,3,-22.33,-22.22,1,1
5,3,-14.91,-22.22,1,0
5,3,-11.20,-22.22,1,0
5,3,-9.18,-22.22,1,0
5,3,-11.62,-22.22,1,0
5,3,-15.26,-22.22,1,0
5,3,-11.18,-22.22,1,0
5,3,-19.73,-22.22,1,1
5,3,-11.85,-22.22,1,0
5,3,-12.68,-22.22,1,0
5,3,-11.96,-22.22,1,0
5,3,-15.21,-22.22,1,0
5,3,-15.12,-22.22,1,0
5,3,-9.11,-22.22,1,0
5,3,-10.72,-22.22,1,0
5,3,-9.90,-22.22,1,0
5,3,-15.40,-22.22,1,0
5,3,-16.76,-22.22,1,0
5,3,-10.08,-22.22,1,0
5,3,-16.63,-22.22,1,0
5,3,-11.83,-22.22,1,0
5,3,-9.52,-22.22,1,0
5,3,-17.33,-22.22,1,0
5,3,-9.71,-22.22,1,0
5,3,-15.89,-22.22,1,0
5,3,-13.85,-22.22,1,0
5,3,-23.09,-22.22,1,1
5,3,-18.03,-22.22,1,1
5,3,-10.72,-22.22,1,0
5,3,-10.75,-22.22,1,0
5,3,-15.40,-22.22,1,0
5,3,-19.00,-22.22,1,1
5,3,-15.03,-22.22,1,0
5,3,-13.76,-22.22,1,0
5,3,-10.44,-22.22,1,0
5,3,-12.10,-22.22,1,0
5,3,-13.83,-22.22,1,0
5,3,-25.17,-22.22,1,1
5,3,-13.57,-22.22,1,0
5,3,-12.63,-22.22,1,0
5,3,-9.99,-22.22,1,0
5,3,-16.28,-22.22,1,0
5,3,-16.30,-22.22,1,0
5,3,-22.10,-22.22,1,1
5,3,-14.61,-22.22,1,0
5,3,-14.65,-22.22,1,0
5,3,-17.61,-22.22,1,0
5,3,-14.75,-22.22,1,0
5,3,-9.98,-22.22,1,0
5,3,-15.21,-22.22,1,0
5,3,-18.90,-22.22,1,1
5,3,-12.22,-22.22,1,0
5,3,-12.25,-22.22,1,0
5,3,-12.18,-22.22,1,0
5,3,-13.09,-22.22,1,0
5,3,-14.97,-22.22,1,0
5,3,-22.95,-22.22,1,1
5,3,-16.82,-22.22,1,0
5,3,-14.78,-22.22,1,0
5,3,-13.74,-22.22,1,0
5,3,-12.03,-22.22,1,0
5,3,-12.47,-22.22,1,0
5,3,-12.92,-22.22,1,0
5,3,-12.05,-22.22,1,0
5,3,-15.44,-22.22,1,0
5,3,-15.32,-22.22,1,0
5,3,-13.23,-22.22,1,0
5,3,-12.42,-22.22,1,0
5,3,-16.34,-22.22,1,0
5,3,-13.07,-22.22,1,0
5,3,-15.19,-22.22,1,0
5,3,-14.36,-22.22,1,0
5,3,-12.26,-22.22,1,0
5,3,-12.02,-22.22,1,0
5,3,-12.07,-22.22,1,0
5,3,-25.54,-22.22,1,1
5,3,-9.69,-22.22,1,0
5,3,-14.17,-22.22,1,0
5,3,-14.25,-22.22,1,0
5,3,-14.46,-22.22,1,0
5,3,-10.52,-22.22,1,0
5,3,-21.41,-22.22,1,1
5,3,-11.88,-22.22,1,0
5,3,-16.34,-22.22,1,0
5,3,-19.09,-22.22,1,1
5,3,-19.05,-22.22,1,1
5,3,-14.15,-22.22,1,0
5,3,-16.91,-22.22,1,0
5,3,-10.80,-22.22,1,0
5,3,-16.97,-22.22,1,0
5,3,-23.86,-22.22,1,1
5,3,-14.96,-22.22,1,0
5,3,-17.08,-22.22,1,0
5,3,-17.00,-22.22,1,0
5,3,-13.24,-22.22,1,0
5,3,-13.21,-22.22,1,0
5,3,-9.38,-22.22,1,0
5,3,-15.36,-22.22,1,0
5,3,-14.31,-22.22,1,0
5,3,-14.39,-22.22,1,0
5,3,-20.54,-22.22,1,1
5,3,-19.86,-22.22,1,1
5,3,-14.65,-22.22,1,0
5,3,-14.04,-22.22,1,0
5,3,-18.76,-22.22,1,1
5,3,-15.99,-22.22,1,0
5,3,-15.91,-22.22,1,0
5,3,-12.46,-22.22,1,0
5,3,-11.66,-22.22,1,0
5,3,-12.95,-22.22,1,0
5,3,-12.95,-22.22,1,0
5,3,-6.86,-22.22,1,0
5,3,-15.57,-22.22,1,0
5,3,-11.94,-22.22,1,0
5,3,-13.77,-22.22,1,0
5,3,-19.22,-22.22,1,1
5,3,-9.34,-22.22,1,0
5,3,-11.59,-22.22,1,0
5,3,-20.37,-22.22,1,1
5,3,-25.64,-22.22,1,1
5,3,-16.15,-22.22,1,0
5,3,-10.53,-22.22,1,0
5,3,-10.68,-22.22,1,0
5,3,-11.58,-22.22,1,0
5,3,-11.57,-22.22,1,0
5,3,-13.61,-22.22,1,0
5,3,-13.61,-22.22,1,0
5,3,-15.31,-22.22,1,0
5,3,-21.05,-22.22,1,1
5,3,-13.20,-22.22,1,0
5,3,-15.11,-22.22,1,0
5,3,-13.06,-22.22,1,0
5,3,-11.37,-22.22,1,0
5,3,-18.74,-22.22,1,1
5,3,-18.65,-22.22,1,1
5,3,-24.45,-22.22,1,1
5,3,-10.47,-22.22,1,0
5,3,-10.78,-22.22,1,0
5,3,-15.28,-22.22,1,0
5,3,-15.13,-22.22,1,0
5,3,-13.41,-22.22,1,0
5,3,-13.34,-22.22,1,0
5,3,-14.52,-22.22,1,0
5,3,-13.62,-22.22,1,0
5,3,-13.60,-22.22,1,0
5,3,-13.35,-22.22,1,0
5,3,-13.30,-22.22,1,0
5,3,-21.67,-22.22,1,1
5,3,-13.65,-22.22,1,0
5,3,-17.43,-22.22,1,0
5,3,-12.73,-22.22,1,0
5,3,-17.30,-22.22,1,0
5,3,-12.87,-22.22,1,0
5,3,-16.96,-22.22,1,0
5,3,-17.15,-22.22,1,0
5,3,-16.95,-22.22,1,0
5,3,-17.13,-22.22,1,0
5,3,-11.46,-22.22,1,0
5,3,-14.14,-22.22,1,0
5,3,-14.22,-22.22,1,0
5,3,-11.76,-22.22,1,0
5,3,-16.85,-22.22,1,0
5,3,-11.51,-22.22,1,0
5,3,-16.77,-22.22,1,0
5,3,-14.14,-22.22,1,0
5,3,-14.09,-22.22,1,0
5,3,-15.18,-22.22,1,0
5,3,-12.85,-22.22,1,0
5,3,-12.93,-22.22,1,0
5,3,-15.04,-22.22,1,0
5,3,-15.10,-22.22,1,0
5,3,-17.97,-22.22,1,1
5,3,-15.44,-22.22,1,0
5,3,-18.20,-22.22,1,1
5,3,-9.49,-22.22,1,0
5,3,-22.14,-22.22,1,1
5,3,-10.08,-22.22,1,0
5,3,-10.13,-22.22,1,0
5,3,-15.83,-22.22,1,0
5,3,-18.59,-22.22,1,1
5,3,-16.25,-22.22,1,0
5,3,-12.68,-22.22,1,0
5,3,-18.42,-22.22,1,1
5,3,-11.88,-22.22,1,0
5,3,-12.01,-22.22,1,0
5,3,-18.86,-22.22,1,1
5,3,-20.86,-22.22,1,1
5,3,-12.39,-22.22,1,0
5,3,-14.50,-22.22,1,0
5,3,-20.23,-22.22,1,1
5,3,-21.28,-22.22,1,1
5,3,-13.62,-22.22,1,0
5,3,-13.67,-22.22,1,0
5,3,-23.79,-22.22,1,1
5,3,-23.96,-22.22,1,1
5,3,-12.02,-22.22,1,0
5,3,-16.89,-22.22,1,0
5,3,-17.02,-22.22,1,0
5,3,-20.10,-22.22,1,1
5,3,-21.62,-22.22,1,1
5,3,-10.30,-22.22,1,0
5,3,-24.06,-22.22,1,1
5,3,-20.35,-22.22,1,1
5,3,-20.61,-22.22,1,1
5,3,-14.22,-22.22,1,0
5,3,-14.26,-22.22,1,0
5,3,-14.26,-22.22,1,0
5,3,-14.29,-22.22,1,0
5,3,-9.40,-22.22,1,0
5,3,-16.00,-22.22,1,0
5,3,-14.59,-22.22,1,0
5,3,-15.89,-22.22,1,0
5,3,-10.40,-22.22,1,0
5,3,-16.98,-22.22,1,0
5,3,-19.65,-22.22,1,1
5,3,-16.65,-22.22,1,0
5,3,-16.49,-22.22,1,0
5,3,-10.30,-22.22,1,0
5,3,-10.28,-22.22,1,0
5,3,-13.00,-22.22,1,0
5,3,-13.10,-22.22,1,0
5,3,-10.08,-22.22,1,0
5,3,-10.07,-22.22,1,0
5,3,-17.47,-22.22,1,0
5,3,-17.57,-22.22,1,0
5,3,-11.24,-22.22,1,0
5,3,-14.17,-22.22,1,0
5,3,-14.11,-22.22,1,0
5,3,-8.98,-22.22,1,0
5,3,-14.17,-22.22,1,0
5,3,-15.80,-22.22,1,0
5,3,-21.87,-22.22,1,1
5,3,-18.03,-22.22,1,1
5,3,-15.42,-22.22,1,0
5,3,-8.98,-22.22,1,0
5,3,-11.37,-22.22,1,0
5,3,-9.78,-22.22,1,0
5,3,-16.80,-22.22,1,0
5,3,-11.82,-22.22,1,0
5,3,-24.09,-22.22,1,1
5,3,-19.37,-22.22,1,1
5,3,-15.54,-22.22,1,0
5,3,-15.50,-22.22,1,0
5,3,-20.63,-22.22,1,1
5,3,-15.57,-22.22,1,0
5,3,-15.63,-22.22,1,0
5,3,-11.85,-22.22,1,0
5,3,-11.78,-22.22,1,0
5,3,-15.56,-22.22,1,0
5,3,-16.38,-22.22,1,0
5,3,-16.51,-22.22,1,0
5,3,-23.53,-22.22,1,1
5,3,-19.02,-22.22,1,1
5,3,-15.78,-22.22,1,0
5,3,-14.50,-22.22,1,0
5,3,-15.88,-22.22,1,0
5,3,-15.66,-22.22,1,0
5,3,-15.73,-22.22,1,0
5,3,-18.69,-22.22,1,1
5,3,-13.91,-22.22,1,0
5,3,-16.74,-22.22,1,0
5,3,-18.50,-22.22,1,1
5,3,-17.02,-22.22,1,0
5,3,-11.52,-22.22,1,0
5,3,-11.53,-22.22,1,0
5,3,-10.13,-22.22,1,0
5,3,-17.14,-22.22,1,0
5,3,-17.01,-22.22,1,0
5,3,-16.69,-22.22,1,0
5,3,-16.75,-22.22,1,0
5,3,-16.87,-22.22,1,0
5,3,-17.00,-22.22,1,0
5,3,-11.34,-22.22,1,0
5,3,-16.82,-22.22,1,0
5,3,-13.43,-22.22,1,0
5,3,-11.90,-22.22,1,0
5,3,-16.60,-22.22,1,0
5,3,-14.79,-22.22,1,0
5,3,-14.71,-22.22,1,0
5,3,-14.76,-22.22,1,0
5,3,-14.71,-22.22,1,0
5,3,-12.52,-22.22,1,0
5,3,-11.22,-22.22,1,0
5,3,-10.43,-22.22,1,0
5,3,-14.06,-22.22,1,0
5,3,-21.18,-22.22,1,1
5,3,-12.92,-22.22,1,0
5,3,-13.98,-22.22,1,0
5,3,-13.15,-22.22,1,0
5,3,-12.73,-22.22,1,0
5,3,-12.90,-22.22,1,0
5,3,-13.98,-22.22,1,0
5,3,-13.17,-22.22,1,0
5,3,-12.82,-22.22,1,0
5,3,-11.44,-22.22,1,0
5,3,-15.89,-22.22,1,0
5,3,-16.17,-22.22,1,0
5,3,-16.76,-22.22,1,0
5,3,-11.09,-22.22,1,0
5,3,-10.78,-22.22,1,0
5,3,-9.76,-22.22,1,0
5,3,-9.49,-22.22,1,0
5,3,-11.92,-22.22,1,0
5,3,-11.76,-22.22,1,0
5,3,-16.10,-22.22,1,0
5,3,-10.28,-22.22,1,0
5,3,-10.29,-22.22,1,0
5,3,-10.43,-22.22,1,0
5,3,-10.79,-22.22,1,0
5,3,-10.69,-22.22,1,0
5,3,-10.40,-22.22,1,0
5,3,-11.18,-22.22,1,0
5,3,-10.45,-22.22,1,0
5,3,-10.43,-22.22,1,0
5,3,-11.26,-22.22,1,0
5,3,-11.78,-22.22,1,0
5,3,-8.90,-22.22,1,0
5,3,-8.91,-22.22,1,0
5,3,-11.88,-22.22,1,0
5,3,-10.06,-22.22,1,0
5,3,-9.77,-22.22,1,0
5,3,-13.98,-22.22,1,0
5,3,-12.23,-22.22,1,0
5,3,-13.29,-22.22,1,0
5,3,-13.46,-22.22,1,0
5,3,-12.01,-22.22,1,0
5,3,-12.48,-22.22,1,0
5,3,-15.36,-22.22,1,0
5,3,-11.88,-22.22,1,0
5,3,-10.67,-22.22,1,0
5,3,-11.98,-22.22,1,0
5,3,-11.92,-22.22,1,0
5,3,-11.92,-22.22,1,0
5,3,-10.68,-22.22,1,0
5,3,-15.27,-22.22,1,0
5,3,-15.02,-22.22,1,0
5,3,-15.03,-22.22,1,0
5,3,-14.60,-22.22,1,0
5,3,-15.16,-22.22,1,0
5,3,-10.48,-22.22,1,0
7,17,-339.38,-299.23,1,1
7,11,-199.51,-179.94,1,1
7,11,-194.18,-179.94,1,1
7,6,-87.57,-80.86,1,1
7,6,-86.28,-80.86,1,1
7,5,-56.19,-60.65,1,1
7,4,-31.78,-40.43,1,0
7,4,-31.37,-40.43,1,0
7,4,-31.30,-40.43,1,0
7,4,-36.07,-40.43,1,1
7,4,-35.94,-40.43,1,1
7,4,-43.07,-40.43,1,1
7,4,-42.88,-40.43,1,1
7,4,-30.14,-40.43,1,0
7,4,-30.10,-40.43,1,0
7,4,-37.57,-40.43,1,1
7,3,-15.52,-22.22,1,0
7,3,-12.99,-22.22,1,0
7,3,-9.94,-22.22,1,0
7,3,-12.79,-22.22,1,0
7,3,-14.77,-22.22,1,0
7,3,-11.62,-22.22,1,0
7,3,-11.67,-22.22,1,0
7,3,-13.87,-22.22,1,0
7,3,-18.84,-22.22,1,1
7,3,-7.31,-22.22,1,0
7,3,-10.20,-22.22,1,0
7,3,-14.35,-22.22,1,0
7,3,-9.91,-22.22,1,0
7,3,-14.10,-22.22,1,0
7,3,-14.06,-22.22,1,0
7,3,-9.10,-22.22,1,0
7,3,-9.27,-22.22,1,0
7,3,-14.20,-22.22,1,0
7,3,-14.76,-22.22,1,0
7,3,-13.02,-22.22,1,0
7,3,-13.13,-22.22,1,0
7,3,-10.06,-22.22,1,0
7,3,-13.18,-22.22,1,0
7,3,-9.66,-22.22,1,0
7,3,-20.13,-22.22,1,1
7,3,-10.96,-22.22,1,0
7,3,-12.81,-22.22,1,0
7,3,-12.81,-22.22,1,0
7,3,-12.06,-22.22,1,0
7,3,-10.75,-22.22,1,0
7,3,-10.67,-22.22,1,0
7,3,-13.56,-22.22,1,0
7,3,-8.87,-22.22,1,0
7,3,-8.95,-22.22,1,0
7,3,-9.50,-22.22,1,0
7,3,-9.55,-22.22,1,0
7,3,-13.60,-22.22,1,0
7,3,-12.85,-22.22,1,0
7,3,-12.83,-22.22,1,0
7,3,-18.53,-22.22,1,1
7,3,-14.18,-22.22,1,0
7,3,-19.91,-22.22,1,1
7,3,-13.72,-22.22,1,0
7,3,-16.28,-22.22,1,0
7,3,-20.04,-22.22,1,1
7,3,-6.30,-22.22,1,0
7,3,-13.75,-22.22,1,0
7,3,-13.95,-22.22,1,0
7,3,-14.21,-22.22,1,0
7,3,-9.20,-22.22,1,0
