cond,class,euler_factors,sealed
169,169.a,null,0
196,196.a,null,0
249,249.a,null,0
256,256.a,null,0
277,277.a,null,0
294,294.a,null,0
295,295.a,null,0
324,324.a,null,0
336,336.a,null,0
349,349.a,null,0
353,353.a,null,0
360,360.a,null,0
363,363.a,null,0
388,388.a,null,0
389,389.a,null,0
394,394.a,null,0
400,400.a,null,0
427,427.a,null,0
448,448.a,null,0
450,450.a,null,0
461,461.a,null,0
464,464.a,null,0
472,472.a,null,0
476,476.a,null,0
484,484.a,null,0
504,504.a,null,0
523,523.a,null,0
529,529.a,null,0
555,555.a,null,0
574,574.a,null,0
576,576.a,null,0
576,576.b,null,0
578,578.a,null,0
587,587.a,null,0
588,588.a,null,0
597,597.a,null,0
600,600.a,null,0
600,600.b,null,0
603,603.a,null,0
604,604.a,null,0
630,630.a,null,0
640,640.a,null,0
644,644.a,null,0
644,644.b,null,0
672,672.a,null,0
676,676.a,null,0
676,676.b,null,0
686,686.a,null,0
688,688.a,null,0
691,691.a,null,0
704,704.a,null,0
708,708.a,null,0
709,709.a,null,0
713,713.a,null,0
713,713.b,null,0
720,720.a,null,0
720,720.b,null,0
726,726.a,null,0
731,731.a,null,0
741,741.a,null,0
743,743.a,null,0
745,745.a,null,0
762,762.a,null,0
763,763.a,null,0
768,768.a,null,0
784,784.a,null,0
784,784.b,null,0
784,784.c,null,0
797,797.a,null,0
800,800.a,null,0
807,807.a,null,0
810,810.a,null,0
816,816.a,null,0
816,816.b,null,0
826,826.a,null,0
830,830.a,null,0
832,832.a,null,0
834,834.a,null,0
841,841.a,null,0
847,847.a,null,0
847,847.b,null,0
847,847.c,null,0
847,847.d,null,0
856,856.a,null,0
862,862.a,null,0
862,862.b,null,0
864,864.a,null,0
880,880.a,null,0
882,882.a,null,0
886,886.a,null,0
893,893.a,null,0
909,909.a,null,0
925,925.a,null,0
930,930.a,null,0
932,932.a,null,0
936,936.a,null,0
953,953.a,null,0
960,960.a,null,0
961,961.a,null,0
966,966.a,null,0
968,968.a,null,0
970,970.a,null,0
971,971.a,null,0
975,975.a,null,0
976,976.a,null,0
980,980.a,null,0
990,990.a,null,0
997,997.a,null,0
997,997.b,null,0
1008,1008.a,null,0
1012,1012.a,null,0
1038,1038.a,null,0
1042,1042.a,null,0
1047,1047.a,null,0
1050,1050.a,null,0
1051,1051.a,null,0
1051,1051.b,null,0
1055,1055.a,null,0
1062,1062.a,null,0
1069,1069.a,null,0
1070,1070.a,null,0
1077,1077.a,null,0
1077,1077.b,null,0
1083,1083.a,null,0
1083,1083.b,null,0
1088,1088.a,null,0
1088,1088.b,null,0
1091,1091.a,null,0
1094,1094.a,null,0
1104,1104.a,null,0
1104,1104.b,null,0
1109,1109.a,null,0
1109,1109.b,null,0
1109,1109.c,null,0
1116,1116.a,null,0
1122,1122.a,null,0
1122,1122.b,null,0
1123,1123.a,null,0
1125,1125.a,null,0
1127,1127.a,null,0
1136,1136.a,null,0
1137,1137.a,null,0
1142,1142.a,null,0
1142,1142.b,null,0
1145,1145.a,null,0
1146,1146.a,null,0
1147,1147.a,null,0
1148,1148.a,null,0
1152,1152.a,null,0
1164,1164.a,null,0
1164,1164.b,null,0
1170,1170.a,null,0
1176,1176.a,null,0
1176,1176.b,null,0
1180,1180.a,null,0
1184,1184.a,null,0
1192,1192.a,null,0
1197,1197.a,null,0
1198,1198.a,null,0
1200,1200.a,null,0
1205,1205.a,null,0
1207,1207.a,null,0
1210,1210.a,null,0
1216,1216.a,null,0
1225,1225.a,null,0
1231,1231.a,null,0
1239,1239.a,null,0
1253,1253.a,null,0
1253,1253.b,null,0
1258,1258.a,null,0
1269,1269.a,null,0
1269,1269.b,null,0
1270,1270.a,null,0
1272,1272.a,null,0
1280,1280.a,null,0
1284,1284.a,null,0
1285,1285.a,null,0
1296,1296.a,null,0
1300,1300.a,null,0
1309,1309.a,null,0
1311,1311.a,null,0
1312,1312.a,null,0
1312,1312.b,null,0
1312,1312.c,null,0
1320,1320.a,null,0
1327,1327.a,null,0
1328,1328.a,null,0
1331,1331.a,null,0
1333,1333.a,null,0
1338,1338.a,null,0
1338,1338.b,null,0
1343,1343.a,null,0
1343,1343.b,null,0
1344,1344.a,null,0
1344,1344.b,null,0
1345,1345.a,null,0
1350,1350.a,null,0
1350,1350.b,null,0
1350,1350.c,null,0
1369,1369.a,null,0
1376,1376.a,null,0
1376,1376.b,null,0
1377,1377.a,null,0
1383,1383.a,null,0
1385,1385.a,null,0
1386,1386.a,null,0
1397,1397.a,null,0
1403,1403.a,null,0
1408,1408.a,null,0
1408,1408.b,null,0
1415,1415.a,null,0
1416,1416.a,null,0
1416,1416.b,null,0
1440,1440.a,null,0
1444,1444.a,null,0
1444,1444.b,null,0
1445,1445.a,null,0
1460,1460.a,null,0
1462,1462.a,null,0
1468,1468.a,null,0
1468,1468.b,null,0
1470,1470.a,null,0
1472,1472.a,null,0
1473,1473.a,null,0
1488,1488.a,null,0
1490,1490.a,null,0
1497,1497.a,null,0
1497,1497.b,null,0
1499,1499.a,null,0
1503,1503.a,null,0
1519,1519.a,null,0
1521,1521.a,null,0
1524,1524.a,null,0
1532,1532.a,null,0
1534,1534.a,null,0
1536,1536.a,null,0
1536,1536.b,null,0
1536,1536.c,null,0
1544,1544.a,null,0
1549,1549.a,null,0
1560,1560.a,null,0
1564,1564.a,null,0
1568,1568.a,null,0
1568,1568.b,null,0
1573,1573.a,null,0
1573,1573.b,null,0
1575,1575.a,null,0
1584,1584.a,null,0
1589,1589.a,null,0
1595,1595.a,null,0
1600,1600.a,null,0
1600,1600.b,null,0
1611,1611.a,null,0
1612,1612.a,null,0
1624,1624.a,null,0
1632,1632.a,null,0
1636,1636.a,null,0
1637,1637.a,null,0
1643,1643.a,null,0
1647,1647.a,null,0
1649,1649.a,null,0
1650,1650.a,null,0
1655,1655.a,null,0
1656,1656.a,null,0
1660,1660.a,null,0
1664,1664.a,null,0
1665,1665.a,null,0
1680,1680.a,null,0
1680,1680.b,null,0
1680,1680.c,null,0
1684,1684.a,null,0
1689,1689.a,null,0
1695,1695.a,null,0
1696,1696.a,null,0
1696,1696.b,null,0
1701,1701.a,null,0
1702,1702.a,null,0
1706,1706.a,null,0
1708,1708.a,null,0
1712,1712.a,null,0
1717,1717.a,null,0
1717,1717.b,null,0
1718,1718.a,null,0
1721,1721.a,null,0
1728,1728.a,null,0
1728,1728.b,null,0
1734,1734.a,null,0
1734,1734.b,null,0
1738,1738.a,null,0
1740,1740.a,null,0
1743,1743.a,null,0
1744,1744.a,null,0
1746,1746.a,null,0
1753,1753.a,null,0
1757,1757.a,null,0
1770,1770.a,null,0
1776,1776.a,null,0
1776,1776.b,null,0
1777,1777.a,null,0
1780,1780.a,null,0
1788,1788.a,null,0
1791,1791.a,null,0
1792,1792.a,null,0
1795,1795.a,null,0
1797,1797.a,null,0
1798,1798.a,null,0
1800,1800.a,null,0
1811,1811.a,null,0
1811,1811.b,null,0
1813,1813.a,null,0
1832,1832.a,null,0
1832,1832.b,null,0
1835,1835.a,null,0
1835,1835.b,null,0
1844,1844.a,null,0
1844,1844.b,null,0
1844,1844.c,null,0
1848,1848.a,null,0
1854,1854.a,null,0
1861,1861.a,null,0
1863,1863.a,null,0
1863,1863.b,null,0
1870,1870.a,null,0
1872,1872.a,null,0
1872,1872.b,null,0
1876,1876.a,null,0
1888,1888.a,null,0
1896,1896.a,null,0
1899,1899.a,null,0
1900,1900.a,null,0
1904,1904.a,null,0
1908,1908.a,null,0
1911,1911.a,null,0
1915,1915.a,null,0
1919,1919.a,null,0
1920,1920.a,null,0
1922,1922.a,null,0
1923,1923.a,null,0
1923,1923.b,null,0
1929,1929.a,null,0
1935,1935.a,null,0
1936,1936.a,null,0
1936,1936.b,null,0
1944,1944.a,null,0
1947,1947.a,null,0
1950,1950.a,null,0
1952,1952.a,null,0
1952,1952.b,null,0
1961,1961.a,null,0
1973,1973.a,null,0
1981,1981.a,null,0
1982,1982.a,null,0
1985,1985.a,null,0
1987,1987.a,null,0
1988,1988.a,null,0
1989,1989.a,null,0
1991,1991.a,null,0
1995,1995.a,null,0
1996,1996.a,null,0
1996,1996.b,null,0
2001,2001.a,null,0
2001,2001.b,null,0
2007,2007.a,null,0
2012,2012.a,null,0
2016,2016.a,null,0
2016,2016.b,null,0
2016,2016.c,null,0
2020,2020.a,null,0
2027,2027.a,null,0
2028,2028.a,null,0
2031,2031.a,null,0
2036,2036.a,null,0
2043,2043.a,null,0
2054,2054.a,null,0
2056,2056.a,null,0
2056,2056.b,null,0
2056,2056.c,null,0
2058,2058.a,null,0
2059,2059.a,null,0
2060,2060.a,null,0
2061,2061.a,null,0
2063,2063.a,null,0
2069,2069.a,null,0
2075,2075.a,null,0
2080,2080.a,null,0
2085,2085.a,null,0
2094,2094.a,null,0
2094,2094.b,null,0
2101,2101.a,null,0
2102,2102.a,null,0
2102,2102.b,null,0
2106,2106.a,null,0
2112,2112.a,null,0
2117,2117.a,null,0
2121,2121.a,null,0
2123,2123.a,null,0
2127,2127.a,null,0
2139,2139.a,null,0
2145,2145.a,null,0
2148,2148.a,null,0
2154,2154.a,null,0
2156,2156.a,null,0
2156,2156.b,null,0
2156,2156.c,null,0
2165,2165.a,null,0
2166,2166.a,null,0
2166,2166.b,null,0
2169,2169.a,null,0
2172,2172.a,null,0
2173,2173.a,null,0
2176,2176.a,null,0
2176,2176.b,null,0
2178,2178.a,null,0
2178,2178.b,null,0
2187,2187.a,null,0
2188,2188.a,null,0
2190,2190.a,null,0
2192,2192.a,null,0
2207,2207.a,null,0
2208,2208.a,null,0
2208,2208.b,null,0
2214,2214.a,null,0
2218,2218.a,null,0
2223,2223.a,null,0
2225,2225.a,null,0
2230,2230.a,null,0
2234,2234.a,null,0
2238,2238.a,null,0
2243,2243.a,null,0
2250,2250.a,null,0
2251,2251.a,null,0
2261,2261.a,null,0
2272,2272.a,null,0
2280,2280.a,null,0
2288,2288.a,null,0
2290,2290.a,null,0
2295,2295.a,null,0
2298,2298.a,null,0
2299,2299.a,null,0
2299,2299.b,null,0
2300,2300.a,null,0
2301,2301.a,null,0
2304,2304.a,null,0
2304,2304.b,null,0
2304,2304.c,null,0
2304,2304.d,null,0
2305,2305.a,null,0
2305,2305.b,null,0
2309,2309.a,null,0
2312,2312.a,null,0
2312,2312.b,null,0
2312,2312.c,null,0
2315,2315.a,null,0
2320,2320.a,null,0
2320,2320.b,null,0
2326,2326.a,null,0
2335,2335.a,null,0
2336,2336.a,null,0
2341,2341.a,null,0
2345,2345.a,null,0
2348,2348.a,null,0
2348,2348.b,null,0
2348,2348.c,null,0
2349,2349.a,null,0
2352,2352.a,null,0
2352,2352.b,null,0
2357,2357.a,null,0
2363,2363.a,null,0
2371,2371.a,null,0
2380,2380.a,null,0
2386,2386.a,null,0
2390,2390.a,null,0
2400,2400.a,null,0
2404,2404.a,null,0
2405,2405.a,null,0
2421,2421.a,null,0
2430,2430.a,null,0
2430,2430.b,null,0
2432,2432.a,null,0
2442,2442.a,null,0
2445,2445.a,null,0
2457,2457.a,null,0
2457,2457.b,null,0
2470,2470.a,null,0
2480,2480.a,null,0
2484,2484.a,null,0
2488,2488.a,null,0
2493,2493.a,null,0
2496,2496.a,null,0
2500,2500.a,null,0
2505,2505.a,null,0
2507,2507.a,null,0
2511,2511.a,null,0
2512,2512.a,null,0
2513,2513.a,null,0
2520,2520.a,null,0
2520,2520.b,null,0
2520,2520.c,null,0
2528,2528.a,null,0
2528,2528.b,null,0
2534,2534.a,null,0
2540,2540.a,null,0
2542,2542.a,null,0
2547,2547.a,null,0
2548,2548.a,null,0
2556,2556.a,null,0
2560,2560.a,null,0
2563,2563.a,null,0
2564,2564.a,null,0
2575,2575.a,null,0
2575,2575.b,null,0
2576,2576.a,null,0
2578,2578.a,null,0
2588,2588.a,null,0
2591,2591.a,null,0
2592,2592.a,null,0
2592,2592.b,null,0
2600,2600.a,null,0
2601,2601.a,null,0
2601,2601.b,null,0
2602,2602.a,null,0
2604,2604.a,null,0
2610,2610.a,null,0
2611,2611.a,null,0
2613,2613.a,null,0
2618,2618.a,null,0
2618,2618.b,null,0
2624,2624.a,null,0
2634,2634.a,null,0
2640,2640.a,null,0
2646,2646.a,null,0
2646,2646.b,null,0
2646,2646.c,null,0
2650,2650.a,null,0
2652,2652.a,null,0
2663,2663.a,null,0
2672,2672.a,null,0
2673,2673.a,null,0
2675,2675.a,null,0
2675,2675.b,null,0
2676,2676.a,null,0
2677,2677.a,null,0
2688,2688.a,null,0
2690,2690.a,null,0
2693,2693.a,null,0
2696,2696.a,null,0
2697,2697.a,null,0
2697,2697.b,null,0
2700,2700.a,null,0
2700,2700.b,null,0
2704,2704.a,null,0
2704,2704.b,null,0
2714,2714.a,null,0
2720,2720.a,null,0
2720,2720.b,null,0
2720,2720.c,null,0
2720,2720.d,null,0
2722,2722.a,null,0
2725,2725.a,null,0
2730,2730.a,null,0
2730,2730.b,null,0
2735,2735.a,null,0
2736,2736.a,null,0
2739,2739.a,null,0
2743,2743.a,null,0
2745,2745.a,null,0
2758,2758.a,null,0
2768,2768.a,null,0
2772,2772.a,null,0
2780,2780.a,null,0
2784,2784.a,null,0
2784,2784.b,null,0
2788,2788.a,null,0
2797,2797.a,null,0
2799,2799.a,null,0
2800,2800.a,null,0
2802,2802.a,null,0
2808,2808.a,null,0
2808,2808.b,null,0
2810,2810.a,null,0
2813,2813.a,null,0
2815,2815.a,null,0
2816,2816.a,null,0
2824,2824.a,null,0
2836,2836.a,null,0
2837,2837.a,null,0
2837,2837.b,null,0
2842,2842.a,null,0
2848,2848.a,null,0
2848,2848.b,null,0
2859,2859.a,null,0
2862,2862.a,null,0
2872,2872.a,null,0
2873,2873.a,null,0
2875,2875.a,null,0
2880,2880.a,null,0
2880,2880.b,null,0
2880,2880.c,null,0
2880,2880.d,null,0
2880,2880.e,null,0
2886,2886.a,null,0
2888,2888.a,null,0
2890,2890.a,null,0
2890,2890.b,null,0
2891,2891.a,null,0
2898,2898.a,null,0
2900,2900.a,null,0
2902,2902.a,null,0
2907,2907.a,null,0
2910,2910.a,null,0
2912,2912.a,null,0
2912,2912.b,null,0
2915,2915.a,null,0
2916,2916.a,null,0
2916,2916.b,null,0
2917,2917.a,null,0
2924,2924.a,null,0
2928,2928.a,null,0
2940,2940.a,null,0
2940,2940.b,null,0
2944,2944.a,null,0
2949,2949.a,null,0
2949,2949.b,null,0
2950,2950.a,null,0
2952,2952.a,null,0
2955,2955.a,null,0
2964,2964.a,null,0
2966,2966.a,null,0
2976,2976.a,null,0
2976,2976.b,null,0
2977,2977.a,null,0
2977,2977.b,null,0
2980,2980.a,null,0
2981,2981.a,null,0
2985,2985.a,null,0
3003,3003.a,null,0
3003,3003.b,null,0
3008,3008.a,null,0
3012,3012.a,null,0
3016,3016.a,null,0
3021,3021.a,null,0
3024,3024.a,null,0
3024,3024.b,null,0
3026,3026.a,null,0
3026,3026.b,null,0
3030,3030.a,null,0
3031,3031.a,null,0
3037,3037.a,null,0
3040,3040.a,null,0
3044,3044.a,null,0
3061,3061.a,null,0
3065,3065.a,null,0
3071,3071.a,null,0
3072,3072.a,null,0
3072,3072.b,null,0
3075,3075.a,null,0
3077,3077.a,null,0
3080,3080.a,null,0
3088,3088.a,null,0
3092,3092.a,null,0
3098,3098.a,null,0
3103,3103.a,null,0
3103,3103.b,null,0
3105,3105.a,null,0
3105,3105.b,null,0
3109,3109.a,null,0
3112,3112.a,null,0
3114,3114.a,null,0
3116,3116.a,null,0
3120,3120.a,null,0
3120,3120.b,null,0
3124,3124.a,null,0
3125,3125.a,null,0
3135,3135.a,null,0
3136,3136.a,null,0
3136,3136.b,null,0
3136,3136.c,null,0
3136,3136.d,null,0
3138,3138.a,null,0
3142,3142.a,null,0
3142,3142.b,null,0
3145,3145.a,null,0
3145,3145.b,null,0
3150,3150.a,null,0
3150,3150.b,null,0
3152,3152.a,null,0
3153,3153.a,null,0
3159,3159.a,null,0
3160,3160.a,null,0
3161,3161.a,null,0
3161,3161.b,null,0
3161,3161.c,null,0
3165,3165.a,null,0
3168,3168.a,null,0
3172,3172.a,null,0
3174,3174.a,null,0
3176,3176.a,null,0
3177,3177.a,null,0
3179,3179.a,null,0
3183,3183.a,null,0
3189,3189.a,null,0
3196,3196.a,null,0
3200,3200.a,null,0
3200,3200.b,null,0
3200,3200.c,null,0
3200,3200.d,null,0
3200,3200.e,null,0
3200,3200.f,null,0
3209,3209.a,null,0
3211,3211.a,null,0
3211,3211.b,null,0
3211,3211.c,null,0
3215,3215.a,null,0
3219,3219.a,null,0
3222,3222.a,null,0
3226,3226.a,null,0
3227,3227.a,null,0
3237,3237.a,null,0
3239,3239.a,null,0
3239,3239.b,null,0
3240,3240.a,null,0
3245,3245.a,null,0
3248,3248.a,null,0
3251,3251.a,null,0
3264,3264.a,null,0
3274,3274.a,null,0
3275,3275.a,null,0
3280,3280.a,null,0
3285,3285.a,null,0
3285,3285.b,null,0
3298,3298.a,null,0
3298,3298.b,null,0
3304,3304.a,null,0
3312,3312.a,null,0
3312,3312.b,null,0
3312,3312.c,null,0
3313,3313.a,null,0
3317,3317.a,null,0
3319,3319.a,null,0
3320,3320.a,null,0
3320,3320.b,null,0
3321,3321.a,null,0
3321,3321.b,null,0
3327,3327.a,null,0
3328,3328.a,null,0
3328,3328.b,null,0
3330,3330.a,null,0
3333,3333.a,null,0
3336,3336.a,null,0
3336,3336.b,null,0
3336,3336.c,null,0
3344,3344.a,null,0
3344,3344.b,null,0
3349,3349.a,null,0
3349,3349.b,null,0
3360,3360.a,null,0
3360,3360.b,null,0
3364,3364.a,null,0
3370,3370.a,null,0
3372,3372.a,null,0
3381,3381.a,null,0
3388,3388.a,null,0
3388,3388.b,null,0
3391,3391.a,null,0
3391,3391.b,null,0
3392,3392.a,null,0
3392,3392.b,null,0
3392,3392.c,null,0
3397,3397.a,null,0
3400,3400.a,null,0
3400,3400.b,null,0
3402,3402.a,null,0
3411,3411.a,null,0
3412,3412.a,null,0
3416,3416.a,null,0
3417,3417.a,null,0
3423,3423.a,null,0
3424,3424.a,null,0
3426,3426.a,null,0
3426,3426.b,null,0
3428,3428.a,null,0
3429,3429.a,null,0
3431,3431.a,null,0
3434,3434.a,null,0
3434,3434.b,null,0
3436,3436.a,null,0
3447,3447.a,null,0
3449,3449.a,null,0
3454,3454.a,null,0
3454,3454.b,null,0
3456,3456.a,null,0
3456,3456.b,null,0
3456,3456.c,null,0
3456,3456.d,null,0
3456,3456.e,null,0
3462,3462.a,null,0
3465,3465.a,null,0
3468,3468.a,null,0
3468,3468.b,null,0
3469,3469.a,null,0
3483,3483.a,null,0
3489,3489.a,null,0
3490,3490.a,null,0
3492,3492.a,null,0
3499,3499.a,null,0
3504,3504.a,null,0
3513,3513.a,null,0
3515,3515.a,null,0
3515,3515.b,null,0
3520,3520.a,null,0
3520,3520.b,null,0
3521,3521.a,null,0
3527,3527.a,null,0
3528,3528.a,null,0
3528,3528.b,null,0
3528,3528.c,null,0
3528,3528.d,null,0
3530,3530.a,null,0
3549,3549.a,null,0
3550,3550.a,null,0
3552,3552.a,null,0
3557,3557.a,null,0
3561,3561.a,null,0
3561,3561.b,null,0
3564,3564.a,null,0
3564,3564.b,null,0
3565,3565.a,null,0
3565,3565.b,null,0
3566,3566.a,null,0
3566,3566.b,null,0
3568,3568.a,null,0
3568,3568.b,null,0
3568,3568.c,null,0
3568,3568.d,null,0
3570,3570.a,null,0
3571,3571.a,null,0
3572,3572.a,null,0
3572,3572.b,null,0
3578,3578.a,null,0
3584,3584.a,null,0
3584,3584.b,null,0
3584,3584.c,null,0
3589,3589.a,null,0
3589,3589.b,null,0
3591,3591.a,null,0
3600,3600.a,null,0
3600,3600.b,null,0
3601,3601.a,null,0
3601,3601.b,null,0
3616,3616.a,null,0
3616,3616.b,null,0
3618,3618.a,null,0
3622,3622.a,null,0
3626,3626.a,null,0
3628,3628.a,null,0
3629,3629.a,null,0
3630,3630.a,null,0
3634,3634.a,null,0
3637,3637.a,null,0
3640,3640.a,null,0
3644,3644.a,null,0
3644,3644.b,null,0
3645,3645.a,null,0
3646,3646.a,null,0
3648,3648.a,null,0
3648,3648.b,null,0
3650,3650.a,null,0
3655,3655.a,null,0
3661,3661.a,null,0
3664,3664.a,null,0
3664,3664.b,null,0
3675,3675.a,null,0
3680,3680.a,null,0
3680,3680.b,null,0
3701,3701.a,null,0
3701,3701.b,null,0
3701,3701.c,null,0
3705,3705.a,null,0
3705,3705.b,null,0
3709,3709.a,null,0
3712,3712.a,null,0
3712,3712.b,null,0
3712,3712.c,null,0
3712,3712.d,null,0
3716,3716.a,null,0
3718,3718.a,null,0
3721,3721.a,null,0
3726,3726.a,null,0
3732,3732.a,null,0
3732,3732.b,null,0
3735,3735.a,null,0
3744,3744.a,null,0
3746,3746.a,null,0
3746,3746.b,null,0
3746,3746.c,null,0
3750,3750.a,null,0
3753,3753.a,null,0
3759,3759.a,null,0
3764,3764.a,null,0
3766,3766.a,null,0
3775,3775.a,null,0
3776,3776.a,null,0
3776,3776.b,null,0
3776,3776.c,null,0
3779,3779.a,null,0
3779,3779.b,null,0
3787,3787.a,null,0
3787,3787.b,null,0
3788,3788.a,null,0
3788,3788.b,null,0
3792,3792.a,null,0
3792,3792.b,null,0
3797,3797.a,null,0
3798,3798.a,null,0
3807,3807.a,null,0
3812,3812.a,null,0
3824,3824.a,null,0
3827,3827.a,null,0
3830,3830.a,null,0
3836,3836.a,null,0
3840,3840.a,null,0
3840,3840.b,null,0
3846,3846.a,null,0
3852,3852.a,null,0
3854,3854.a,null,0
3860,3860.a,null,0
3864,3864.a,null,0
3866,3866.a,null,0
3871,3871.a,null,0
3872,3872.a,null,0
3872,3872.b,null,0
3879,3879.a,null,0
3883,3883.a,null,0
3887,3887.a,null,0
3888,3888.a,null,0
3897,3897.a,null,0
3904,3904.a,null,0
3904,3904.b,null,0
3904,3904.c,null,0
3904,3904.d,null,0
3908,3908.a,null,0
3914,3914.a,null,0
3920,3920.a,null,0
3920,3920.b,null,0
3920,3920.c,null,0
3940,3940.a,null,0
3940,3940.b,null,0
3942,3942.a,null,0
3942,3942.b,null,0
3944,3944.a,null,0
3950,3950.a,null,0
3950,3950.b,null,0
3956,3956.a,null,0
3960,3960.a,null,0
3967,3967.a,null,0
3969,3969.a,null,0
3969,3969.b,null,0
3969,3969.c,null,0
3969,3969.d,null,0
3970,3970.a,null,0
3973,3973.a,null,0
3978,3978.a,null,0
3979,3979.a,null,0
3984,3984.a,null,0
3989,3989.a,null,0
3997,3997.a,null,0
4000,4000.a,null,0
4006,4006.a,null,0
4016,4016.a,null,0
4021,4021.a,null,0
4025,4025.a,null,0
4032,4032.a,null,0
4036,4036.a,null,0
4043,4043.a,null,0
4044,4044.a,null,0
4046,4046.a,null,0
4046,4046.b,null,0
4048,4048.a,null,0
4051,4051.a,null,0
4059,4059.a,null,0
4069,4069.a,null,0
4075,4075.a,null,0
4080,4080.a,null,0
4086,4086.a,null,0
4086,4086.b,null,0
4096,4096.a,null,0
4096,4096.b,null,0
4096,4096.c,null,0
4096,4096.d,null,0
4096,4096.e,null,0
4096,4096.f,null,0
4100,4100.a,null,0
4109,4109.a,null,0
4110,4110.a,null,0
4112,4112.a,null,0
4116,4116.a,null,0
4116,4116.b,null,0
4116,4116.c,null,0
4118,4118.a,null,0
4123,4123.a,null,0
4125,4125.a,null,0
4128,4128.a,null,0
4128,4128.b,null,0
4132,4132.a,null,0
4136,4136.a,null,0
4136,4136.b,null,0
4136,4136.c,null,0
4137,4137.a,null,0
4138,4138.a,null,0
4146,4146.a,null,0
4150,4150.a,null,0
4152,4152.a,null,0
4156,4156.a,null,0
4157,4157.a,null,0
4158,4158.a,null,0
4160,4160.a,null,0
4167,4167.a,null,0
4168,4168.a,null,0
4171,4171.a,null,0
4173,4173.a,null,0
4178,4178.a,null,0
4181,4181.a,null,0
4185,4185.a,null,0
4185,4185.b,null,0
4185,4185.c,null,0
4190,4190.a,null,0
4196,4196.a,null,0
4196,4196.b,null,0
4197,4197.a,null,0
4200,4200.a,null,0
4225,4225.a,null,0
4234,4234.a,null,0
4234,4234.b,null,0
4236,4236.a,null,0
4236,4236.b,null,0
4240,4240.a,null,0
4252,4252.a,null,0
4254,4254.a,null,0
4254,4254.b,null,0
4255,4255.a,null,0
4256,4256.a,null,0
4263,4263.a,null,0
4264,4264.a,null,0
4273,4273.a,null,0
4276,4276.a,null,0
4282,4282.a,null,0
4288,4288.a,null,0
4288,4288.b,null,0
4291,4291.a,null,0
4293,4293.a,null,0
4293,4293.b,null,0
4293,4293.c,null,0
4296,4296.a,null,0
4298,4298.a,null,0
4304,4304.a,null,0
4304,4304.b,null,0
4310,4310.a,null,0
4312,4312.a,null,0
4324,4324.a,null,0
4324,4324.b,null,0
4329,4329.a,null,0
4330,4330.a,null,0
4331,4331.a,null,0
4332,4332.a,null,0
4332,4332.b,null,0
4332,4332.c,null,0
4336,4336.a,null,0
4337,4337.a,null,0
4338,4338.a,null,0
4338,4338.b,null,0
4340,4340.a,null,0
4344,4344.a,null,0
4346,4346.a,null,0
4352,4352.a,null,0
4352,4352.b,null,0
4352,4352.c,null,0
4356,4356.a,null,0
4356,4356.b,null,0
4357,4357.a,null,0
4364,4364.a,null,0
4367,4367.a,null,0
4367,4367.b,null,0
4384,4384.a,null,0
4384,4384.b,null,0
4388,4388.a,null,0
4392,4392.a,null,0
4400,4400.a,null,0
4400,4400.b,null,0
4403,4403.a,null,0
4404,4404.a,null,0
4406,4406.a,null,0
4407,4407.a,null,0
4418,4418.a,null,0
4421,4421.a,null,0
4421,4421.b,null,0
4421,4421.c,null,0
4428,4428.a,null,0
4430,4430.a,null,0
4431,4431.a,null,0
4432,4432.a,null,0
4460,4460.a,null,0
4464,4464.a,null,0
4477,4477.a,null,0
4482,4482.a,null,0
4482,4482.b,null,0
4486,4486.a,null,0
4489,4489.a,null,0
4489,4489.b,null,0
4489,4489.c,null,0
4494,4494.a,null,0
4496,4496.a,null,0
4500,4500.a,null,0
4504,4504.a,null,0
4510,4510.a,null,0
4512,4512.a,null,0
4512,4512.b,null,0
4514,4514.a,null,0
4515,4515.a,null,0
4517,4517.a,null,0
4518,4518.a,null,0
4524,4524.a,null,0
4524,4524.b,null,0
4528,4528.a,null,0
4528,4528.b,null,0
4528,4528.c,null,0
4533,4533.a,null,0
4536,4536.a,null,0
4542,4542.a,null,0
4544,4544.a,null,0
4557,4557.a,null,0
4560,4560.a,null,0
4564,4564.a,null,0
4571,4571.a,null,0
4577,4577.a,null,0
4580,4580.a,null,0
4581,4581.a,null,0
4587,4587.a,null,0
4588,4588.a,null,0
4589,4589.a,null,0
4589,4589.b,null,0
4599,4599.a,null,0
4606,4606.a,null,0
4608,4608.a,null,0
4608,4608.b,null,0
4608,4608.c,null,0
4611,4611.a,null,0
4617,4617.a,null,0
4619,4619.a,null,0
4624,4624.a,null,0
4624,4624.b,null,0
4624,4624.c,null,0
4624,4624.d,null,0
4624,4624.e,null,0
4629,4629.a,null,0
4644,4644.a,null,0
4648,4648.a,null,0
4648,4648.b,null,0
4648,4648.c,null,0
4649,4649.a,null,0
4650,4650.a,null,0
4650,4650.b,null,0
4655,4655.a,null,0
4667,4667.a,null,0
4669,4669.a,null,0
4671,4671.a,null,0
4672,4672.a,null,0
4673,4673.a,null,0
4680,4680.a,null,0
4691,4691.a,null,0
4698,4698.a,null,0
4698,4698.b,null,0
4698,4698.c,null,0
4704,4704.a,null,0
4704,4704.b,null,0
4704,4704.c,null,0
4706,4706.a,null,0
4707,4707.a,null,0
4714,4714.a,null,0
4720,4720.a,null,0
4725,4725.a,null,0
4735,4735.a,null,0
4736,4736.a,null,0
4736,4736.b,null,0
4736,4736.c,null,0
4736,4736.d,null,0
4736,4736.e,null,0
4741,4741.a,null,0
4749,4749.a,null,0
4752,4752.a,null,0
4752,4752.b,null,0
4752,4752.c,null,0
4752,4752.d,null,0
4768,4768.a,null,0
4770,4770.a,null,0
4773,4773.a,null,0
4775,4775.a,null,0
4782,4782.a,null,0
4794,4794.a,null,0
4795,4795.a,null,0
4799,4799.a,null,0
4800,4800.a,null,0
4808,4808.a,null,0
4815,4815.a,null,0
4815,4815.b,null,0
4824,4824.a,null,0
4827,4827.a,null,0
4827,4827.b,null,0
4832,4832.a,null,0
4832,4832.b,null,0
4834,4834.a,null,0
4835,4835.a,null,0
4839,4839.a,null,0
4853,4853.a,null,0
4857,4857.a,null,0
4860,4860.a,null,0
4863,4863.a,null,0
4864,4864.a,null,0
4874,4874.a,null,0
4886,4886.a,null,0
4889,4889.a,null,0
4890,4890.a,null,0
4896,4896.a,null,0
4900,4900.a,null,0
4908,4908.a,null,0
4916,4916.a,null,0
4923,4923.a,null,0
4924,4924.a,null,0
4925,4925.a,null,0
4925,4925.b,null,0
4932,4932.a,null,0
4941,4941.a,null,0
4941,4941.b,null,0
4949,4949.a,null,0
4949,4949.b,null,0
4950,4950.a,null,0
4954,4954.a,null,0
4957,4957.a,null,0
4961,4961.a,null,0
4962,4962.a,null,0
4963,4963.a,null,0
4964,4964.a,null,0
4968,4968.a,null,0
4969,4969.a,null,0
4971,4971.a,null,0
4974,4974.a,null,0
4979,4979.a,null,0
4989,4989.a,null,0
4992,4992.a,null,0
4992,4992.b,null,0
4992,4992.c,null,0
4997,4997.a,null,0
4998,4998.a,null,0
5004,5004.a,null,0
5006,5006.a,null,0
5008,5008.a,null,0
5012,5012.a,null,0
5012,5012.b,null,0
5012,5012.c,null,0
5020,5020.a,null,0
5024,5024.a,null,0
5024,5024.b,null,0
5026,5026.a,null,0
5027,5027.a,null,0
5030,5030.a,null,0
5030,5030.b,null,0
5032,5032.a,null,0
5040,5040.a,null,0
5040,5040.b,null,0
5040,5040.c,null,0
5040,5040.d,null,0
5043,5043.a,null,0
5046,5046.a,null,0
5046,5046.b,null,0
5046,5046.c,null,0
5049,5049.a,null,0
5050,5050.a,null,0
5051,5051.a,null,0
5056,5056.a,null,0
5059,5059.a,null,0
5060,5060.a,null,0
5062,5062.a,null,0
5072,5072.a,null,0
5072,5072.b,null,0
5072,5072.c,null,0
5077,5077.a,null,0
5077,5077.b,null,0
5078,5078.a,null,0
5087,5087.a,null,0
5088,5088.a,null,0
5088,5088.b,null,0
5094,5094.a,null,0
5094,5094.b,null,0
5100,5100.a,null,0
5101,5101.a,null,0
5103,5103.a,null,0
5105,5105.a,null,0
5108,5108.a,null,0
5111,5111.a,null,0
5113,5113.a,null,0
5114,5114.a,null,0
5120,5120.a,null,0
5120,5120.b,null,0
5125,5125.a,null,0
5126,5126.a,null,0
5139,5139.a,null,0
5144,5144.a,null,0
5151,5151.a,null,0
5151,5151.b,null,0
5157,5157.a,null,0
5157,5157.b,null,0
5157,5157.c,null,0
5157,5157.d,null,0
5157,5157.e,null,0
5161,5161.a,null,0
5166,5166.a,null,0
5170,5170.a,null,0
5170,5170.b,null,0
5171,5171.a,null,0
5173,5173.a,null,0
5184,5184.a,null,0
5184,5184.b,null,0
5184,5184.c,null,0
5196,5196.a,null,0
5200,5200.a,null,0
5200,5200.b,null,0
5201,5201.a,null,0
5204,5204.a,null,0
5204,5204.b,null,0
5208,5208.a,null,0
5208,5208.b,null,0
5209,5209.a,null,0
5210,5210.a,null,0
5214,5214.a,null,0
5215,5215.a,null,0
5222,5222.a,null,0
5232,5232.a,null,0
5235,5235.a,null,0
5239,5239.a,null,0
5247,5247.a,null,0
5248,5248.a,null,0
5254,5254.a,null,0
5256,5256.a,null,0
5262,5262.a,null,0
5263,5263.a,null,0
5264,5264.a,null,0
5266,5266.a,null,0
5267,5267.a,null,0
5280,5280.a,null,0
5280,5280.b,null,0
5280,5280.c,null,0
5280,5280.d,null,0
5290,5290.a,null,0
5295,5295.a,null,0
5296,5296.a,null,0
5296,5296.b,null,0
5296,5296.c,null,0
5299,5299.a,null,0
5304,5304.a,null,0
5304,5304.b,null,0
5304,5304.c,null,0
5304,5304.d,null,0
5312,5312.a,null,0
5312,5312.b,null,0
5312,5312.c,null,0
5312,5312.d,null,0
5312,5312.e,null,0
5313,5313.a,null,0
5313,5313.b,null,0
5317,5317.a,null,0
5319,5319.a,null,0
5324,5324.a,null,0
5329,5329.a,null,0
5329,5329.b,null,0
5331,5331.a,null,0
5334,5334.a,null,0
5336,5336.a,null,0
5344,5344.a,null,0
5345,5345.a,null,0
5352,5352.a,null,0
5357,5357.a,null,0
5360,5360.a,null,0
5363,5363.a,null,0
5364,5364.a,null,0
5365,5365.a,null,0
5365,5365.b,null,0
5376,5376.a,null,0
5376,5376.b,null,0
5376,5376.c,null,0
5382,5382.a,null,0
5390,5390.a,null,0
5390,5390.b,null,0
5390,5390.c,null,0
5390,5390.d,null,0
5392,5392.a,null,0
5402,5402.a,null,0
5408,5408.a,null,0
5414,5414.a,null,0
5414,5414.b,null,0
5416,5416.a,null,0
5418,5418.a,null,0
5424,5424.a,null,0
5429,5429.a,null,0
5434,5434.a,null,0
5436,5436.a,null,0
5440,5440.a,null,0
5440,5440.b,null,0
5440,5440.c,null,0
5446,5446.a,null,0
5449,5449.a,null,0
5449,5449.b,null,0
5451,5451.a,null,0
5454,5454.a,null,0
5458,5458.a,null,0
5464,5464.a,null,0
5465,5465.a,null,0
5465,5465.b,null,0
5472,5472.a,null,0
5472,5472.b,null,0
5472,5472.c,null,0
5476,5476.a,null,0
5476,5476.b,null,0
5477,5477.a,null,0
5487,5487.a,null,0
5487,5487.b,null,0
5488,5488.a,null,0
5494,5494.a,null,0
5495,5495.a,null,0
5496,5496.a,null,0
5497,5497.a,null,0
5497,5497.b,null,0
5497,5497.c,null,0
5497,5497.d,null,0
5497,5497.e,null,0
5501,5501.a,null,0
5504,5504.a,null,0
5504,5504.b,null,0
5504,5504.c,null,0
5504,5504.d,null,0
5522,5522.a,null,0
5525,5525.a,null,0
5526,5526.a,null,0
5526,5526.b,null,0
5529,5529.a,null,0
5532,5532.a,null,0
5535,5535.a,null,0
5535,5535.b,null,0
5536,5536.a,null,0
5544,5544.a,null,0
5547,5547.a,null,0
5547,5547.b,null,0
5547,5547.c,null,0
5548,5548.a,null,0
5550,5550.a,null,0
5555,5555.a,null,0
5568,5568.a,null,0
5568,5568.b,null,0
5569,5569.a,null,0
5572,5572.a,null,0
5572,5572.b,null,0
5573,5573.a,null,0
5573,5573.b,null,0
5576,5576.a,null,0
5578,5578.a,null,0
5580,5580.a,null,0
5584,5584.a,null,0
5589,5589.a,null,0
5589,5589.b,null,0
5589,5589.c,null,0
5591,5591.a,null,0
5592,5592.a,null,0
5598,5598.a,null,0
5599,5599.a,null,0
5602,5602.a,null,0
5610,5610.a,null,0
5616,5616.a,null,0
5616,5616.b,null,0
5616,5616.c,null,0
5618,5618.a,null,0
5627,5627.a,null,0
5630,5630.a,null,0
5637,5637.a,null,0
5641,5641.a,null,0
5642,5642.a,null,0
5644,5644.a,null,0
5649,5649.a,null,0
5651,5651.a,null,0
5651,5651.b,null,0
5655,5655.a,null,0
5655,5655.b,null,0
5659,5659.a,null,0
5662,5662.a,null,0
5666,5666.a,null,0
5668,5668.a,null,0
5669,5669.a,null,0
5669,5669.b,null,0
5669,5669.c,null,0
5674,5674.a,null,0
5674,5674.b,null,0
5677,5677.a,null,0
5680,5680.a,null,0
5685,5685.a,null,0
5687,5687.a,null,0
5696,5696.a,null,0
5705,5705.a,null,0
5711,5711.a,null,0
5723,5723.a,null,0
5732,5732.a,null,0
5739,5739.a,null,0
5753,5753.a,null,0
5758,5758.a,null,0
5760,5760.a,null,0
5769,5769.a,null,0
5769,5769.b,null,0
5769,5769.c,null,0
5775,5775.a,null,0
5776,5776.a,null,0
5776,5776.b,null,0
5776,5776.c,null,0
5776,5776.d,null,0
5780,5780.a,null,0
5780,5780.b,null,0
5788,5788.a,null,0
5798,5798.a,null,0
5798,5798.b,null,0
5800,5800.a,null,0
5803,5803.a,null,0
5808,5808.a,null,0
5815,5815.a,null,0
5819,5819.a,null,0
5827,5827.a,null,0
5832,5832.a,null,0
5834,5834.a,null,0
5835,5835.a,null,0
5835,5835.b,null,0
5835,5835.c,null,0
5837,5837.a,null,0
5840,5840.a,null,0
5849,5849.a,null,0
5854,5854.a,null,0
5856,5856.a,null,0
5856,5856.b,null,0
5863,5863.a,null,0
5864,5864.a,null,0
5864,5864.b,null,0
5864,5864.c,null,0
5864,5864.d,null,0
5865,5865.a,null,0
5865,5865.b,null,0
5867,5867.a,null,0
5868,5868.a,null,0
5871,5871.a,null,0
5880,5880.a,null,0
5888,5888.a,null,0
5888,5888.b,null,0
5888,5888.c,null,0
5893,5893.a,null,0
5898,5898.a,null,0
5904,5904.a,null,0
5911,5911.a,null,0
5911,5911.b,null,0
5915,5915.a,null,0
5922,5922.a,null,0
5928,5928.a,null,0
5929,5929.a,null,0
5929,5929.b,null,0
5930,5930.a,null,0
5933,5933.a,null,0
5936,5936.a,null,0
5936,5936.b,null,0
5939,5939.a,null,0
5952,5952.a,null,0
5952,5952.b,null,0
5952,5952.c,null,0
5957,5957.a,null,0
5964,5964.a,null,0
5968,5968.a,null,0
5971,5971.a,null,0
5976,5976.a,null,0
5992,5992.a,null,0
5992,5992.b,null,0
5994,5994.a,null,0
5998,5998.a,null,0
6000,6000.a,null,0
6003,6003.a,null,0
6005,6005.a,null,0
6008,6008.a,null,0
6013,6013.a,null,0
6018,6018.a,null,0
6019,6019.a,null,0
6022,6022.a,null,0
6032,6032.a,null,0
6034,6034.a,null,0
6048,6048.a,null,0
6050,6050.a,null,0
6052,6052.a,null,0
6074,6074.a,null,0
6074,6074.b,null,0
6075,6075.a,null,0
6075,6075.b,null,0
6075,6075.c,null,0
6075,6075.d,null,0
6076,6076.a,null,0
6076,6076.b,null,0
6080,6080.a,null,0
6081,6081.a,null,0
6081,6081.b,null,0
6084,6084.a,null,0
6088,6088.a,null,0
6088,6088.b,null,0
6090,6090.a,null,0
6093,6093.a,null,0
6093,6093.b,null,0
6096,6096.a,null,0
6096,6096.b,null,0
6096,6096.c,null,0
6099,6099.a,null,0
6105,6105.a,null,0
6106,6106.a,null,0
6107,6107.a,null,0
6108,6108.a,null,0
6117,6117.a,null,0
6117,6117.b,null,0
6120,6120.a,null,0
6120,6120.b,null,0
6120,6120.c,null,0
6124,6124.a,null,0
6125,6125.a,null,0
6129,6129.a,null,0
6135,6135.a,null,0
6136,6136.a,null,0
6140,6140.a,null,0
6142,6142.a,null,0
6144,6144.a,null,0
6152,6152.a,null,0
6153,6153.a,null,0
6160,6160.a,null,0
6160,6160.b,null,0
6163,6163.a,null,0
6166,6166.a,null,0
6167,6167.a,null,0
6169,6169.a,null,0
6172,6172.a,null,0
6173,6173.a,null,0
6174,6174.a,null,0
6176,6176.a,null,0
6192,6192.a,null,0
6199,6199.a,null,0
6201,6201.a,null,0
6203,6203.a,null,0
6203,6203.b,null,0
6203,6203.c,null,0
6203,6203.d,null,0
6203,6203.e,null,0
6203,6203.f,null,0
6208,6208.a,null,0
6210,6210.a,null,0
6210,6210.b,null,0
6210,6210.c,null,0
6216,6216.a,null,0
6217,6217.a,null,0
6220,6220.a,null,0
6224,6224.a,null,0
6224,6224.b,null,0
6228,6228.a,null,0
6229,6229.a,null,0
6232,6232.a,null,0
6234,6234.a,null,0
6235,6235.a,null,0
6249,6249.a,null,0
6256,6256.a,null,0
6258,6258.a,null,0
6262,6262.a,null,0
6265,6265.a,null,0
6267,6267.a,null,0
6270,6270.a,null,0
6272,6272.a,null,0
6272,6272.b,null,0
6272,6272.c,null,0
6273,6273.a,null,0
6279,6279.a,null,0
6281,6281.a,null,0
6282,6282.a,null,0
6284,6284.a,null,0
6285,6285.a,null,0
6288,6288.a,null,0
6288,6288.b,null,0
6291,6291.a,null,0
6291,6291.b,null,0
6291,6291.c,null,0
6291,6291.d,null,0
6291,6291.e,null,0
6291,6291.f,null,0
6294,6294.a,null,0
6304,6304.a,null,0
6307,6307.a,null,0
6308,6308.a,null,0
6309,6309.a,null,0
6312,6312.a,null,0
6313,6313.a,null,0
6314,6314.a,null,0
6319,6319.a,null,0
6321,6321.a,null,0
6322,6322.a,null,0
6327,6327.a,null,0
6334,6334.a,null,0
6336,6336.a,null,0
6336,6336.b,null,0
6336,6336.c,null,0
6342,6342.a,null,0
6343,6343.a,null,0
6348,6348.a,null,0
6348,6348.b,null,0
6351,6351.a,null,0
6352,6352.a,null,0
6352,6352.b,null,0
6358,6358.a,null,0
6369,6369.a,null,0
6369,6369.b,null,0
6374,6374.a,null,0
6375,6375.a,null,0
6376,6376.a,null,0
6399,6399.a,null,0
6400,6400.a,null,0
6400,6400.b,null,0
6400,6400.c,null,0
6400,6400.d,null,0
6400,6400.e,null,0
6400,6400.f,null,0
6400,6400.g,null,0
6400,6400.h,null,0
6400,6400.i,null,0
6400,6400.j,null,0
6400,6400.k,null,0
6404,6404.a,null,0
6420,6420.a,null,0
6423,6423.a,null,0
6426,6426.a,null,0
6429,6429.a,null,0
6437,6437.a,null,0
6441,6441.a,null,0
6441,6441.b,null,0
6443,6443.a,null,0
6448,6448.a,null,0
6452,6452.a,null,0
6454,6454.a,null,0
6454,6454.b,null,0
6463,6463.a,null,0
6464,6464.a,null,0
6472,6472.a,null,0
6474,6474.a,null,0
6480,6480.a,null,0
6490,6490.a,null,0
6491,6491.a,null,0
6496,6496.a,null,0
6498,6498.a,null,0
6498,6498.b,null,0
6506,6506.a,null,0
6509,6509.a,null,0
6511,6511.a,null,0
6512,6512.a,null,0
6512,6512.b,null,0
6512,6512.c,null,0
6516,6516.a,null,0
6520,6520.a,null,0
6524,6524.a,null,0
6534,6534.a,null,0
6534,6534.b,null,0
6540,6540.a,null,0
6544,6544.a,null,0
6544,6544.b,null,0
6549,6549.a,null,0
6560,6560.a,null,0
6560,6560.b,null,0
6566,6566.a,null,0
6570,6570.a,null,0
6571,6571.a,null,0
6574,6574.a,null,0
6575,6575.a,null,0
6579,6579.a,null,0
6582,6582.a,null,0
6588,6588.a,null,0
6592,6592.a,null,0
6602,6602.a,null,0
6608,6608.a,null,0
6613,6613.a,null,0
6615,6615.a,null,0
6615,6615.b,null,0
6621,6621.a,null,0
6624,6624.a,null,0
6624,6624.b,null,0
6625,6625.a,null,0
6625,6625.b,null,0
6625,6625.c,null,0
6628,6628.a,null,0
6631,6631.a,null,0
6631,6631.b,null,0
6640,6640.a,null,0
6652,6652.a,null,0
6656,6656.a,null,0
6656,6656.b,null,0
6658,6658.a,null,0
6664,6664.a,null,0
6672,6672.a,null,0
6672,6672.b,null,0
6672,6672.c,null,0
6675,6675.a,null,0
6677,6677.a,null,0
6688,6688.a,null,0
6688,6688.b,null,0
6688,6688.c,null,0
6688,6688.d,null,0
6698,6698.a,null,0
6698,6698.b,null,0
6702,6702.a,null,0
6704,6704.a,null,0
6713,6713.a,null,0
6718,6718.a,null,0
6728,6728.a,null,0
6728,6728.b,null,0
6735,6735.a,null,0
6736,6736.a,null,0
6736,6736.b,null,0
6743,6743.a,null,0
6759,6759.a,null,0
6761,6761.a,null,0
6763,6763.a,null,0
6768,6768.a,null,0
6768,6768.b,null,0
6782,6782.a,null,0
6783,6783.a,null,0
6784,6784.a,null,0
6784,6784.b,null,0
6784,6784.c,null,0
6784,6784.d,null,0
6784,6784.e,null,0
6785,6785.a,null,0
6786,6786.a,null,0
6792,6792.a,null,0
6795,6795.a,null,0
6797,6797.a,null,0
6800,6800.a,null,0
6804,6804.a,null,0
6807,6807.a,null,0
6807,6807.b,null,0
6810,6810.a,null,0
6811,6811.a,null,0
6813,6813.a,null,0
6813,6813.b,null,0
6813,6813.c,null,0
6814,6814.a,null,0
6814,6814.b,null,0
6816,6816.a,null,0
6816,6816.b,null,0
6825,6825.a,null,0
6826,6826.a,null,0
6827,6827.a,null,0
6831,6831.a,null,0
6838,6838.a,null,0
6843,6843.a,null,0
6843,6843.b,null,0
6843,6843.c,null,0
6845,6845.a,null,0
6845,6845.b,null,0
6845,6845.c,null,0
6860,6860.a,null,0
6860,6860.b,null,0
6868,6868.a,null,0
6868,6868.b,null,0
6869,6869.a,null,0
6877,6877.a,null,0
6877,6877.b,null,0
6880,6880.a,null,0
6880,6880.b,null,0
6884,6884.a,null,0
6885,6885.a,null,0
6887,6887.a,null,0
6891,6891.a,null,0
6896,6896.a,null,0
6896,6896.b,null,0
6898,6898.a,null,0
6904,6904.a,null,0
6904,6904.b,null,0
6909,6909.a,null,0
6912,6912.a,null,0
6912,6912.b,null,0
6912,6912.c,null,0
6912,6912.d,null,0
6912,6912.e,null,0
6912,6912.f,null,0
6919,6919.a,null,0
6920,6920.a,null,0
6924,6924.a,null,0
6928,6928.a,null,0
6928,6928.b,null,0
6928,6928.c,null,0
6933,6933.a,null,0
6935,6935.a,null,0
6940,6940.a,null,0
6940,6940.b,null,0
6944,6944.a,null,0
6945,6945.a,null,0
6947,6947.a,null,0
6950,6950.a,null,0
6950,6950.b,null,0
6950,6950.c,null,0
6952,6952.a,null,0
6964,6964.a,null,0
6964,6964.b,null,0
6971,6971.a,null,0
6972,6972.a,null,0
6976,6976.a,null,0
6982,6982.a,null,0
6997,6997.a,null,0
7002,7002.a,null,0
7004,7004.a,null,0
7012,7012.a,null,0
7013,7013.a,null,0
7015,7015.a,null,0
7018,7018.a,null,0
7019,7019.a,null,0
7023,7023.a,null,0
7023,7023.b,null,0
7029,7029.a,null,0
7035,7035.a,null,0
7035,7035.b,null,0
7037,7037.a,null,0
7038,7038.a,null,0
7042,7042.a,null,0
7052,7052.a,null,0
7070,7070.a,null,0
7074,7074.a,null,0
7080,7080.a,null,0
7084,7084.a,null,0
7096,7096.a,null,0
7100,7100.a,null,0
7101,7101.a,null,0
7103,7103.a,null,0
7106,7106.a,null,0
7109,7109.a,null,0
7112,7112.a,null,0
7120,7120.a,null,0
7120,7120.b,null,0
7122,7122.a,null,0
7126,7126.a,null,0
7128,7128.a,null,0
7136,7136.a,null,0
7136,7136.b,null,0
7139,7139.a,null,0
7140,7140.a,null,0
7147,7147.a,null,0
7148,7148.a,null,0
7148,7148.b,null,0
7161,7161.a,null,0
7161,7161.b,null,0
7161,7161.c,null,0
7165,7165.a,null,0
7168,7168.a,null,0
7168,7168.b,null,0
7168,7168.c,null,0
7168,7168.d,null,0
7173,7173.a,null,0
7173,7173.b,null,0
7175,7175.a,null,0
7180,7180.a,null,0
7185,7185.a,null,0
7188,7188.a,null,0
7188,7188.b,null,0
7189,7189.a,null,0
7190,7190.a,null,0
7198,7198.a,null,0
7200,7200.a,null,0
7200,7200.b,null,0
7200,7200.c,null,0
7200,7200.d,null,0
7204,7204.a,null,0
7205,7205.a,null,0
7209,7209.a,null,0
7209,7209.b,null,0
7211,7211.a,null,0
7220,7220.a,null,0
7220,7220.b,null,0
7221,7221.a,null,0
7225,7225.a,null,0
7225,7225.b,null,0
7227,7227.a,null,0
7232,7232.a,null,0
7232,7232.b,null,0
7235,7235.a,null,0
7258,7258.a,null,0
7263,7263.a,null,0
7268,7268.a,null,0
7270,7270.a,null,0
7275,7275.a,null,0
7275,7275.b,null,0
7280,7280.a,null,0
7280,7280.b,null,0
7290,7290.a,null,0
7290,7290.b,null,0
7292,7292.a,null,0
7296,7296.a,null,0
7296,7296.b,null,0
7296,7296.c,null,0
7296,7296.d,null,0
7299,7299.a,null,0
7299,7299.b,null,0
7300,7300.a,null,0
7301,7301.a,null,0
7304,7304.a,null,0
7316,7316.a,null,0
7317,7317.a,null,0
7322,7322.a,null,0
7328,7328.a,null,0
7328,7328.b,null,0
7328,7328.c,null,0
7330,7330.a,null,0
7330,7330.b,null,0
7332,7332.a,null,0
7334,7334.a,null,0
7351,7351.a,null,0
7359,7359.a,null,0
7359,7359.b,null,0
7360,7360.a,null,0
7376,7376.a,null,0
7376,7376.b,null,0
7383,7383.a,null,0
7383,7383.b,null,0
7384,7384.a,null,0
7389,7389.a,null,0
7396,7396.a,null,0
7398,7398.a,null,0
7403,7403.a,null,0
7404,7404.a,null,0
7407,7407.a,null,0
7408,7408.a,null,0
7419,7419.a,null,0
7422,7422.a,null,0
7424,7424.a,null,0
7424,7424.b,null,0
7424,7424.c,null,0
7424,7424.d,null,0
7427,7427.a,null,0
7428,7428.a,null,0
7432,7432.a,null,0
7432,7432.b,null,0
7436,7436.a,null,0
7436,7436.b,null,0
7436,7436.c,null,0
7440,7440.a,null,0
7440,7440.b,null,0
7440,7440.c,null,0
7440,7440.d,null,0
7440,7440.e,null,0
7442,7442.a,null,0
7445,7445.a,null,0
7446,7446.a,null,0
7446,7446.b,null,0
7447,7447.a,null,0
7448,7448.a,null,0
7451,7451.a,null,0
7452,7452.a,null,0
7452,7452.b,null,0
7456,7456.a,null,0
7456,7456.b,null,0
7456,7456.c,null,0
7463,7463.a,null,0
7464,7464.a,null,0
7468,7468.a,null,0
7484,7484.a,null,0
7488,7488.a,null,0
7488,7488.b,null,0
7488,7488.c,null,0
7488,7488.d,null,0
7488,7488.e,null,0
7489,7489.a,null,0
7490,7490.a,null,0
7496,7496.a,null,0
7497,7497.a,null,0
7504,7504.a,null,0
7508,7508.a,null,0
7514,7514.a,null,0
7516,7516.a,null,0
7521,7521.a,null,0
7529,7529.a,null,0
7531,7531.a,null,0
7533,7533.a,null,0
7542,7542.a,null,0
7545,7545.a,null,0
7546,7546.a,null,0
7549,7549.a,null,0
7551,7551.a,null,0
7552,7552.a,null,0
7552,7552.b,null,0
7552,7552.c,null,0
7558,7558.a,null,0
7562,7562.a,null,0
7565,7565.a,null,0
7568,7568.a,null,0
7569,7569.a,null,0
7575,7575.a,null,0
7575,7575.b,null,0
7578,7578.a,null,0
7578,7578.b,null,0
7581,7581.a,null,0
7590,7590.a,null,0
7594,7594.a,null,0
7594,7594.b,null,0
7594,7594.c,null,0
7600,7600.a,null,0
7604,7604.a,null,0
7609,7609.a,null,0
7613,7613.a,null,0
7616,7616.a,null,0
7616,7616.b,null,0
7620,7620.a,null,0
7625,7625.a,null,0
7627,7627.a,null,0
7629,7629.a,null,0
7629,7629.b,null,0
7632,7632.a,null,0
7641,7641.a,null,0
7643,7643.a,null,0
7650,7650.a,null,0
7650,7650.b,null,0
7655,7655.a,null,0
7657,7657.a,null,0
7657,7657.b,null,0
7660,7660.a,null,0
7661,7661.a,null,0
7662,7662.a,null,0
7662,7662.b,null,0
7662,7662.c,null,0
7668,7668.a,null,0
7669,7669.a,null,0
7672,7672.a,null,0
7675,7675.a,null,0
7675,7675.b,null,0
7676,7676.a,null,0
7680,7680.a,null,0
7680,7680.b,null,0
7680,7680.c,null,0
7680,7680.d,null,0
7680,7680.e,null,0
7684,7684.a,null,0
7692,7692.a,null,0
7693,7693.a,null,0
7697,7697.a,null,0
7705,7705.a,null,0
7707,7707.a,null,0
7709,7709.a,null,0
7712,7712.a,null,0
7717,7717.a,null,0
7728,7728.a,null,0
7728,7728.b,null,0
7732,7732.a,null,0
7744,7744.a,null,0
7744,7744.b,null,0
7748,7748.a,null,0
7755,7755.a,null,0
7760,7760.a,null,0
7763,7763.a,null,0
7772,7772.a,null,0
7776,7776.a,null,0
7788,7788.a,null,0
7792,7792.a,null,0
7801,7801.a,null,0
7803,7803.a,null,0
7803,7803.b,null,0
7805,7805.a,null,0
7808,7808.a,null,0
7808,7808.b,null,0
7808,7808.c,null,0
7808,7808.d,null,0
7808,7808.e,null,0
7808,7808.f,null,0
7810,7810.a,null,0
7821,7821.a,null,0
7821,7821.b,null,0
7822,7822.a,null,0
7823,7823.a,null,0
7830,7830.a,null,0
7830,7830.b,null,0
7831,7831.a,null,0
7836,7836.a,null,0
7839,7839.a,null,0
7840,7840.a,null,0
7840,7840.b,null,0
7843,7843.a,null,0
7844,7844.a,null,0
7848,7848.a,null,0
7850,7850.a,null,0
7852,7852.a,null,0
7856,7856.a,null,0
7857,7857.a,null,0
7860,7860.a,null,0
7862,7862.a,null,0
7863,7863.a,null,0
7865,7865.a,null,0
7870,7870.a,null,0
7872,7872.a,null,0
7877,7877.a,null,0
7877,7877.b,null,0
7877,7877.c,null,0
7877,7877.d,null,0
7884,7884.a,null,0
7884,7884.b,null,0
7884,7884.c,null,0
7889,7889.a,null,0
7889,7889.b,null,0
7913,7913.a,null,0
7917,7917.a,null,0
7920,7920.a,null,0
7920,7920.b,null,0
7927,7927.a,null,0
7927,7927.b,null,0
7936,7936.a,null,0
7936,7936.b,null,0
7936,7936.c,null,0
7942,7942.a,null,0
7944,7944.a,null,0
7944,7944.b,null,0
7945,7945.a,null,0
7945,7945.b,null,0
7945,7945.c,null,0
7948,7948.a,null,0
7952,7952.a,null,0
7967,7967.a,null,0
7972,7972.a,null,0
7975,7975.a,null,0
7976,7976.a,null,0
7977,7977.a,null,0
7984,7984.a,null,0
7984,7984.b,null,0
7988,7988.a,null,0
7989,7989.a,null,0
7998,7998.a,null,0
8000,8000.a,null,0
8004,8004.a,null,0
8012,8012.a,null,0
8015,8015.a,null,0
8016,8016.a,null,0
8019,8019.a,null,0
8019,8019.b,null,0
8020,8020.a,null,0
8021,8021.a,null,0
8022,8022.a,null,0
8022,8022.b,null,0
8024,8024.a,null,0
8024,8024.b,null,0
8032,8032.a,null,0
8034,8034.a,null,0
8036,8036.a,null,0
8036,8036.b,null,0
8037,8037.a,null,0
8045,8045.a,null,0
8047,8047.a,null,0
8048,8048.a,null,0
8048,8048.b,null,0
8048,8048.c,null,0
8064,8064.a,null,0
8064,8064.b,null,0
8066,8066.a,null,0
8068,8068.a,null,0
8073,8073.a,null,0
8077,8077.a,null,0
8080,8080.a,null,0
8080,8080.b,null,0
8085,8085.a,null,0
8086,8086.a,null,0
8088,8088.a,null,0
8088,8088.b,null,0
8091,8091.a,null,0
8091,8091.b,null,0
8097,8097.a,null,0
8100,8100.a,null,0
8104,8104.a,null,0
8112,8112.a,null,0
8120,8120.a,null,0
8128,8128.a,null,0
8128,8128.b,null,0
8132,8132.a,null,0
8133,8133.a,null,0
8136,8136.a,null,0
8157,8157.a,null,0
8162,8162.a,null,0
8172,8172.a,null,0
8177,8177.a,null,0
8177,8177.b,null,0
8179,8179.a,null,0
8181,8181.a,null,0
8183,8183.a,null,0
8184,8184.a,null,0
8190,8190.a,null,0
8192,8192.a,null,0
8192,8192.b,null,0
8192,8192.c,null,0
8192,8192.d,null,0
8196,8196.a,null,0
8200,8200.a,null,0
8201,8201.a,null,0
8201,8201.b,null,0
8204,8204.a,null,0
8208,8208.a,null,0
8212,8212.a,null,0
8220,8220.a,null,0
8228,8228.a,null,0
8233,8233.a,null,0
8236,8236.a,null,0
8242,8242.a,null,0
8243,8243.a,null,0
8246,8246.a,null,0
8251,8251.a,null,0
8256,8256.a,null,0
8259,8259.a,null,0
8271,8271.a,null,0
8271,8271.b,null,0
8271,8271.c,null,0
8271,8271.d,null,0
8272,8272.a,null,0
8274,8274.a,null,0
8281,8281.a,null,0
8281,8281.b,null,0
8281,8281.c,null,0
8288,8288.a,null,0
8295,8295.a,null,0
8303,8303.a,null,0
8303,8303.b,null,0
8324,8324.a,null,0
8324,8324.b,null,0
8325,8325.a,null,0
8330,8330.a,null,0
8332,8332.a,null,0
8332,8332.b,null,0
8335,8335.a,null,0
8339,8339.a,null,0
8340,8340.a,null,0
8346,8346.a,null,0
8352,8352.a,null,0
8352,8352.b,null,0
8356,8356.a,null,0
8356,8356.b,null,0
8357,8357.a,null,0
8357,8357.b,null,0
8361,8361.a,null,0
8366,8366.a,null,0
8367,8367.a,null,0
8368,8368.a,null,0
8370,8370.a,null,0
8370,8370.b,null,0
8372,8372.a,null,0
8375,8375.a,null,0
8379,8379.a,null,0
8396,8396.a,null,0
8396,8396.b,null,0
8400,8400.a,null,0
8400,8400.b,null,0
8424,8424.a,null,0
8436,8436.a,null,0
8441,8441.a,null,0
8447,8447.a,null,0
8448,8448.a,null,0
8450,8450.a,null,0
8450,8450.b,null,0
8450,8450.c,null,0
8451,8451.a,null,0
8451,8451.b,null,0
8452,8452.a,null,0
8452,8452.b,null,0
8452,8452.c,null,0
8454,8454.a,null,0
8462,8462.a,null,0
8462,8462.b,null,0
8468,8468.a,null,0
8470,8470.a,null,0
8474,8474.a,null,0
8475,8475.a,null,0
8480,8480.a,null,0
8485,8485.a,null,0
8489,8489.a,null,0
8490,8490.a,null,0
8490,8490.b,null,0
8492,8492.a,null,0
8510,8510.a,null,0
8511,8511.a,null,0
8511,8511.b,null,0
8512,8512.a,null,0
8518,8518.a,null,0
8522,8522.a,null,0
8523,8523.a,null,0
8528,8528.a,null,0
8532,8532.a,null,0
8532,8532.b,null,0
8536,8536.a,null,0
8539,8539.a,null,0
8549,8549.a,null,0
8549,8549.b,null,0
8550,8550.a,null,0
8550,8550.b,null,0
8550,8550.c,null,0
8551,8551.a,null,0
8554,8554.a,null,0
8556,8556.a,null,0
8556,8556.b,null,0
8560,8560.a,null,0
8565,8565.a,null,0
8568,8568.a,null,0
8574,8574.a,null,0
8575,8575.a,null,0
8575,8575.b,null,0
8576,8576.a,null,0
8577,8577.a,null,0
8579,8579.a,null,0
8580,8580.a,null,0
8586,8586.a,null,0
8588,8588.a,null,0
8596,8596.a,null,0
8597,8597.a,null,0
8601,8601.a,null,0
8604,8604.a,null,0
8604,8604.b,null,0
8610,8610.a,null,0
8612,8612.a,null,0
8622,8622.a,null,0
8624,8624.a,null,0
8640,8640.a,null,0
8640,8640.b,null,0
8640,8640.c,null,0
8642,8642.a,null,0
8646,8646.a,null,0
8648,8648.a,null,0
8649,8649.a,null,0
8649,8649.b,null,0
8649,8649.c,null,0
8650,8650.a,null,0
8655,8655.a,null,0
8657,8657.a,null,0
8660,8660.a,null,0
8660,8660.b,null,0
8664,8664.a,null,0
8664,8664.b,null,0
8664,8664.c,null,0
8666,8666.a,null,0
8670,8670.a,null,0
8670,8670.b,null,0
8673,8673.a,null,0
8697,8697.a,null,0
8704,8704.a,null,0
8704,8704.b,null,0
8704,8704.c,null,0
8711,8711.a,null,0
8714,8714.a,null,0
8715,8715.a,null,0
8719,8719.a,null,0
8720,8720.a,null,0
8726,8726.a,null,0
8726,8726.b,null,0
8727,8727.a,null,0
8728,8728.a,null,0
8730,8730.a,null,0
8739,8739.a,null,0
8742,8742.a,null,0
8742,8742.b,null,0
8747,8747.a,null,0
8752,8752.a,null,0
8753,8753.a,null,0
8757,8757.a,null,0
8764,8764.a,null,0
8764,8764.b,null,0
8768,8768.a,null,0
8768,8768.b,null,0
8780,8780.a,null,0
8780,8780.b,null,0
8784,8784.a,null,0
8784,8784.b,null,0
8788,8788.a,null,0
8788,8788.b,null,0
8794,8794.a,null,0
8796,8796.a,null,0
8800,8800.a,null,0
8800,8800.b,null,0
8800,8800.c,null,0
8803,8803.a,null,0
8813,8813.a,null,0
8813,8813.b,null,0
8817,8817.a,null,0
8818,8818.a,null,0
8825,8825.a,null,0
8831,8831.a,null,0
8831,8831.b,null,0
8832,8832.a,null,0
8832,8832.b,null,0
8835,8835.a,null,0
8838,8838.a,null,0
8838,8838.b,null,0
8842,8842.a,null,0
8847,8847.a,null,0
8850,8850.a,null,0
8860,8860.a,null,0
8864,8864.a,null,0
8864,8864.b,null,0
8865,8865.a,null,0
8880,8880.a,null,0
8883,8883.a,null,0
8886,8886.a,null,0
8891,8891.a,null,0
8894,8894.a,null,0
8896,8896.a,null,0
8900,8900.a,null,0
8910,8910.a,null,0
8920,8920.a,null,0
8928,8928.a,null,0
8928,8928.b,null,0
8928,8928.c,null,0
8936,8936.a,null,0
8948,8948.a,null,0
8954,8954.a,null,0
8956,8956.a,null,0
8957,8957.a,null,0
8958,8958.a,null,0
8958,8958.b,null,0
8960,8960.a,null,0
8960,8960.b,null,0
8960,8960.c,null,0
8960,8960.d,null,0
8960,8960.e,null,0
8961,8961.a,null,0
8965,8965.a,null,0
8966,8966.a,null,0
8968,8968.a,null,0
8969,8969.a,null,0
8976,8976.a,null,0
8976,8976.b,null,0
8976,8976.c,null,0
8976,8976.d,null,0
8982,8982.a,null,0
8990,8990.a,null,0
8991,8991.a,null,0
8995,8995.a,null,0
8995,8995.b,null,0
9013,9013.a,null,1
9024,9024.a,null,1
9024,9024.b,null,1
9028,9028.a,null,1
9028,9028.b,null,1
9032,9032.a,null,1
9035,9035.a,null,1
9040,9040.a,null,1
9051,9051.a,null,1
9052,9052.a,null,1
9052,9052.b,null,1
9055,9055.a,null,1
9055,9055.b,null,1
9056,9056.a,null,1
9056,9056.b,null,1
9056,9056.c,null,1
9056,9056.d,null,1
9065,9065.a,null,1
9072,9072.a,null,1
9072,9072.b,null,1
9088,9088.a,null,1
9088,9088.b,null,1
9088,9088.c,null,1
9088,9088.d,null,1
9091,9091.a,null,1
9093,9093.a,null,1
9093,9093.b,null,1
9101,9101.a,null,1
9106,9106.a,null,1
9119,9119.a,null,1
9125,9125.a,null,1
9126,9126.a,null,1
9130,9130.a,null,1
9131,9131.a,null,1
9132,9132.a,null,1
9136,9136.a,null,1
9138,9138.a,null,1
9148,9148.a,null,1
9152,9152.a,null,1
9152,9152.b,null,1
9152,9152.c,null,1
9160,9160.a,null,1
9161,9161.a,null,1
9163,9163.a,null,1
9168,9168.a,null,1
9168,9168.b,null,1
9177,9177.a,null,1
9186,9186.a,null,1
9188,9188.a,null,1
9200,9200.a,null,1
9200,9200.b,null,1
9204,9204.a,null,1
9205,9205.a,null,1
9210,9210.a,null,1
9212,9212.a,null,1
9212,9212.b,null,1
9212,9212.c,null,1
9215,9215.a,null,1
9216,9216.a,null,1
9216,9216.b,null,1
9227,9227.a,null,1
9245,9245.a,null,1
9248,9248.a,null,1
9248,9248.b,null,1
9248,9248.c,null,1
9251,9251.a,null,1
9252,9252.a,null,1
9259,9259.a,null,1
9274,9274.a,null,1
9277,9277.a,null,1
9278,9278.a,null,1
9296,9296.a,null,1
9296,9296.b,null,1
9297,9297.a,null,1
9300,9300.a,null,1
9309,9309.a,null,1
9312,9312.a,null,1
9314,9314.a,null,1
9318,9318.a,null,1
9331,9331.a,null,1
9331,9331.b,null,1
9336,9336.a,null,1
9341,9341.a,null,1
9344,9344.a,null,1
9345,9345.a,null,1
9354,9354.a,null,1
9356,9356.a,null,1
9365,9365.a,null,1
9376,9376.a,null,1
9380,9380.a,null,1
9383,9383.a,null,1
9398,9398.a,null,1
9400,9400.a,null,1
9402,9402.a,null,1
9403,9403.a,null,1
9405,9405.a,null,1
9408,9408.a,null,1
9408,9408.b,null,1
9408,9408.c,null,1
9409,9409.a,null,1
9414,9414.a,null,1
9426,9426.a,null,1
9428,9428.a,null,1
9428,9428.b,null,1
9442,9442.a,null,1
9446,9446.a,null,1
9451,9451.a,null,1
9454,9454.a,null,1
9459,9459.a,null,1
9459,9459.b,null,1
9467,9467.a,null,1
9468,9468.a,null,1
9468,9468.b,null,1
9470,9470.a,null,1
9472,9472.a,null,1
9472,9472.b,null,1
9472,9472.c,null,1
9472,9472.d,null,1
9477,9477.a,null,1
9477,9477.b,null,1
9477,9477.c,null,1
9483,9483.a,null,1
9489,9489.a,null,1
9492,9492.a,null,1
9496,9496.a,null,1
9502,9502.a,null,1
9504,9504.a,null,1
9504,9504.b,null,1
9504,9504.c,null,1
9504,9504.d,null,1
9504,9504.e,null,1
9504,9504.f,null,1
9505,9505.a,null,1
9518,9518.a,null,1
9522,9522.a,null,1
9522,9522.b,null,1
9523,9523.a,null,1
9526,9526.a,null,1
9531,9531.a,null,1
9532,9532.a,null,1
9540,9540.a,null,1
9549,9549.a,null,1
9552,9552.a,null,1
9559,9559.a,null,1
9561,9561.a,null,1
9565,9565.a,null,1
9572,9572.a,null,1
9574,9574.a,null,1
9576,9576.a,null,1
9579,9579.a,null,1
9583,9583.a,null,1
9583,9583.b,null,1
9585,9585.a,null,1
9585,9585.b,null,1
9589,9589.a,null,1
9589,9589.b,null,1
9589,9589.c,null,1
9589,9589.d,null,1
9596,9596.a,null,1
9597,9597.a,null,1
9598,9598.a,null,1
9600,9600.a,null,1
9601,9601.a,null,1
9603,9603.a,null,1
9610,9610.a,null,1
9616,9616.a,null,1
9618,9618.a,null,1
9618,9618.b,null,1
9620,9620.a,null,1
9633,9633.a,null,1
9634,9634.a,null,1
9637,9637.a,null,1
9639,9639.a,null,1
9651,9651.a,null,1
9656,9656.a,null,1
9660,9660.a,null,1
9664,9664.a,null,1
9664,9664.b,null,1
9667,9667.a,null,1
9667,9667.b,null,1
9672,9672.a,null,1
9674,9674.a,null,1
9675,9675.a,null,1
9675,9675.b,null,1
9686,9686.a,null,1
9696,9696.a,null,1
9698,9698.a,null,1
9700,9700.a,null,1
9702,9702.a,null,1
9702,9702.b,null,1
9709,9709.a,null,1
9709,9709.b,null,1
9709,9709.c,null,1
9713,9713.a,null,1
9713,9713.b,null,1
9722,9722.a,null,1
9722,9722.b,null,1
9728,9728.a,null,1
9736,9736.a,null,1
9744,9744.a,null,1
9747,9747.a,null,1
9748,9748.a,null,1
9760,9760.a,null,1
9760,9760.b,null,1
9771,9771.a,null,1
9774,9774.a,null,1
9774,9774.b,null,1
9774,9774.c,null,1
9783,9783.a,null,1
9785,9785.a,null,1
9790,9790.a,null,1
9792,9792.a,null,1
9792,9792.b,null,1
9792,9792.c,null,1
9794,9794.a,null,1
9800,9800.a,null,1
9803,9803.a,null,1
9810,9810.a,null,1
9815,9815.a,null,1
9817,9817.a,null,1
9825,9825.a,null,1
9825,9825.b,null,1
9828,9828.a,null,1
9830,9830.a,null,1
9840,9840.a,null,1
9840,9840.b,null,1
9843,9843.a,null,1
9843,9843.b,null,1
9846,9846.a,null,1
9848,9848.a,null,1
9849,9849.a,null,1
9860,9860.a,null,1
9864,9864.a,null,1
9868,9868.a,null,1
9875,9875.a,null,1
9882,9882.a,null,1
9882,9882.b,null,1
9896,9896.a,null,1
9898,9898.a,null,1
9899,9899.a,null,1
9900,9900.a,null,1
9900,9900.b,null,1
9904,9904.a,null,1
9904,9904.b,null,1
9911,9911.a,null,1
9911,9911.b,null,1
9931,9931.a,null,1
9935,9935.a,null,1
9936,9936.a,null,1
9936,9936.b,null,1
9941,9941.a,null,1
9951,9951.a,null,1
9957,9957.a,null,1
9959,9959.a,null,1
9960,9960.a,null,1
9963,9963.a,null,1
9967,9967.a,null,1
9970,9970.a,null,1
9971,9971.a,null,1
9975,9975.a,null,1
9977,9977.a,null,1
9979,9979.a,null,1
9984,9984.a,null,1
9984,9984.b,null,1
9984,9984.c,null,1
9994,9994.a,null,1
9996,9996.a,null,1
10000,10000.a,null,1
10000,10000.b,null,1
